Blue,EVI,Green,NDVI,NDVI_diff,NDWI,NIR,Red,SAVI,class,elevation,entropy,random,slope
0.10830000042915344,0.04633466903787105,0.1348000019788742,0.0712108314037323,-0.0008159852004610002,-0.17829927802085876,0.19329999387264252,0.16760000586509705,0.04477869906268078,0,2550,4.8691662864666485,0.4044667674049566,5.547544956207275
0.3666999936103821,0.29201503744085305,0.3346000015735626,0.07388106733560562,0.0,-0.022923072800040245,0.35030001401901245,0.3021000027656555,0.06273864615323504,0,3922,4.896481215486142,0.07898671161862392,16.989761352539062
0.04659999907016754,0.17551095047890516,0.049300000071525574,0.4241417348384857,0.05934027209877968,-0.44575604796409607,0.12860000133514404,0.052000001072883606,0.16882162795601457,0,4264,4.863677333217137,0.22923474213428374,30.95819091796875
0.03830000013113022,0.3435971219363057,0.05270000174641609,0.6270061135292053,-0.022036047652363777,-0.6142020225524902,0.22050000727176666,0.05054999887943268,0.33062059601165655,0,3320,4.838718950439483,0.370258524501508,27.698007583618164
0.07930000126361847,0.2303049946169889,0.10589999705553055,0.3338061273097992,0.018187787383794785,-0.45412370562553406,0.28209999203681946,0.14090000092983246,0.22946910972309492,0,2685,4.895277834964338,0.12483498248733915,9.374465942382812
0.041600000113248825,0.36348314626416023,0.06199999898672104,0.6000000238418579,0.0862278938293457,-0.6134663224220276,0.2587999999523163,0.06469999998807907,0.3535519125287543,0,3827,4.898286286268851,0.04285708488149664,0.9274099469184875
0.04149999842047691,0.19775400710740304,0.05180000141263008,0.43724513053894043,0.09136956185102463,-0.5076045393943787,0.15860000252723694,0.06210000067949295,0.20084640228604944,0,3913,4.855265432614306,0.013315556483395108,19.899383544921875
0.04984999820590019,0.14398996230998504,0.05860000103712082,0.33039867877960205,0.0,-0.3977389633655548,0.13600000739097595,0.06844999641180038,0.143835639040086,0,4026,4.8555662777447575,0.21823553851576294,9.060249328613281
0.027000000700354576,0.15708880260199287,0.03500000014901161,0.4830852746963501,0.0,-0.5159059166908264,0.1096000000834465,0.03819999843835831,0.16532880937329505,0,3911,4.811619362599243,0.4469834002273563,19.919511795043945
0.035100001841783524,0.24384422222531277,0.050700001418590546,0.5190516710281372,0.01748053915798664,-0.5593219995498657,0.1793999969959259,0.0568000003695488,0.2497962450389299,0,3924,4.808923519474991,0.41702847532167964,10.268074989318848
0.03370000049471855,0.3154022480381175,0.04755000025033951,0.6179597973823547,-0.014941311441361904,-0.6240363717079163,0.2054000049829483,0.048500001430511475,0.3121766856698801,0,3381,4.792450778201552,0.3702842777097971,14.629229545593262
0.0934000015258789,0.23083861998016475,0.11699999868869781,0.3245106041431427,-0.013158793561160564,-0.3449048101902008,0.2401999980211258,0.12250000238418579,0.20464818983709715,0,2715,4.882943184615832,0.4283059360086614,4.141657829284668
0.04190000146627426,0.32727123772722494,0.056049998849630356,0.5936810970306396,0.022149313241243362,-0.5893020629882812,0.21689999103546143,0.05530000105500221,0.31390829766065514,0,3464,4.871811914789132,0.6510888874309957,30.335186004638672
0.11755000054836273,0.17283284167961865,0.1253499984741211,0.22611784934997559,0.0,-0.2654556334018707,0.21595001220703125,0.1362999975681305,0.14018776249691178,0,3796,4.897985441138401,0.5047731788296766,4.983010768890381
0.06930000334978104,0.37319533762401513,0.10324999690055847,0.49943041801452637,-0.05008797347545624,-0.5223224759101868,0.3290500044822693,0.10984999686479568,0.35019705075564195,0,2858,4.88926093235531,0.15693434920718585,17.282075881958008
0.04830000177025795,0.2696642385530686,0.06419999897480011,0.48886531591415405,0.10337711870670319,-0.5327510833740234,0.21060000360012054,0.0723000019788742,0.2649763711247512,0,3643,4.8326785217308394,0.18513348644172078,24.22385597229004
0.04879999905824661,0.17709653344577547,0.06084999814629555,0.3979867398738861,0.0,-0.40108269453048706,0.1423500031232834,0.06130000203847885,0.17277766039276574,0,3450,4.893472764181629,0.0264565771137808,4.62962007522583
0.32659998536109924,0.2750748420761535,0.3089500069618225,0.11178708076477051,0.0,-0.0838460922241211,0.36550000309944153,0.2919999957084656,0.09524838980562321,0,3644,4.900993892442913,0.4973621730785235,2.93399715423584
0.1776999980211258,0.2634066630456608,0.19865000247955322,0.23801203072071075,0.010018368251621723,-0.23227053880691528,0.31885001063346863,0.19625000655651093,0.1811644202553678,0,2693,4.877227127137257,0.23246512754929693,5.235310077667236
0.1193000003695488,0.26781457398242564,0.13484999537467957,0.3166431784629822,-0.030324388295412064,-0.34996387362480164,0.28005000948905945,0.14534999430179596,0.21833803971602256,0,2806,4.898286286268851,0.5207411079489432,14.107523918151855
0.03840000182390213,0.23664298136200057,0.05299999937415123,0.4822973906993866,-0.020145481452345848,-0.560894787311554,0.188400000333786,0.0658000037074089,0.24383451863455693,0,3854,4.863989941397397,0.6452286284028435,15.56851863861084
0.04170000180602074,0.14422100728976575,0.054999999701976776,0.3446601927280426,0.057600829750299454,-0.4315245747566223,0.13850000500679016,0.06750000268220901,0.15084986165295644,0,3876,4.841426556613544,0.5225670855972526,37.83338165283203
0.06255000084638596,0.2535675365997764,0.08579999953508377,0.41252636909484863,0.010722454637289047,-0.4643358886241913,0.23454999923706055,0.09754999727010727,0.2469655135356796,0,2966,4.896180370355692,0.4558192859808613,16.576555252075195
0.04309999942779541,0.24930218148026545,0.05939999967813492,0.476956844329834,0.22207969427108765,-0.545350193977356,0.20190000534057617,0.07150000333786011,0.25290923300907353,0,4085,4.89136684826847,0.31276111079847946,21.412395477294922
0.06435000151395798,0.25166281048108063,0.08115000277757645,0.42028021812438965,0.0,-0.4480530619621277,0.21290001273155212,0.08689999580383301,0.23630910649486053,0,3614,4.851416423770019,0.5937848450031847,13.659598350524902
0.05054999887943268,0.3488526836710689,0.07405000180006027,0.5570734739303589,0.0,-0.5518910884857178,0.25644999742507935,0.07294999808073044,0.33186641006510026,0,3500,4.854964587483856,0.18629743230675888,18.164127349853516
0.043699998408555984,0.2293595844672697,0.061400000005960464,0.4560994505882263,0.0024215332232415676,-0.5064308643341064,0.1873999983072281,0.07000000029802322,0.23250593786386936,0,3713,4.856468813136112,0.48957243625256675,16.998348236083984
0.06984999775886536,0.4881000761516014,0.10244999825954437,0.5933841466903687,-0.02900511585175991,-0.5671279430389404,0.3709000051021576,0.09465000033378601,0.4291595513641658,0,3026,4.900993892442913,0.5288664674154478,19.57089614868164
0.04729999974370003,0.2037723968373617,0.05894999951124191,0.42470458149909973,-0.0556965209543705,-0.4754171073436737,0.16579999029636383,0.0669500008225441,0.20235412624749946,0,3916,4.86037979983198,0.22853538740033574,19.716533660888672
0.06780000030994415,0.33381995302292766,0.0982000008225441,0.475044310092926,-0.004296597559005022,-0.4955047369003296,0.29109999537467957,0.10360000282526016,0.31435116730745516,0,2674,4.881438958963575,0.6421171785230003,13.263638496398926
0.07029999792575836,0.1163529236027505,0.07819999754428864,0.23695151507854462,-0.09691646695137024,-0.262611985206604,0.1339000016450882,0.08259999752044678,0.10739707784589145,0,4287,4.879633888180868,0.5983698901302102,25.210737228393555
0.05209999904036522,0.198301430208562,0.06785000115633011,0.39482200145721436,0.0,-0.4351716935634613,0.17239999771118164,0.07479999959468842,0.19593147444138742,0,3953,4.845638388439864,0.3441558593242968,36.99004364013672
0.04464999958872795,0.26747760943348375,0.062150001525878906,0.501745343208313,0.0338083878159523,-0.5335834622383118,0.20434999465942383,0.06780000030994415,0.2652658069787919,0,3736,4.837503806867869,0.49349535045180803,11.93274211883545
0.06684999912977219,0.17319293878827968,0.08169999718666077,0.310332715511322,-0.15748141705989838,-0.3898431956768036,0.18610000610351562,0.09794999659061432,0.16864359902430226,0,2601,4.895879525225241,0.06278612449040599,6.53771448135376
0.04439999908208847,0.2140454578433333,0.05950000137090683,0.43286535143852234,-0.0021584141068160534,-0.5055059194564819,0.18115000426769257,0.07169999927282333,0.21807133787636157,0,3590,4.8534603618315995,0.6737947842199005,8.299027442932129
0.11315000057220459,0.21661530018752784,0.11744999885559082,0.2817729711532593,0.0,-0.2881818413734436,0.21255001425743103,0.11910000443458557,0.16855048588194518,0,3729,4.87361698557184,0.08206841567677248,12.902530670166016
0.0710500031709671,0.30980682664733405,0.09804999828338623,0.4435822069644928,-0.07504551112651825,-0.48631301522254944,0.28369998931884766,0.10935000330209732,0.2928447244678829,0,2798,4.886553326181248,0.04372030244673131,2.7837672233581543
0.15680000185966492,0.1682647723936949,0.18940000236034393,0.18133574724197388,-0.02625165320932865,-0.2179209291934967,0.294950008392334,0.20440000295639038,0.1359133502891602,0,2696,4.880235578441771,0.10087936507823947,13.263636589050293
0.04780000075697899,0.3034174986710377,0.06870000064373016,0.5218104124069214,-0.019953269511461258,-0.543066143989563,0.23199999332427979,0.07289999723434448,0.2964964553786028,0,3503,4.88053642357222,0.6599774814528332,11.030242919921875
0.07524999976158142,0.16710144583758496,0.08015000075101852,0.3004610538482666,0.0,-0.33855992555618286,0.16220000386238098,0.0872499942779541,0.1500100268938671,0,4142,4.89136684826847,0.3914773379320444,17.090728759765625
0.0393499992787838,0.26938318051310484,0.0551999993622303,0.5285244584083557,-0.01105547696352005,-0.5632911324501038,0.19760000705718994,0.06094999983906746,0.2702195095427861,0,3700,4.885650790789894,0.3836300650668484,2.6230969429016113
0.1116499975323677,0.28901297965180506,0.13670000433921814,0.3470454812049866,0.0,-0.36866411566734314,0.29635000228881836,0.14364999532699585,0.24367022449328601,0,3934,4.882642339485381,0.5652816564450708,35.856910705566406
0.12444999814033508,0.12441262475914759,0.14505000412464142,0.16254369914531708,-0.01604609750211239,-0.21477870643138885,0.22439999878406525,0.16165000200271606,0.10622989118948602,0,2744,4.876625436876354,0.6404465623004204,1.8543341159820557
0.07760000228881836,0.07318434802666086,0.07320000231266022,0.1690322309732437,0.19023525714874268,-0.1062270849943161,0.09059999883174896,0.06440000236034393,0.05999999181004882,0,4236,4.903099808356073,0.5421584540914495,9.384329795837402
0.5453500151634216,0.0509254458481325,0.5263500213623047,0.011557992547750473,0.0,-0.011177858337759972,0.5382499694824219,0.5259499549865723,0.011795181328906997,0,3977,4.851053600787988,0.01196397865551857,12.034568786621094
0.48295000195503235,0.13211005214911922,0.475849986076355,0.04042988643050194,0.0,-0.04231446981430054,0.5178999900817871,0.4776500165462494,0.040369736909989296,0,3719,4.888358396963956,0.2952789859501408,32.273685455322266
0.09070000052452087,0.24984732550027836,0.10164999961853027,0.3602767884731293,0.0,-0.36049073934555054,0.2162500023841858,0.10170000046491623,0.21006785534616979,0,3799,4.900693047312462,0.014110721370496182,3.7096922397613525
0.04104999825358391,0.16408892687690324,0.05375000089406967,0.381030797958374,0.05462196469306946,-0.4637066423892975,0.14669999480247498,0.06575000286102295,0.1704329964353921,0,3977,4.81102943538815,0.21502980446986852,3.8225901126861572
0.05795000120997429,0.4460768923472457,0.08669999986886978,0.6052696704864502,-0.0051263682544231415,-0.57666015625,0.3228999972343445,0.07940000295639038,0.4047988377920003,0,3146,4.898286286268851,0.4329550749782023,1.856793999671936
0.08205000311136246,0.35723485983656966,0.09925000369548798,0.4752240478992462,0.0,-0.47639143466949463,0.2798500061035156,0.09955000132322311,0.3075392368506086,0,3903,4.893472764181629,0.06823830417105492,8.488890647888184
0.04560000076889992,0.27383720800028727,0.06480000168085098,0.5019538402557373,-0.014299659989774227,-0.5307747721672058,0.21140000224113464,0.07010000199079514,0.2712092120636864,0,3639,4.8122210528601475,0.0014461760452578742,30.956336975097656
0.24504999816417694,0.12866546916064994,0.23270000517368317,0.08246694505214691,0.0,-0.07068687677383423,0.26809999346733093,0.22724999487400055,0.06156125845955482,0,3879,4.79568633373513,0.5106315886916603,23.875123977661133
0.06154999881982803,0.4376710995236693,0.09714999794960022,0.5768789052963257,-0.009471150115132332,-0.5586097240447998,0.3430500030517578,0.09205000102519989,0.4026307361761613,0,2642,4.900693047312462,0.41845701854486705,1.8543341159820557
0.03689999878406525,0.18770610324748105,0.04935000091791153,0.45608627796173096,0.0,-0.48351648449897766,0.1417500078678131,0.05295000225305557,0.19173744995190262,0,3629,4.8606806449624305,0.03440060598946704,4.631372451782227
0.07365000247955322,0.3553358424018247,0.09969999641180038,0.4934051036834717,-0.03142712265253067,-0.4712277948856354,0.2773999869823456,0.0940999984741211,0.3154905190484035,0,2779,4.900993892442913,0.6689046187312903,11.18688678741455
0.11585000157356262,0.16465244425646178,0.1216999962925911,0.22071930766105652,0.0,-0.23996879160404205,0.1985500007867813,0.12675000727176666,0.13049798766617918,0,4101,4.837214724787225,0.16454066419728053,20.91754913330078
0.0442500002682209,0.20108381641436257,0.06064999848604202,0.41980934143066406,-0.021639710292220116,-0.47704246640205383,0.1712999939918518,0.07000000029802322,0.20497773062348756,0,2780,4.864892476788752,0.10068039790263095,16.564767837524414
0.4963499903678894,0.20159817677064204,0.4620499908924103,0.04052764177322388,0.0,-0.028439277783036232,0.48910000920295715,0.4509999752044678,0.039684779957309894,0,3965,4.873316140441389,0.6525052829619108,17.092111587524414
0.06809999793767929,0.3763734518539935,0.10189999639987946,0.5106917023658752,-0.04549070820212364,-0.5124985575675964,0.3161500096321106,0.10239999741315842,0.3490555940005854,0,2701,4.888358396963957,0.1711246821540584,9.89162826538086
0.2811500132083893,0.07436353472945277,0.27674999833106995,0.04397309571504593,0.0,-0.04478387162089348,0.302700012922287,0.27720001339912415,0.03541994476566472,0,3898,4.8979854411384,0.6472342627439418,13.263626098632812
0.025699999183416367,0.08137848011597247,0.02824999950826168,0.3791549503803253,0.16413789987564087,-0.3683622181415558,0.06120000034570694,0.027549998834729195,0.08573248804540105,0,3716,4.882642339485381,0.6665451573824053,4.9829301834106445
0.02410000003874302,-0.013493292968941148,0.020800000056624413,-0.17032040655612946,0.0,0.2567976117134094,0.012299999594688416,0.017349999397993088,-0.014301896949614978,0,3966,3.5477700335105515,0.4270838009669312,15.430713653564453
0.03009999915957451,0.10200851235742542,0.036649998277425766,0.3556782603263855,0.0,-0.4021207392215729,0.08595000207424164,0.04084999859333038,0.10792917222290424,0,3931,4.844735853048508,0.6606381811803294,3.9312427043914795
0.04089999943971634,0.3428376721199744,0.06305000185966492,0.5976250767707825,-0.0016992167802527547,-0.5775544047355652,0.23544999957084656,0.059300001710653305,0.3324630341166889,0,3627,4.860078954701528,0.038133824149521045,12.264608383178711
0.04729999974370003,0.2563694908719838,0.06769999861717224,0.4827844202518463,0.06280802935361862,-0.49059444665908813,0.1981000006198883,0.06909999996423721,0.25221585093346055,0,3957,4.8561679680056615,0.497075674663661,32.69245529174805
0.04390000179409981,0.38610117222708473,0.06210000067949295,0.6305117607116699,0.47388720512390137,-0.6062143445014954,0.2533000111579895,0.05739999935030937,0.3624645539689581,0,3657,4.885349945659444,0.4981479954339114,29.171958923339844
0.03959999978542328,0.2566578167468036,0.05480000004172325,0.5199673771858215,0.0,-0.5457935929298401,0.18649999797344208,0.05889999866485596,0.25677488573394125,0,4171,4.89587952522524,0.630410963583136,14.564972877502441
0.04565000161528587,0.39559456682337124,0.06750000268220901,0.626695454120636,-0.05267464742064476,-0.5925757884979248,0.26385000348091125,0.06055000051856041,0.3699053893305436,0,2914,4.865783249130296,0.46219369076131867,26.839611053466797
0.06364999711513519,0.3107262343017747,0.09179999679327011,0.4681699573993683,-0.039611633867025375,-0.48822301626205444,0.26695001125335693,0.09669999778270721,0.2956927198912478,0,2577,4.905506569399684,0.07324816879246154,5.846307754516602
0.041349999606609344,0.4200714201934487,0.0681999996304512,0.6504994630813599,0.0,-0.6138165593147278,0.2849999964237213,0.060350000858306885,0.3986218660100132,0,3872,4.901294737573366,0.0784978032615693,14.566200256347656
0.04670000076293945,0.645251407824148,0.07665000110864639,0.7581538558006287,-0.04513157531619072,-0.6965557932853699,0.42855000495910645,0.05894999951124191,0.561417727252723,0,2772,4.908214175573746,0.580508440952913,23.023681640625
0.1269499957561493,0.06408718087862361,0.1251000016927719,0.0885656327009201,0.0,-0.08318064361810684,0.1477999985218048,0.1237500011920929,0.04675652389079777,0,4007,4.893472764181629,0.03458827643049911,12.292962074279785
0.20350000262260437,0.12611022202663713,0.20800000429153442,0.10748641192913055,-0.09763498604297638,-0.12013537436723709,0.2648000121116638,0.2134000062942505,0.07881824501676357,0,4009,4.851956136179341,0.3746466549284002,33.76776885986328
0.12370000034570694,0.258071915936147,0.13154999911785126,0.3032519817352295,0.0,-0.29274192452430725,0.24044999480247498,0.12855000793933868,0.19315302619691005,0,4088,4.902798963225622,0.27278443289330534,18.272342681884766
0.1388999968767166,0.17675609543341853,0.13619999587535858,0.20293258130550385,0.0,-0.20187519490718842,0.20509999990463257,0.13589999079704285,0.12342451225805678,0,3688,4.8979854411384,0.5273813692849935,8.300190925598145
0.04619999974966049,0.3108031299285883,0.060750000178813934,0.5570079684257507,0.013812704011797905,-0.5584226846694946,0.21439999341964722,0.061000000685453415,0.2967500526832633,0,3382,4.870307689136876,0.1999130921754796,32.72503662109375
0.5651000142097473,0.20976660025249322,0.5175999999046326,0.018289053812623024,0.0,0.007935330271720886,0.5094500184059143,0.49114999175071716,0.01829270944755658,0,3950,4.882642339485381,0.24408885289843074,30.721954345703125
0.4393500089645386,0.3360485226921094,0.4336000084877014,0.11021476238965988,0.0,-0.09990139305591583,0.5298500061035156,0.42465001344680786,0.10849088130906141,0,3882,4.882943184615832,0.2708881562874784,31.484878540039062
0.09870000183582306,0.10321592651382701,0.10050000250339508,0.1690140664577484,-0.043615810573101044,-0.195678249001503,0.149399995803833,0.10620000213384628,0.08575964886427209,0,4212,4.880536423572221,0.3951435815643215,14.196944236755371
0.061400000005960464,0.17278022826873496,0.07034999877214432,0.34560590982437134,0.0,-0.3714540898799896,0.15349999070167542,0.07465000450611115,0.16243216380107944,0,3897,4.8125336610404075,0.23635923524584246,16.33995246887207
0.12184999883174896,0.16976370185888778,0.12960000336170197,0.21735434234142303,0.0,-0.24705882370471954,0.2146500051021576,0.1379999965429306,0.13484432371665944,0,3983,4.905807414530135,0.6136227839262912,9.464682579040527
0.04470000043511391,0.15752385779489772,0.05849999934434891,0.3598502278327942,0.08551396429538727,-0.42590776085853577,0.1453000009059906,0.06840000301599503,0.16162252515218178,0,4138,4.825481764699622,0.15445524798802557,16.08442497253418
0.4388999938964844,0.13134535582374784,0.4187999963760376,0.03806795924901962,0.0,-0.02898215316236019,0.4438000023365021,0.4112499952316284,0.036031888671957,0,4036,4.805625986089833,0.12535518538244184,28.121931076049805
0.19269999861717224,0.14096849590597527,0.19480000436306,0.12436491996049881,0.0,-0.13287335634231567,0.25450000166893005,0.19820000231266022,0.0886428032764411,0,3986,4.896180370355691,0.20677556274360442,29.30731964111328
0.07415000349283218,0.22327972428995038,0.09759999811649323,0.3497021794319153,-0.03620992973446846,-0.40821588039398193,0.23225000500679016,0.11190000176429749,0.21385417688291608,0,2659,4.867900928093264,0.6227584687190149,11.030248641967773
0.04399999976158142,0.18344743686690118,0.056449998170137405,0.40718698501586914,0.0,-0.4627646803855896,0.15369999408721924,0.06475000083446503,0.18571228453230834,0,3998,4.8660958573105555,0.271966838978693,21.5718994140625
0.04684999957680702,0.27667693988710906,0.06909999996423721,0.48513251543045044,0.09703457355499268,-0.5375606417655945,0.22975000739097595,0.07964999973773956,0.2781690258177252,0,3852,4.865494167049653,0.24747413001586827,26.102127075195312
0.3488999903202057,0.10160003294083611,0.3416999876499176,0.04635026305913925,-0.0773715078830719,-0.04911648482084274,0.37700000405311584,0.34360000491142273,0.041045386158108085,0,4134,4.910921781747808,0.31607062284359155,18.951005935668945
0.04924999922513962,0.18378332282126122,0.06350000202655792,0.37693557143211365,0.0,-0.4536459147930145,0.16894999146461487,0.07645000517368317,0.1861416421547495,0,4058,4.862485715745139,0.0632121813366241,24.525188446044922
0.04924999922513962,0.3803229651654185,0.07050000131130219,0.5833926200866699,0.0,-0.5958727598190308,0.2784000039100647,0.07324999570846558,0.3613280249400979,0,3285,4.893472764181629,0.624219581405591,34.02983093261719
0.051750000566244125,0.2915373127870027,0.06840000301599503,0.5093613266944885,0.19242332875728607,-0.5183946490287781,0.21565000712871552,0.07010000199079514,0.27785555860384836,0,3598,4.880536423572221,0.1729959496386455,19.92001724243164
0.37095001339912415,0.3459267985114911,0.3406499922275543,0.10277094691991806,0.0,-0.07135557383298874,0.3930000066757202,0.31975001096725464,0.09059986968810319,0,4046,4.905807414530135,0.020148590878710904,25.726234436035156
0.04800000041723251,0.19101485274968344,0.06345000118017197,0.39574646949768066,0.04981508105993271,-0.4501732885837555,0.16734999418258667,0.07244999706745148,0.19241686585069345,0,3568,4.792076192169714,0.4656580184538671,18.860092163085938
0.1728000044822693,0.1227644798143246,0.17239999771118164,0.12116353213787079,0.0,-0.13756880164146423,0.227400004863739,0.1782500147819519,0.08140560207962388,0,3799,4.892933051772306,0.07886442723744902,14.372833251953125
0.04625000059604645,0.23567512216532022,0.06270000338554382,0.46146339178085327,0.0,-0.49829962849617004,0.18724998831748962,0.0689999982714653,0.2345454389613698,0,3782,4.890163467746665,0.3943845689751665,9.202089309692383
0.0364999994635582,0.22312049819235652,0.05119999870657921,0.482433557510376,0.24376724660396576,-0.5432649254798889,0.17299999296665192,0.06040000170469284,0.23029722950656278,0,4148,4.839019795569933,0.20539701174451241,35.26621627807617
0.05079999938607216,0.22362024542651074,0.07000000029802322,0.424005925655365,0.03786733001470566,-0.46483179926872253,0.1915999948978424,0.07750000059604645,0.2225328207716182,0,3690,4.879333043050416,0.3833010523688162,7.209452152252197
0.5506500005722046,0.19698703314005916,0.536300003528595,0.0449574738740921,0.0,-0.039577364921569824,0.5805000066757202,0.5305500030517578,0.04650693956335829,0,3987,4.89347276418163,0.028309033476606182,29.513914108276367
0.04830000177025795,0.198823787625365,0.06199999898672104,0.4139634966850281,0.0,-0.4526594877243042,0.16455000638961792,0.0681999996304512,0.1972364502918772,0,4404,4.885349945659443,0.18715915525655547,24.889747619628906
0.049550000578165054,0.18900273216185876,0.061000000685453415,0.39690160751342773,0.01699649915099144,-0.448088675737381,0.16005000472068787,0.06909999996423721,0.18710142804377672,0,3566,4.844134162787606,0.47501581017638383,18.794946670532227
0.06210000067949295,0.3057770238593866,0.08945000171661377,0.46692609786987305,-0.03011029027402401,-0.49370312690734863,0.2639000117778778,0.09589999914169312,0.2930914349311983,0,2773,4.898587131399302,0.46081004183251906,16.09038734436035
0.07720000296831131,0.2541226503206955,0.09764999896287918,0.37598052620887756,-0.1294635832309723,-0.44517046213150024,0.2543500065803528,0.11535000056028366,0.23973784904935364,0,2732,4.898887976529754,0.48448707622818754,16.92052459716797
0.030750000849366188,0.10407280675040753,0.03595000132918358,0.37062934041023254,0.0,-0.3970649540424347,0.08329999446868896,0.03824999928474426,0.10872012461595137,0,3872,4.803520070176672,0.5166551159740943,36.262874603271484
0.0864500030875206,0.28112009910343766,0.1107499971985817,0.39302098751068115,-0.0718073919415474,-0.3868512213230133,0.25049999356269836,0.1091499999165535,0.24664106564008792,0,2694,4.890464312877116,0.36698342172936005,13.061873435974121
0.5573999881744385,0.021090890298693307,0.556850016117096,0.0046614701859653,0.0,0.01148904487490654,0.5442000031471252,0.5391499996185303,0.004784163501222792,0,3900,4.883544874876735,0.14349360321256788,26.71186065673828
0.040300000458955765,0.1770776899185738,0.052299998700618744,0.4157303273677826,0.36860349774360657,-0.4695740342140198,0.14489999413490295,0.05979999899864197,0.1811409024381827,0,4211,4.8609814900928825,0.6640431627564795,35.507869720458984
0.04390000179409981,0.42987775383868876,0.07304999977350235,0.6361938118934631,0.0,-0.6150705218315125,0.30650001764297485,0.06814999878406525,0.40876353006755783,0,3562,4.857371348527467,0.010963897548179835,15.003803253173828
0.04450000077486038,0.166588464864222,0.05494999885559082,0.3899151384830475,0.0,-0.43394285440444946,0.13920000195503235,0.06109999865293503,0.16728545602090802,0,4025,4.901294737573364,0.6394387392085716,2.933746099472046
0.046799998730421066,0.3559663555721387,0.0689999982714653,0.5842875242233276,-0.005774606950581074,-0.5661059617996216,0.24905000627040863,0.0653500035405159,0.3383472504608789,0,3660,4.893472764181631,0.000731933355682779,14.76346492767334
0.3262999951839447,0.29229924394510615,0.30744999647140503,0.11502925306558609,0.0,-0.0815533995628357,0.36204999685287476,0.28734999895095825,0.09748564230201912,0,3790,4.89587952522524,0.4798519396435753,6.72928524017334
0.2603999972343445,0.2174244611503838,0.2503499984741211,0.12803515791893005,0.0,-0.11396215856075287,0.3147500157356262,0.24329999089241028,0.10129486942340893,0,4313,4.890765158007568,0.04709182946978052,38.07085037231445
0.05754999816417694,0.40334736459888276,0.07954999804496765,0.5824720859527588,-0.029980942606925964,-0.5660711526870728,0.2870999872684479,0.07575000077486038,0.3674161026058554,0,2699,4.903701498616975,0.46818152843225136,14.566360473632812
0.03759999945759773,0.19626869966838115,0.05260000005364418,0.43791425228118896,-0.009360088966786861,-0.5113794803619385,0.16269999742507935,0.06360000371932983,0.20466747944981542,0,4070,4.771317878168568,0.19749354435309074,27.319658279418945
0.049800001084804535,0.44117646789313536,0.08694999665021896,0.6171049475669861,-0.08043377101421356,-0.5819209218025208,0.32899999618530273,0.0778999999165535,0.4153159069600672,0,2423,4.89136684826847,0.37974534613348665,11.030248641967773
0.0737999975681305,0.28800897260277175,0.09520000219345093,0.4224657714366913,-0.0034972347784787416,-0.46335965394973755,0.2596000134944916,0.10540000349283218,0.2673988560232348,0,3559,4.846841768961669,0.272740503740041,42.26279830932617
0.06689999997615814,0.4884779688483271,0.09444999694824219,0.6116346716880798,-0.030611712485551834,-0.5714123845100403,0.34630000591278076,0.08345000445842743,0.4240656066506666,0,2927,4.903701498616976,0.343705251156852,5.397392272949219
0.026200000196695328,0.26202424581906625,0.03759999945759773,0.6218361854553223,0.026044677942991257,-0.6258706450462341,0.16339999437332153,0.038100000470876694,0.2679258620599286,0,3780,4.845024935129152,0.32612978452019303,20.492074966430664
0.06360000371932983,0.33350622270342417,0.09440000355243683,0.48044830560684204,-0.02398092672228813,-0.5178753733634949,0.2971999943256378,0.10429999977350235,0.3209650512725158,0,2790,4.88474825539854,0.5553452781132804,1.8566590547561646
0.1729000061750412,0.168962354524919,0.17964999377727509,0.16410255432128906,0.0,-0.18470613658428192,0.2610499858856201,0.18744999170303345,0.11639430035048286,0,3871,4.901294737573364,0.46151304819599925,15.802528381347656
0.04500000178813934,0.30887919574199724,0.06610000133514404,0.5424792170524597,0.0,-0.549574077129364,0.227400004863739,0.06745000183582306,0.30184940871814187,0,3627,4.908515020704198,0.07778836351156182,4.633629322052002
0.05624999850988388,0.40270362873602056,0.09510000050067902,0.5680680871009827,-0.052509088069200516,-0.5342801213264465,0.3133000135421753,0.08630000054836273,0.37850157198469103,0,2626,4.896481215486143,0.3470973049207865,1.8543341159820557
0.0434500016272068,0.31623167648362543,0.059849999845027924,0.5767019391059875,0.01231634896248579,-0.5604920387268066,0.21250000596046448,0.05705000087618828,0.30300176149034697,0,3374,4.870006844006424,0.6355418909643449,33.672767639160156
0.0502999983727932,0.18422612551574263,0.06615000218153,0.37279999256134033,0.012538865208625793,-0.4435330927371979,0.17159999907016754,0.07840000092983246,0.18639999628067017,0,3868,4.748214780975396,0.649401447310435,36.29318618774414
0.07374999672174454,0.42059543819737544,0.1010499969124794,0.5367205739021301,-0.06805269420146942,-0.5340633988380432,0.3327000141143799,0.10029999911785126,0.3736334593256041,0,2826,4.908214175573746,0.5611591593880629,13.923615455627441
0.03884999826550484,0.3007843075067208,0.05324999988079071,0.5561070442199707,0.009199492633342743,-0.6094609498977661,0.2194499969482422,0.06260000169277191,0.3008439272323356,0,3593,4.8242548580782,0.13478698962159108,9.901312828063965
0.04569999873638153,0.3110594723382174,0.06530000269412994,0.5270227789878845,-0.010019929148256779,-0.5783015489578247,0.2443999946117401,0.07569999992847443,0.3085599240453231,0,3833,4.84262993713535,0.1356478287558155,2.622990369796753
0.2612999975681305,0.09277474258608479,0.29660001397132874,0.07084989547729492,-0.08860143274068832,-0.10134825855493546,0.3634999990463257,0.31540000438690186,0.06120111271441038,0,3907,4.880837268702672,0.3960728792907642,47.806514739990234
0.04989999905228615,0.21924673531259503,0.06719999760389328,0.42089441418647766,0.04398496076464653,-0.47551220655441284,0.18905000388622284,0.07705000042915344,0.21929252609225208,0,3792,4.828853038986165,0.09202691390898299,15.487757682800293
0.07190000265836716,0.057738315690037595,0.07840000092983246,0.12754064798355103,0.0,-0.17190387845039368,0.11095000058412552,0.08585000038146973,0.05403272137171347,0,4286,4.867900928093265,0.6610556428732681,14.948984146118164
0.04845000058412552,0.2573809999270992,0.06584999710321426,0.4746527373790741,-0.0025792692322283983,-0.5125832557678223,0.20434999465942383,0.07279999554157257,0.2539085133691402,0,3769,4.877227127137257,0.6553394604142131,22.034915924072266
0.045099999755620956,0.16010700110096668,0.056699998676776886,0.3594176471233368,0.052945803850889206,-0.4497816562652588,0.149399995803833,0.07039999961853027,0.1646290567262658,0,4159,4.864591631658298,0.6387693676158983,31.241140365600586
0.1075500026345253,0.06983323587124207,0.12690000236034393,0.10729474574327469,-0.0059187449514865875,-0.16126897931098938,0.17569999396800995,0.1416500061750412,0.06248850759223598,0,2508,4.898286286268852,0.5921872653924579,12.816173553466797
0.3346000015735626,0.13518038254082027,0.3356499969959259,0.06707315146923065,0.0,-0.06847983598709106,0.38499999046325684,0.33660000562667847,0.059430236973840554,0,4330,4.864892476788751,0.24967012788892406,16.33994483947754
0.0677499994635582,0.4442592406048951,0.1080000028014183,0.5588266253471375,-0.011124832555651665,-0.5462184548377991,0.36800000071525574,0.10414999723434448,0.40711310605987916,0,2865,4.238699517754195,0.4845756651808093,11.92264175415039
0.13830000162124634,0.03980478782042565,0.16130000352859497,0.05229650437831879,-0.013723826967179775,-0.1785077452659607,0.2313999980688095,0.20839999616146088,0.03670994155440454,0,2496,4.8766254368763535,0.2921334353910956,10.74077033996582
0.05009999871253967,0.21367011235673114,0.0681999996304512,0.41673120856285095,0.008494503796100616,-0.45679011940956116,0.18289999663829803,0.07530000060796738,0.21287258590304747,0,3753,4.849850220266182,0.6468657653085281,27.324447631835938
0.2890999913215637,0.12426740206779488,0.28780001401901245,0.07343564182519913,0.0,-0.08453279733657837,0.34095001220703125,0.29430001974105835,0.061638393948232034,0,3981,4.896180370355692,0.41381091479315524,13.545403480529785
0.04535000026226044,0.2368598649423969,0.06360000371932983,0.45565861463546753,0.008528724312782288,-0.5102983713150024,0.196150004863739,0.07335000485181808,0.23937621532450698,0,3782,4.7581544333300965,0.5489375067584956,28.825496673583984
0.09515000134706497,0.3085251117333012,0.1278499960899353,0.38684600591659546,-0.02706410363316536,-0.44152018427848816,0.33000001311302185,0.14589999616146088,0.2829695899200173,0,2932,4.890464312877116,0.24754796539701351,20.858753204345703
0.03914999961853027,0.1946507178122503,0.05249999836087227,0.44660651683807373,0.0,-0.4875549077987671,0.15240000188350677,0.05830000340938568,0.1986070024763981,0,3943,4.89377360931208,0.6244543728532943,9.593670845031738
0.45879998803138733,0.2532956346708127,0.4346500039100647,0.04916475713253021,0.0,-0.009288257919251919,0.44279998540878296,0.40130001306533813,0.04631348752759171,0,3868,4.87812966252861,0.24780664796138352,34.72065353393555
0.041099999099969864,0.3508957436308496,0.05974999815225601,0.5998028516769409,0.002056011464446783,-0.6058707237243652,0.24345000088214874,0.0608999989926815,0.34043016457613284,0,2655,4.893171919051178,0.14470532548266068,4.6273674964904785
0.05570000037550926,0.2103133317629548,0.06790000200271606,0.40499499440193176,0.0,-0.4427574574947357,0.17579999566078186,0.07445000112056732,0.2026324458014327,0,3955,4.883845720007186,0.22001462774528247,25.936309814453125
0.034699998795986176,0.14048530207707136,0.041200000792741776,0.4022698402404785,0.0552443228662014,-0.45931756496429443,0.1111999973654747,0.04740000143647194,0.1453082205702872,0,4173,4.842028246874446,0.5222238133150453,26.040504455566406
0.1745000034570694,0.30281994021812697,0.1770000010728836,0.26437756419181824,0.0,-0.2537156045436859,0.2973499894142151,0.1730000078678131,0.192224427105749,0,3635,4.888659242094408,0.1322428493496125,11.141226768493652
0.06655000150203705,0.38452944573403675,0.09269999712705612,0.532293438911438,-0.014146198518574238,-0.5244324803352356,0.29715001583099365,0.09070000052452087,0.348792045114643,0,2989,4.888659242094407,0.27946915744881107,22.681745529174805
0.0421999990940094,0.20346542806508552,0.057999998331069946,0.42904701828956604,0.013191105797886848,-0.4949934780597687,0.17170000076293945,0.06859999895095825,0.20890180032113886,0,4095,4.862184870614688,0.6045376289573008,13.544207572937012
0.45135000348091125,0.1788511974767704,0.4408999979496002,0.05743803083896637,0.0,-0.056646157056093216,0.4938499927520752,0.44020000100135803,0.056117281807897976,0,3739,4.862184870614688,0.3437444846608806,30.29930877685547
0.06255000084638596,0.2074237916754965,0.07859999686479568,0.37035059928894043,0.010520929470658302,-0.42014017701148987,0.19249999523162842,0.08844999969005585,0.19985273618960775,0,3839,4.89377360931208,0.3549671293580601,24.874717712402344
0.05249999836087227,0.23037574798796107,0.07699999958276749,0.411300927400589,0.14872783422470093,-0.47224125266075134,0.21480000019073486,0.08959999680519104,0.23346594452966773,0,3916,4.836589508426706,0.23672853413576112,28.885820388793945
0.08295000344514847,0.1753790079621409,0.10284999758005142,0.2783854603767395,-0.021359406411647797,-0.33709314465522766,0.2074500024318695,0.11710000038146973,0.16436238264895098,0,2604,4.905807414530136,0.04404724563331941,6.473324775695801
0.07885000109672546,0.2694341854221055,0.10284999758005142,0.39402398467063904,0.0,-0.41637110710144043,0.24959999322891235,0.10850000381469727,0.2466495569869654,0,3547,4.897383750877497,0.3885126641820438,6.530108451843262
0.4141499996185303,0.13623025810310907,0.39195001125335693,0.04128815606236458,0.0,-0.02916589565575123,0.4155000150203705,0.3825500011444092,0.03807636084776855,0,4069,4.885650790789894,0.3693310553828445,11.04265308380127
0.26864999532699585,-0.02854857535637025,0.2660999894142151,-0.01950107142329216,0.0,-0.007737546227872372,0.27025002241134644,0.2809999883174896,-0.015338833478855604,0,3695,4.898587131399302,0.35142164914645246,12.25621509552002
0.05220000073313713,0.4432535032609157,0.08070000261068344,0.6162471771240234,-0.03819818049669266,-0.6014814376831055,0.32429999113082886,0.07699999958276749,0.41157216370145044,0,3159,4.90009135705156,0.4052897263522294,3.343043565750122
0.19584999978542328,0.1928667585516453,0.1991499960422516,0.16354221105575562,0.0,-0.17020833492279053,0.28084999322891235,0.20189999043941498,0.12050369488911011,0,3964,4.877828817398159,0.52663008426895,34.08898162841797
0.046799998730421066,0.4557668123707497,0.07639999687671661,0.6591928005218506,-0.06365155428647995,-0.5996331572532654,0.30524998903274536,0.06270000338554382,0.4191773508253745,0,2689,4.902798963225621,0.5518997775035616,14.633543968200684
0.04910000041127205,0.2972894353718615,0.05739999935030937,0.5396825671195984,-0.03180136904120445,-0.5603217482566833,0.2037000060081482,0.0608999989926815,0.2801464937512884,0,3744,4.869705998875972,0.5902014147280464,37.2668342590332
0.07410000264644623,0.3498137901043673,0.10275000333786011,0.487234890460968,-0.015685971826314926,-0.4563491642475128,0.27524998784065247,0.09489999711513519,0.3108946627195785,0,2676,4.900993892442914,0.23273107590284003,7.612026214599609
0.01810000091791153,-0.0061238613228767206,0.01679999940097332,-0.11675126105546951,-0.1188352033495903,0.3176470398902893,0.008700000122189522,0.010999999940395355,-0.006638444731370567,0,4076,4.464718682166845,0.08553042674123135,23.031211853027344
0.3801499903202057,0.28100563251674354,0.37229999899864197,0.1096523329615593,0.0,-0.1014842614531517,0.4564000070095062,0.3662000000476837,0.10229851029849821,0,3799,4.885650790789894,0.3694159474673475,19.54998207092285
0.07840000092983246,0.20163955531549116,0.10610000044107437,0.3037848472595215,-0.012354050762951374,-0.42321282625198364,0.26179999113082886,0.13979999721050262,0.20297248585501138,0,2687,4.908515020704198,0.2620632051014484,9.240325927734375
0.04255000129342079,0.49265262359427403,0.08030000329017639,0.6821743249893188,-0.06763952970504761,-0.6210476160049438,0.3434999883174896,0.0649000033736229,0.4600396094652328,0,2706,4.900693047312462,0.5120991971515564,14.221564292907715
0.08219999819993973,0.27572199063274827,0.11005000025033951,0.3864642381668091,-0.055349357426166534,-0.4268975257873535,0.27399998903274536,0.12125000357627869,0.2559340743661576,0,2471,4.900392202182011,0.6813567060600227,3.822887897491455
0.04740000143647194,0.298000735969246,0.06480000168085098,0.5317108035087585,-0.05682907626032829,-0.5377206802368164,0.2155500054359436,0.06589999794960022,0.2872544759831115,0,2740,4.87602374661545,0.4407996621098077,22.988243103027344
0.0494999997317791,0.351442537368308,0.0706000030040741,0.5625,-0.006486556492745876,-0.5696433782577515,0.2574999928474426,0.07209999859333038,0.33522178670492736,0,3506,4.861884025484237,0.14776693301415467,15.464441299438477
0.051100000739097595,0.30249829482689583,0.07214999943971634,0.5107727646827698,0.0,-0.5273501873016357,0.23315000534057617,0.0754999965429306,0.2924318464671626,0,4043,4.890765158007568,0.06482115205097372,23.144447326660156
0.5636000037193298,0.3026336112312465,0.5236499905586243,0.03962281346321106,0.0,-0.020665768533945084,0.5457499623298645,0.5041499733924866,0.040260652941433,0,3832,4.878731352789512,0.4187197885013615,35.10088348388672
0.07935000211000443,0.15018566680363987,0.10490000247955322,0.2345527857542038,0.00957198441028595,-0.4125717282295227,0.25224998593330383,0.15639999508857727,0.15822922937322728,0,2588,4.877828817398159,0.4183775369333582,1.8567588329315186
0.020250000059604645,-0.0074260729950007005,0.017750000581145287,-0.11200003325939178,0.0,0.23050262033939362,0.011099999770522118,0.013900000602006912,-0.008000002369994208,0,3894,4.550236557739783,0.3165317517946685,18.794946670532227
0.08115000277757645,0.08729198478038386,0.09960000216960907,0.14891761541366577,-0.008819587528705597,-0.32996970415115356,0.19769999384880066,0.1464499980211258,0.09106793162577892,0,2551,4.883845720007185,0.4459594103377429,2.7802884578704834
0.0364999994635582,0.3720836737621866,0.05779999867081642,0.6386651396751404,0.00043761104461736977,-0.6234527826309204,0.2492000013589859,0.05494999885559082,0.3623391204095543,0,3669,4.85586712287521,0.2636849156484782,13.151776313781738
0.021400000900030136,0.4258997458309011,0.043699998408555984,0.7781766057014465,0.0,-0.7000686526298523,0.24770000576972961,0.030899999663233757,0.41767275480419086,0,3745,4.776143163305599,0.18515782139137615,13.146379470825195
0.07169999927282333,0.38140438495171247,0.10899999737739563,0.5031992793083191,0.003907815553247929,-0.5021694898605347,0.328900009393692,0.10869999974966049,0.35228243520158364,0,2747,4.892570228790276,0.5749908346061865,13.445941925048828
0.26365000009536743,0.46348354205170905,0.2716499865055084,0.2668425440788269,0.0,-0.2410951405763626,0.4442499876022339,0.257099986076355,0.23367462308191966,0,3668,4.878129662528609,0.12964845993831253,8.300047874450684
0.3503499925136566,0.10821269511250503,0.3393999934196472,0.04749879240989685,0.0,-0.04749879240989685,0.37325000762939453,0.3393999934196472,0.041871126269489474,0,4226,4.894074454442531,0.2550833008376029,20.71217918395996
0.05380000174045563,0.4650970639711011,0.08810000121593475,0.6342900395393372,-0.023767823353409767,-0.5744988918304443,0.32600000500679016,0.07294999808073044,0.422242626492471,0,2635,4.8946761447034355,0.3529741658484007,19.226675033569336
0.059450000524520874,0.20265098994259262,0.07244999706745148,0.38117462396621704,0.0,-0.4203999936580658,0.17754998803138733,0.07954999804496765,0.1941619174257973,0,3861,4.896180370355692,0.6732288997879319,5.623780250549316
0.052299998700618744,0.6281014799523189,0.09359999746084213,0.728956937789917,0.0006596182356588542,-0.6419965624809265,0.4293000102043152,0.06729999929666519,0.5448525097178828,0,2789,4.895578680094789,0.5215662911296892,20.923919677734375
0.10665000230073929,0.10895546548601853,0.1107499971985817,0.16522963345050812,0.0,-0.19833514094352722,0.16554999351501465,0.11859999597072601,0.08981061947423975,0,4215,4.88023557844177,0.5622674816788974,14.122235298156738
0.043800000101327896,0.25378468338406346,0.06239999830722809,0.48158952593803406,0.03734521195292473,-0.5301204919815063,0.20319999754428864,0.07109999656677246,0.25590856641263615,0,3736,4.84262993713535,0.20082496803054017,20.999460220336914
0.04625000059604645,0.5636615438696664,0.07985000312328339,0.7215569019317627,-0.04264703765511513,-0.6479277014732361,0.3737500011920929,0.060450002551078796,0.5030507344021793,0,2817,4.906108259660587,0.09638281041481389,4.983017444610596
0.0689999982714653,0.3590147627909895,0.10100000351667404,0.49409040808677673,-0.027596626430749893,-0.504355251789093,0.306549996137619,0.10379999876022339,0.33407480394419264,0,2530,4.898286286268851,0.5824047819444724,10.694050788879395
0.05065000057220459,0.14496919127003155,0.05764999985694885,0.3400726020336151,0.0,-0.38309258222579956,0.12925000488758087,0.06364999711513519,0.14201185073496767,0,4241,4.837214724787225,0.28257436332428365,15.198507308959961
0.06769999861717224,0.31089570116989546,0.09399999678134918,0.4545931816101074,0.25188133120536804,-0.4933980107307434,0.27709999680519104,0.1039000004529953,0.29489216269788077,0,3559,4.830658109768876,0.2353973012139049,28.299718856811523
0.053199999034404755,0.5368012198730628,0.08209999650716782,0.6907736659049988,-0.040063340216875076,-0.6216154098510742,0.3518500030040741,0.06435000151395798,0.47069417169675054,0,2779,4.895277834964338,0.6059159334804962,8.350417137145996
0.1216999962925911,0.20193498108118735,0.13134999573230743,0.2507624924182892,-0.021476155146956444,-0.28448864817619324,0.23579999804496765,0.14124999940395355,0.16170685636400214,0,2555,4.903400653486525,0.4160547177613867,2.0735576152801514
0.0839499980211258,0.26273393246564275,0.11044999957084656,0.37335285544395447,-0.009550783783197403,-0.40038004517555237,0.2579500079154968,0.1177000030875206,0.24025010517728346,0,2644,4.882341494354931,0.33326052313630283,19.315027236938477
0.3718999922275543,0.1588192180889505,0.35975000262260437,0.06313163787126541,0.0,-0.05916966125369072,0.4050000011920929,0.35690000653266907,0.05717568075716556,0,3656,4.616229242880303,0.5502424779747764,20.51519012451172
0.05009999871253967,0.3611077469301127,0.06830000132322311,0.588591992855072,0.006502477917820215,-0.5602060556411743,0.24230000376701355,0.06275000423192978,0.33454443404338075,0,3405,4.89347276418163,0.44524953905179,38.7967643737793
0.048650000244379044,0.33886801291057733,0.07000000029802322,0.5654029250144958,-0.019930429756641388,-0.5461176633834839,0.23845000565052032,0.06620000302791595,0.32110234405920624,0,2752,4.872413605050034,0.26083197654853774,34.399436950683594
0.06004999950528145,0.4132223603722306,0.0877000018954277,0.5716269016265869,-0.07798878103494644,-0.5604009628295898,0.31129997968673706,0.0848499983549118,0.37903808549996015,0,3200,4.897383750877497,0.13239200220935787,34.24150085449219
0.1006999984383583,0.14901713121536608,0.1371999979019165,0.21166154742240906,-0.020931055769324303,-0.30142566561698914,0.2556000053882599,0.1662999987602234,0.14529776476764225,0,2500,4.886252481050796,0.6302273184422189,7.442822456359863
0.058800000697374344,0.3168584055080007,0.08009999990463257,0.4911123514175415,0.0,-0.5290313363075256,0.2600499987602234,0.08875000476837158,0.3027214772851039,0,3775,4.882943184615832,0.6151535643423841,2.9308159351348877
0.06729999929666519,0.5048459104169354,0.09290000051259995,0.6208347678184509,-0.012339094653725624,-0.5863757729530334,0.3562999963760376,0.08335000276565552,0.43572073728468597,0,2780,4.888358396963957,0.5953732002916384,11.585411071777344
0.060350000858306885,0.27093957886027786,0.08410000056028366,0.4371008276939392,0.05870646983385086,-0.48404908180236816,0.2418999969959259,0.09475000202655792,0.2638199877032693,0,3677,4.893472764181629,0.06236775732449695,33.74992752075195
0.04830000177025795,0.34215480932458564,0.07304999977350235,0.5559296011924744,0.0,-0.5535523295402527,0.2541999816894531,0.07254999876022339,0.3295736085117814,0,3507,4.8766254368763535,0.48024582415784445,17.096202850341797
0.13619999587535858,0.19038356411442875,0.1570499986410141,0.22050268948078156,-0.011739940382540226,-0.22156135737895966,0.2464500069618225,0.1573999971151352,0.14778449318749776,0,2671,4.905506569399684,0.3831388808079941,8.685795783996582
0.04964999854564667,0.2723352971981502,0.07580000162124634,0.4805588126182556,-0.020279834046959877,-0.487318217754364,0.2198999971151352,0.07715000212192535,0.2686468762245481,0,2878,4.882943184615832,0.3981644063702482,20.43898582458496
0.07429999858140945,0.2562836960196064,0.10100000351667404,0.3800313472747803,0.2948317527770996,-0.4465753138065338,0.2639999985694885,0.11860000342130661,0.24711080017032167,0,3886,4.855867122875209,0.33612808107154213,27.804609298706055
0.039799999445676804,0.21610337693207163,0.054099999368190765,0.4596194326877594,0.019033662974834442,-0.5227172374725342,0.17260000109672546,0.06390000134706497,0.22138492747246757,0,3982,4.852256981309793,0.02406899294234588,4.632606506347656
0.04574999958276749,0.16072219832356013,0.05705000087618828,0.37098345160484314,0.0,-0.42330047488212585,0.14079999923706055,0.06459999829530716,0.16203572698110955,0,4119,4.809525209735893,0.6033534902983255,22.47962188720703
0.06759999692440033,0.2110652114430771,0.07980000227689743,0.38461539149284363,0.02685360610485077,-0.3590361475944519,0.16920000314712524,0.07519999891519547,0.18941430139341972,0,4023,4.8534603618315995,0.019865714011134683,13.853321075439453
0.029999999329447746,0.18316267099517897,0.03804999962449074,0.5108795762062073,0.0,-0.528208315372467,0.12325000762939453,0.039900001138448715,0.1885320185228071,0,3593,4.770188238548149,0.5185610547078019,31.947187423706055
0.04580000042915344,0.20432169502215897,0.06210000067949295,0.4174914062023163,-0.006333548109978437,-0.4771626889705658,0.17544999718666077,0.07209999859333038,0.20737743129573963,0,3663,4.844797830900088,0.6795957551275054,21.309329986572266
0.04374999925494194,0.15948379512078256,0.05209999904036522,0.3852972090244293,0.04515748843550682,-0.43660449981689453,0.13285000622272491,0.05894999951124191,0.16023418495005348,0,3644,4.777697603759627,0.5331475887843795,7.9309468269348145
0.04989999905228615,0.6052284451198343,0.08479999750852585,0.7311503887176514,-0.008830288425087929,-0.6514590978622437,0.4018000066280365,0.06239999830722809,0.5280024993521889,0,2921,4.901294737573365,0.29030403947351213,3.7091753482818604
0.03894999995827675,0.2569927550618811,0.0523499995470047,0.5270382761955261,0.002218583133071661,-0.5561679005622864,0.18355000019073486,0.05685000121593475,0.2566855728000113,0,3453,4.835108808874066,0.17815869293232123,8.339529991149902
0.04670000076293945,0.22152764134309122,0.0658000037074089,0.43448275327682495,-0.054620351642370224,-0.47984185814857483,0.18719999492168427,0.0737999975681305,0.22352167898688552,0,3673,4.811041198437959,0.26674106986818014,17.285017013549805
0.3066999912261963,0.10871642735179231,0.2953000068664551,0.055008865892887115,0.0,-0.05094003677368164,0.3269999921321869,0.2928999960422516,0.04567371611306393,0,4369,4.838406342259224,0.18280154812682325,34.838985443115234
0.03725000098347664,0.7118783168790189,0.0669500008225441,0.8320133090019226,-0.0032656665425747633,-0.7356106042861938,0.43950000405311584,0.040300000458955765,0.6111451343475296,0,3009,4.903099808356073,0.4947783285649219,7.875635147094727
0.07150000333786011,0.1248002866593065,0.08259999752044678,0.2412354052066803,0.17280693352222443,-0.2857760488986969,0.14869999885559082,0.0908999964594841,0.11722553291421434,0,4221,4.87602374661545,0.43030878223649216,7.437773704528809
0.455949991941452,0.47066378952083926,0.4137499928474426,0.08215700089931488,0.0,-0.0508144311606884,0.458050012588501,0.38850000500679016,0.07747577884917556,0,4039,4.908515020704198,0.1334258427798155,3.9311702251434326
0.029400000348687172,0.3341724090646925,0.04574999958276749,0.6446452140808105,-0.03991121053695679,-0.6536714434623718,0.21844999492168427,0.047200001776218414,0.33549923702220324,0,2698,4.873616985571839,0.29924186343037074,18.166305541992188
0.04625000059604645,0.27588695796819296,0.06679999828338623,0.5040085315704346,0.0,-0.5191650390625,0.21105000376701355,0.06960000097751617,0.27179274052996516,0,3782,4.906108259660586,0.07845600802894315,6.66409158706665
0.05000000074505806,0.734751723848437,0.08760000020265579,0.786510705947876,0.015449958853423595,-0.6959916949272156,0.4887000024318695,0.058400001376867294,0.6164167693961742,0,2897,4.906108259660587,0.43362043411188755,5.629880428314209
0.3337000012397766,0.2727798966657879,0.3078500032424927,0.11498957127332687,0.0,-0.11530999839305878,0.3880999982357025,0.3080500066280365,0.10038455622058666,0,3412,4.890163467746665,0.06431438936258893,30.868709564208984
0.05310000106692314,0.3227857906207057,0.07975000143051147,0.5178518295288086,-0.007561882492154837,-0.5205891132354736,0.2529500126838684,0.08034999668598175,0.31069245300094595,0,3373,4.880536423572221,0.6911388440076324,3.9314401149749756
0.07114999741315842,0.22333233562994975,0.09390000253915787,0.35041069984436035,-0.05555330216884613,-0.44173604249954224,0.24250000715255737,0.11665000021457672,0.2197229922461063,0,2576,4.890163467746665,0.07917199552989262,2.7836947441101074
0.05914999917149544,0.30265840455457094,0.09014999866485596,0.47027480602264404,-0.01921636424958706,-0.4882202446460724,0.26214998960494995,0.09444999694824219,0.2936609770416348,0,2548,4.882943184615833,0.4165661422807151,7.875709533691406
0.22294999659061432,0.2025477875272419,0.22744999825954437,0.15317942202091217,0.0,-0.16294045746326447,0.31599998474121094,0.23205000162124634,0.12015168772341078,0,3821,4.882943184615832,0.2934255762566168,10.700756072998047
0.025200000032782555,0.36679893588136847,0.03945000097155571,0.7301038503646851,-0.01979755610227585,-0.6868426203727722,0.21250000596046448,0.033149998635053635,0.3607926095756552,0,2668,4.88023557844177,0.3017401583709214,8.488887786865234
0.05380000174045563,0.2933460037020264,0.07280000299215317,0.4890649616718292,0.05094202607870102,-0.5268118381500244,0.23489999771118164,0.08060000091791153,0.2838136058601927,0,4184,4.880837268702672,0.3011275828807449,35.05180740356445
0.04399999976158142,0.41214507043473403,0.0714000016450882,0.6311895251274109,-0.024947812780737877,-0.6011173129081726,0.2865999937057495,0.06480000168085098,0.39076813464895155,0,3530,4.866697547571458,0.10727931466149931,14.564010620117188
0.039900001138448715,0.29902058878092336,0.05559999868273735,0.5666666626930237,0.0003420909633859992,-0.5762194991111755,0.20679999887943268,0.05719999969005585,0.29371727644532875,0,3494,4.82307500365601,0.2077607103324346,18.971731185913086
0.12039999663829803,0.047818922490918674,0.16189999878406525,0.06823762506246567,0.07390464842319489,-0.14677207171916962,0.2176000028848648,0.18979999423027039,0.04595549164036479,0,4300,4.8324012027000025,0.26741338841892637,33.69113540649414
0.06459999829530716,0.2665656017462859,0.089649997651577,0.41933631896972656,-0.05098335072398186,-0.46739938855171204,0.24699999392032623,0.1010499969124794,0.25815104991249466,0,2571,4.890765158007567,0.6717275696020888,4.144918441772461
0.05139999836683273,0.21040325180823607,0.07680000364780426,0.3868367671966553,0.18422935903072357,-0.45781853795051575,0.20649999380111694,0.09130000323057175,0.21659562108140015,0,3812,4.849248530005281,0.12132845835307204,37.936187744140625
0.02969999983906746,0.3384164757555091,0.0458500012755394,0.6668656468391418,-0.007775494828820229,-0.6407443284988403,0.2093999981880188,0.041850000619888306,0.33454242495973563,0,3188,4.889561777485762,0.23037838764848773,8.494813919067383
0.17440000176429749,0.17705904734892125,0.1764499992132187,0.16783946752548218,0.0,-0.1784425675868988,0.2531000077724457,0.18034999072551727,0.11690505730996661,0,4304,4.8979854411384,0.47721459755836937,21.398828506469727
0.043549999594688416,0.272509763114058,0.06270000338554382,0.5096398591995239,-0.027824683114886284,-0.53589928150177,0.20749999582767487,0.0674000009894371,0.2711962745135424,0,3482,4.848947684874829,0.08213211952241939,5.852181434631348
0.06084999814629555,0.2500936869985106,0.07384999841451645,0.4263617992401123,0.03297029063105583,-0.4834761321544647,0.21209999918937683,0.08529999852180481,0.23852520886292816,0,3556,4.859176419310175,0.6231189769279534,9.935532569885254
0.17464999854564667,0.17390313658672907,0.20065000653266907,0.17276500165462494,-0.06809302419424057,-0.215521439909935,0.3109000027179718,0.21930000185966492,0.1333721614025733,0,2899,4.8979854411384,0.6905218974882208,9.06772232055664
0.029899999499320984,0.38876724876944924,0.05040000006556511,0.6865671873092651,0.146491140127182,-0.6628762483596802,0.24860000610351562,0.04619999974966049,0.3819828979554222,0,3690,4.89587952522524,0.33555586258227965,12.292486190795898
0.10209999978542328,0.21748383466431817,0.1384499967098236,0.2896290719509125,0.009835122153162956,-0.326932430267334,0.2729499936103821,0.15035000443458557,0.19917684842747962,0,2542,4.896180370355691,0.05121538030619055,15.786998748779297
0.05249999836087227,0.12422711469813026,0.05635000020265579,0.30352675914764404,0.0,-0.35118019580841064,0.11734999716281891,0.06270000338554382,0.12054259333844801,0,3895,4.7111755407804505,0.5702021847379513,17.703227996826172
0.04190000146627426,0.23551878463079476,0.050999999046325684,0.5045454502105713,0.14606353640556335,-0.5288683772087097,0.1655000001192093,0.054499998688697815,0.2312500033631093,0,4050,4.835999581215613,0.5078760506740801,40.44291305541992
0.1648000031709671,0.03936393959522933,0.18694999814033508,0.04504906013607979,-0.01445546094328165,-0.11240357160568237,0.23430000245571136,0.21410000324249268,0.03194854348141998,0,2512,4.890163467746665,0.6211766401666409,2.623164176940918
0.5036500096321106,0.430364341848167,0.4855499863624573,0.09632580727338791,0.0,-0.07470225542783737,0.5639500021934509,0.4648500084877014,0.0972331171638295,0,3859,4.853448598781791,0.1159752363417228,6.721881866455078
0.044199999421834946,0.016916896538800213,0.04170000180602074,0.07637231796979904,0.018451882526278496,-0.03917048126459122,0.045099999755620956,0.03869999945163727,0.016443988470386035,0,3418,4.84231732895509,0.2634741916588548,6.72180700302124
0.04064999893307686,0.18446384598770232,0.05480000004172325,0.414324551820755,0.0,-0.480075865983963,0.15599998831748962,0.06459999829530716,0.1902581009995803,0,3683,4.906108259660587,0.2580945760519545,3.82331919670105
0.05550000071525574,0.18884290289446992,0.07209999859333038,0.36287879943847656,0.2667447626590729,-0.42777779698371887,0.17990000545978546,0.08410000056028366,0.18808901337296313,0,4140,4.868201773223715,0.30501599448726213,16.284900665283203
0.05139999836683273,0.3293200971569277,0.06949999928474426,0.5292003750801086,0.06886240839958191,-0.572044312953949,0.25529998540878296,0.07859999686479568,0.3178438523206799,0,3815,4.865193321919201,0.5030227914567367,42.62330627441406
0.066600002348423,0.2739700837025722,0.08940000087022781,0.42376744747161865,0.3529222309589386,-0.4728773534297943,0.24979999661445618,0.10109999775886536,0.26213421055157027,0,3969,4.898286286268851,0.5865504109611434,34.08841323852539
0.05249999836087227,0.22235359925518922,0.06629999727010727,0.4227471947669983,0.03829716145992279,-0.4758893549442291,0.1867000013589859,0.07575000077486038,0.2182766088404742,0,3555,4.865494167049652,0.09285883591084076,8.349632263183594
0.03460000082850456,0.16678143518549213,0.0430000014603138,0.44109275937080383,0.4087912440299988,-0.4929245114326477,0.1265999972820282,0.04910000041127205,0.17204380006361936,0,4226,4.873316140441388,0.5606321205094369,3.822667360305786
0.051600001752376556,0.20894485688674244,0.06970000267028809,0.404803067445755,-0.007913702167570591,-0.4479207694530487,0.18279999494552612,0.07744999974966049,0.2078592487950713,0,3729,4.868201773223715,0.6291085864543076,18.150598526000977
0.217849999666214,0.10777915670023522,0.21199999749660492,0.08384628593921661,0.0,-0.09265993535518646,0.25529998540878296,0.21580000221729279,0.06101325871919339,0,4142,4.897684596007949,0.2535978925012101,23.983903884887695
0.06379999965429306,0.5424683541169637,0.09139999747276306,0.6541684865951538,-0.03813919425010681,-0.6080617308616638,0.375,0.07840000092983246,0.46664568719461824,0,2801,4.880837268702672,0.4722278015022031,18.631502151489258
0.03945000097155571,0.17087931631887904,0.0502999983727932,0.41170534491539,0.0,-0.4710830748081207,0.13989999890327454,0.05829999968409538,0.17530793336639072,0,3916,4.802617534785321,0.5702710134448556,17.09124755859375
0.2703999876976013,0.11013382581043021,0.28209999203681946,0.07163465768098831,0.0,-0.07066380977630615,0.32499998807907104,0.28154999017715454,0.058899279864052606,0,3868,4.892871073920728,0.5868242742229028,21.298648834228516
0.05530000105500221,0.5934147671331029,0.09359999746084213,0.7038509845733643,-0.015072517096996307,-0.6260861158370972,0.4070500135421753,0.07074999809265137,0.515903065219721,0,2697,4.900993892442914,0.26814758939869454,7.035925388336182
0.07985000312328339,0.2270921154124102,0.09910000115633011,0.35319283604621887,0.00015820586122572422,-0.3659628629684448,0.2134999930858612,0.10204999893903732,0.20498435761756714,0,2495,4.900693047312462,0.3770379513405224,2.7802884578704834
0.026599999517202377,0.35254251777283463,0.03530000150203705,0.7273122072219849,0.04488271102309227,-0.6985482573509216,0.1988999992609024,0.03139999881386757,0.34403669907284956,0,3833,4.832065068420128,0.19987588311436244,27.72103500366211
0.04675000160932541,0.21071937900688942,0.06324999779462814,0.41909196972846985,0.0,-0.4859813153743744,0.18285000324249268,0.07485000044107437,0.21380494049698118,0,4039,4.756024991317322,0.37497483655237906,27.127363204956055
0.032999999821186066,0.26782440254344864,0.04924999922513962,0.5730484127998352,0.023522144183516502,-0.5709930658340454,0.18035000562667847,0.04894999787211418,0.27025916726486443,0,3639,4.697734776911144,0.3798916820498893,22.622573852539062
0.09884999692440033,0.24748376151951101,0.12540000677108765,0.3290806710720062,-0.009966470301151276,-0.35864976048469543,0.2656500041484833,0.13410000503063202,0.219310915991883,0,2505,4.893472764181629,0.650586837962708,4.1416850090026855
0.28619998693466187,0.1045583905351611,0.2815000116825104,0.06120098754763603,0.0,-0.06857472658157349,0.32295000553131104,0.2857000231742859,0.05039910890614821,0,4346,4.880536423572222,0.03524050436080084,27.879180908203125
0.2203499972820282,0.2415497064095321,0.22994999587535858,0.18445424735546112,0.0,-0.196049302816391,0.34209999442100525,0.23555000126361847,0.1483088111873878,0,3602,4.83149866730865,0.3427103939630266,26.13120460510254
0.06159999966621399,0.32204161779168344,0.08910000324249268,0.49359720945358276,-0.022245272994041443,-0.484524130821228,0.2565999925136566,0.08699999749660492,0.30156471732827195,0,2825,4.880837268702672,0.6247422955275218,21.266937255859375
0.04500000178813934,0.30552423458863065,0.06750000268220901,0.5296416878700256,-0.029162295162677765,-0.5534237027168274,0.23479999601840973,0.0722000002861023,0.30223047672286274,0,3525,4.868502618354167,0.5133963944244666,6.728460788726807
0.038600001484155655,0.21398255880442,0.05465000122785568,0.4569869935512543,0.12482251226902008,-0.5211390852928162,0.1736000031232834,0.06469999998807907,0.22125152920819827,0,3976,4.86037979983198,0.3713458634273641,34.86988067626953
0.04830000177025795,0.2816794633202336,0.0681999996304512,0.49369606375694275,0.013588055036962032,-0.5349471569061279,0.22509999573230743,0.0763000026345253,0.27851259059337513,0,3697,4.887756706703055,0.4279323846351344,24.871042251586914
0.04125000163912773,0.12688667289196962,0.04659999907016754,0.34519141912460327,0.0,-0.41068604588508606,0.1115499958395958,0.05429999902844429,0.12897048265915537,0,3467,4.862184870614688,0.5241789987606197,23.63441276550293
0.03420000150799751,0.37054810479315947,0.04969999939203262,0.6797152757644653,0.018176836892962456,-0.6370938420295715,0.22419999539852142,0.042750000953674316,0.35487970918808576,0,3513,4.882943184615832,0.010275017577304202,27.117237091064453
0.06385000050067902,0.5379470213520658,0.09925000369548798,0.6458244323730469,-0.026264628395438194,-0.5894943475723267,0.38429999351501465,0.08269999921321869,0.4678386709976294,0,2774,4.890464312877117,0.5714999108526454,11.717836380004883
0.08900000154972076,0.2345160676102409,0.10289999842643738,0.3436923027038574,0.0,-0.3593774139881134,0.21834999322891235,0.10664999485015869,0.20309090907777305,0,3399,4.888057551833505,0.25513793537681684,30.956340789794922
0.06644999980926514,0.43558271258462206,0.09664999693632126,0.5718772411346436,-0.06854400783777237,-0.5418888926506042,0.325300008058548,0.08860000222921371,0.3884998410627067,0,2743,4.895277834964338,0.5363450037725722,13.866106986999512
0.05104999989271164,0.21184483242172178,0.06430000066757202,0.4142604470252991,0.0,-0.47359803318977356,0.18000000715255737,0.07455000281333923,0.2096282611088644,0,3989,4.858574729049271,0.6684621023938037,17.721046447753906
0.6585999727249146,0.21229986446204563,0.6496999859809875,0.04148215800523758,-0.023934362456202507,-0.0411747507750988,0.7055000066757202,0.6492999792098999,0.04544966672429606,0,4023,4.910921781747808,0.01130567279442507,36.669837951660156
0.040550000965595245,0.33224994389583906,0.05824999883770943,0.5958769917488098,0.0024417301174253225,-0.587975263595581,0.22450000047683716,0.05685000121593475,0.32184680149298056,0,3406,4.883244029746283,0.6454832411151266,13.063752174377441
0.049800001084804535,0.3822381407972345,0.07034999877214432,0.5928179621696472,-0.0011447956785559654,-0.5845881700515747,0.2683500051498413,0.06859999895095825,0.3579963054307348,0,3508,4.878731352789513,0.20102812878998377,27.32341766357422
0.03714999929070473,0.26080775301025516,0.051649998873472214,0.534578263759613,-0.009805766865611076,-0.5670578479766846,0.18694999814033508,0.056699998676776886,0.26272439996175573,0,3596,4.80471168764867,0.5944752639278216,8.348833084106445
0.10010000318288803,0.21858755740958613,0.11810000240802765,0.301160991191864,-0.007480977103114128,-0.32639381289482117,0.2325499951839447,0.12489999830722809,0.18832001462571268,0,2606,4.882341494354929,0.15064916626807423,6.203563213348389
0.040800001472234726,0.290415491580705,0.05705000087618828,0.5474153757095337,0.01727289706468582,-0.5695963501930237,0.20804999768733978,0.060850001871585846,0.28716347229846706,0,3794,4.876324591745902,0.42718687069322925,6.660701751708984
0.05339999869465828,0.28571961627479353,0.0738999992609024,0.4765600860118866,0.03148052841424942,-0.525826096534729,0.2378000020980835,0.08429999649524689,0.2800754273181225,0,3907,4.804723450698478,0.0719533571466281,27.11078453063965
0.11954999715089798,0.18134540009256017,0.12710000574588776,0.23320841789245605,0.0,-0.2545454204082489,0.21389999985694885,0.13300000131130219,0.1432872802586781,0,4270,4.857973038788368,0.4166059761193823,31.483654022216797
0.04405000060796738,0.1870258422245261,0.05274999886751175,0.4378378391265869,0.0,-0.45166322588920593,0.13965000212192535,0.05460000038146973,0.1837594557445602,0,3571,4.798104857828548,0.5001751485284921,15.464797973632812
0.08250000327825546,0.08818986450863711,0.09984999895095825,0.16037198901176453,0.0,-0.20973487198352814,0.15285000205039978,0.11060000211000443,0.08301132957656998,0,4443,4.890464312877116,0.1333697072171216,21.851194381713867
0.0685499981045723,0.2366880165208226,0.09035000205039978,0.37752243876457214,-0.037726834416389465,-0.44254201650619507,0.2337999939918518,0.10565000027418137,0.2289892094699174,0,2706,4.894976989833886,0.10326837651265286,17.195030212402344
0.038600001484155655,-0.015119859270378417,0.0357000008225441,-0.1039697527885437,-0.13646073639392853,0.20202019810676575,0.02370000071823597,0.029200000688433647,-0.014921323809562568,0,3416,4.345376990697239,0.41581783527045735,0.0
0.04969999939203262,0.30153568120818075,0.06930000334978104,0.5069095492362976,0.002533678198233247,-0.5517464280128479,0.23989999294281006,0.07850000262260437,0.2958210982308804,0,3520,4.825481764699622,0.3673166251012878,33.090087890625
0.089649997651577,0.13180420680744948,0.090549997985363,0.2238152027130127,0.0,-0.2583947777748108,0.15365000069141388,0.09745000302791595,0.11223538287552454,0,3554,4.885650790789894,0.17485020871208423,18.293746948242188
0.18925000727176666,-0.0073384861550188415,0.20074999332427979,-0.007286644075065851,-0.04365028440952301,-0.0004978924407623708,0.2009499967098236,0.20389999449253082,-0.004890309683465804,0,2533,4.882943184615832,0.04961342634861399,3.343325138092041
0.06844999641180038,0.31323403374094905,0.08630000054836273,0.46883624792099,0.0,-0.4909304976463318,0.2527499794960022,0.09139999747276306,0.28670849924552444,0,3697,4.877227127137256,0.17562331319481173,9.593683242797852
0.07615000009536743,0.1649393635650418,0.08479999750852585,0.29034706950187683,0.0,-0.33464106917381287,0.17010000348091125,0.09354999661445618,0.1503633998367614,0,4222,4.863075642956234,0.2117277486199437,15.083660125732422
0.030649999156594276,0.31238106273149674,0.05009999871253967,0.6289574503898621,0.02417163923382759,-0.6024598479270935,0.20194999873638153,0.04600000008940697,0.3127548610705291,0,3722,4.855554514694951,0.5669363202121918,17.380535125732422
0.04854999855160713,0.19693189961574004,0.06364999711513519,0.4049656093120575,0.0,-0.45129314064979553,0.1683500111103058,0.07129999995231628,0.19681608133533743,0,3918,4.79666261002787,0.2723071584730159,26.200563430786133
0.06759999692440033,0.29015428979562513,0.06594999879598618,0.506146252155304,0.0,-0.4516732692718506,0.1746000051498413,0.0572500005364418,0.2405206060701387,0,3349,4.8690925455652625,0.5805116922554502,45.48583221435547
0.25905001163482666,0.14369083851153192,0.251800000667572,0.08919584006071091,0.0,-0.08344704657793045,0.29764997959136963,0.24889999628067017,0.06987241570104444,0,4254,4.898887976529754,0.14024182994810808,8.731792449951172
0.0608999989926815,0.41555958542332005,0.09520000219345093,0.5644850730895996,-0.022679664194583893,-0.5469902157783508,0.32510000467300415,0.09049999713897705,0.38433815050745646,0,2774,4.887756706703054,0.5991528728974799,5.397058963775635
0.436599999666214,0.05001592378891491,0.41679999232292175,0.014975235797464848,0.0,-0.010093824937939644,0.4253000020980835,0.4127500057220459,0.014068976834972666,0,4065,4.861270572173526,0.4504782007143536,20.275625228881836
0.05270000174641609,0.4517106709302945,0.08429999649524689,0.6166426539421082,-0.028027432039380074,-0.5989534258842468,0.3361000120639801,0.07970000058412552,0.4199607031099307,0,3281,4.885951635920345,0.46245214528687284,19.11551284790039
0.04280000180006027,0.3138185710486523,0.06459999829530716,0.5476660132408142,0.05600570887327194,-0.5693333745002747,0.2354000061750412,0.06880000233650208,0.31074359999117274,0,3676,4.880837268702672,0.13655821580568572,11.037179946899414
0.07485000044107437,0.17821489850339023,0.096950002014637,0.27518221735954285,0.006747051142156124,-0.46694156527519226,0.2667999863624573,0.15164999663829803,0.18806139450502535,0,2698,4.885650790789894,0.25422387358118437,8.240543365478516
0.043699998408555984,0.30825262280178345,0.06289999932050705,0.5371279120445251,0.11998341977596283,-0.5776397585868835,0.2349500060081482,0.07074999809265137,0.30569692270031457,0,3797,4.885349945659443,0.24335217254949904,23.966028213500977
0.04619999974966049,0.23827334884466492,0.06870000064373016,0.4451432526111603,0.03337856009602547,-0.5012704133987427,0.20679999887943268,0.07940000295639038,0.2430679133023833,0,4030,4.872413605050034,0.631267615657296,41.196983337402344
0.15919999778270721,0.1401354336258606,0.1867000013589859,0.1517476737499237,0.004284226801246405,-0.18275335431098938,0.2702000141143799,0.19900000095367432,0.11019399306711647,0,2661,4.878430507659062,0.3266431364745407,4.1448187828063965
0.050700001418590546,0.12210407181481292,0.0608999989926815,0.29153764247894287,0.0,-0.34533727169036865,0.12514999508857727,0.06864999979734421,0.12215334903653993,0,3926,4.867900928093264,0.18542720847388472,6.534104824066162
0.04910000041127205,0.22564375128487302,0.066600002348423,0.423186331987381,0.03417997434735298,-0.5005624294281006,0.20010000467300415,0.08110000193119049,0.22849462698886008,0,3850,4.870006844006426,0.15753404974725926,30.702234268188477
0.03985000029206276,0.3813974793369911,0.05615000054240227,0.6341541409492493,0.016896812245249748,-0.6396598815917969,0.2554999887943268,0.05719999969005585,0.36600219991527955,0,3623,4.851655291048891,0.15028599907902485,20.08671760559082
0.024250000715255737,0.3654139372004986,0.03460000082850456,0.7715839743614197,0.01772460900247097,-0.6991958022117615,0.19545000791549683,0.025200000032782555,0.3543675973183359,0,3345,4.814639576953566,0.2425082797852547,11.3235502243042
0.09085000306367874,0.18422234962601503,0.1026500016450882,0.2829444706439972,0.0,-0.3107268512248993,0.19519999623298645,0.10909999907016754,0.16057440817906457,0,4018,4.870608534267326,0.3335928623019262,25.468372344970703
0.05485000088810921,0.1867293487384403,0.06885000318288803,0.3612326681613922,0.07989560067653656,-0.44419777393341064,0.17890000343322754,0.0839499980211258,0.18670119662662793,0,4111,4.865193321919202,0.08252549866199932,9.374445915222168
0.037450000643730164,0.48647050132626224,0.05829999968409538,0.7267151474952698,-0.09927023202180862,-0.6769635677337646,0.30265000462532043,0.0478999987244606,0.44926812926499315,0,2821,4.890163467746665,0.6870042827853496,17.076051712036133
0.04859999939799309,0.22867484349333927,0.06069999933242798,0.45350733399391174,0.0,-0.49183762073516846,0.17820000648498535,0.06700000166893005,0.22383253542535078,0,3932,4.881138113833123,0.0768197682664794,18.162893295288086
0.041200000792741776,0.19826765444034558,0.05550000071525574,0.42759212851524353,0.06355861574411392,-0.5002251267433167,0.16660000383853912,0.06679999828338623,0.20411781824325959,0,3866,4.822172468264656,0.5666935553715641,32.81565856933594
0.046549998223781586,0.3361828557704143,0.07289999723434448,0.5683881044387817,-0.026727594435214996,-0.530510425567627,0.23765000700950623,0.06539999693632126,0.32174212544703135,0,2540,4.893472764181629,0.5459933099458256,17.644023895263672
0.07195000350475311,0.2431021810440229,0.07874999940395355,0.40633049607276917,0.0,-0.41623422503471375,0.1910499930381775,0.08065000176429749,0.21459114685261482,0,3582,4.880837268702672,0.27284582597944596,20.167449951171875
0.07524999976158142,0.39007456686702124,0.1091499999165535,0.4997268319129944,-0.041776884347200394,-0.517302393913269,0.34310001134872437,0.11445000022649765,0.35817974261117436,0,2807,4.892871073920727,0.43096093152782267,9.465080261230469
0.04374999925494194,0.27465795708052654,0.0572500005364418,0.5364963412284851,-0.021344264969229698,-0.535873532295227,0.1894499957561493,0.05715000256896019,0.26580496949635396,0,3529,4.753845334502776,0.21647538601091632,37.222076416015625
0.07925000041723251,0.15836319806131247,0.08669999986886978,0.27502357959747314,0.0,-0.3221266567707062,0.16910000145435333,0.0961499959230423,0.1429924974478658,0,4096,4.846841768961669,0.35216108527723855,33.33109664916992
0.044199999421834946,0.24594451355220948,0.0632999986410141,0.46143054962158203,-0.010072017088532448,-0.5340449213981628,0.20839999616146088,0.07680000364780426,0.2514009027234282,0,3900,4.846228315650958,0.24673542195256704,23.96600341796875
0.05590000003576279,0.2400923654124211,0.07639999687671661,0.42376911640167236,0.08614440262317657,-0.46582767367362976,0.20965000987052917,0.0848499983549118,0.23561990602309432,0,3806,4.863689096266945,0.40903546204060803,24.72345733642578
0.08699999749660492,0.21419551263773362,0.12125000357627869,0.30316224694252014,-0.1895403414964676,-0.40212032198905945,0.2843500077724457,0.15205000340938568,0.21192866742293825,0,2699,4.898286286268851,0.46663043321780107,5.9205403327941895
0.048700001090765,0.19317299554052106,0.05950000137090683,0.40131720900535583,-0.050445329397916794,-0.469696968793869,0.164900004863739,0.07045000046491623,0.19266336516162036,0,3805,4.835698736085161,0.49029438574253925,3.931360960006714
0.08715000003576279,0.2126578427798975,0.1177000030875206,0.31275948882102966,0.03598057106137276,-0.33662110567092896,0.23714999854564667,0.12415000051259995,0.19679553841275157,0,2626,4.89347276418163,0.6814516869724799,11.886174201965332
0.039900001138448715,0.2866522547436098,0.054999999701976776,0.5531092882156372,0.007471979595720768,-0.5703964233398438,0.20104999840259552,0.05784999951720238,0.28304124247841966,0,3684,4.872714450180486,0.01740444464030777,17.091459274291992
0.052949998527765274,0.22564821165652713,0.06795000284910202,0.4252830147743225,0.013387106359004974,-0.4707943797111511,0.18885000050067902,0.07615000009536743,0.22098039277941542,0,3612,4.7993702162019325,0.371488892576442,27.538143157958984
0.048500001430511475,0.4118205299116552,0.07680000364780426,0.5976542830467224,0.0700811892747879,-0.6062548160552979,0.3133000135421753,0.07890000194311142,0.3940820570456424,0,3279,4.890464312877117,0.3942073391667891,2.930760145187378
0.04675000160932541,0.18477206091137716,0.059450000524520874,0.3990631401538849,-0.01462340448051691,-0.45017340779304504,0.15680000185966492,0.06735000014305115,0.18528620065434648,0,3913,4.764687522248831,0.5768828872306386,14.197595596313477
0.037700001150369644,0.18346722668686824,0.050850000232458115,0.4358091354370117,0.0,-0.48323166370391846,0.14594998955726624,0.057349998503923416,0.18896628584678923,0,4115,4.808321829214088,0.17198032915342887,7.931053638458252
0.419950008392334,-0.017555102299632426,0.3986999988555908,-0.004086624830961227,0.0,0.04337584227323532,0.3655500113964081,0.36855000257492065,-0.0036463712153182145,0,3993,4.892570228790275,0.26746982231313254,0.0
0.03909999877214432,0.24754691662621467,0.05260000005364418,0.5156912803649902,0.023574380204081535,-0.5451794266700745,0.17870000004768372,0.057100001722574234,0.24789344529604362,0,3708,4.834807963743614,0.6470884957580806,8.498017311096191
0.042500000447034836,0.22810535134664056,0.06239999830722809,0.4544755816459656,0.010679696686565876,-0.5041716694831848,0.18930000066757202,0.07100000232458115,0.23339470842579718,0,4184,4.8507527556575365,0.6854774902139115,26.879253387451172
0.041200000792741776,0.2852243087622502,0.056699998676776886,0.5393216609954834,0.016900543123483658,-0.5691489577293396,0.20649999380111694,0.061799999326467514,0.28250682500778135,0,3830,4.841727401743994,0.15015701204986498,20.08366584777832
0.044199999421834946,0.31889379901025744,0.06719999760389328,0.5458627343177795,0.0014127875911071897,-0.5639195442199707,0.2409999966621399,0.07079999893903732,0.31448632417839795,0,3517,4.879934733311318,0.13779647181053156,8.731752395629883
0.025849999859929085,0.4033172267136165,0.04520000144839287,0.7409572601318359,0.0,-0.681072473526001,0.2382500022649765,0.03545000031590462,0.3931756519437356,0,3787,4.872413605050035,0.39559118955208417,12.966641426086426
0.07334999740123749,0.27134884643806767,0.09799999743700027,0.40234535932540894,0.053482651710510254,-0.45266687870025635,0.26010000705718994,0.11084999889135361,0.2570469151153335,0,2630,4.84961135298731,0.44701116635166305,2.075144052505493
0.274399995803833,0.08253048446139144,0.26980000734329224,0.05079745873808861,0.0,-0.05804307386279106,0.3030499815940857,0.2737500071525574,0.040815343723627516,0,4314,4.89557868009479,0.462910622204982,26.722566604614258
0.14219999313354492,0.18028532894469995,0.1534000039100647,0.20391197502613068,0.0,-0.2322322130203247,0.24619999527931213,0.16279999911785126,0.13762375689029124,0,3984,4.862485715745141,0.5844356336783815,28.79798126220703
0.06669999659061432,0.35074994253461544,0.08590000122785568,0.5066152215003967,0.0,-0.5217149257659912,0.2732999920845032,0.08950000256299973,0.3195410129724125,0,2851,4.885049100528992,0.46295326621680855,16.08912467956543
0.0560000017285347,0.200375224008491,0.0685499981045723,0.3804471492767334,0.0,-0.4531312584877014,0.1821500062942505,0.08174999803304672,0.1971462384326421,0,3726,4.854362897222954,0.35812125560207153,16.08556365966797
0.05285000056028366,0.2828900045995745,0.07270000129938126,0.4730668365955353,0.004180717747658491,-0.5329264402389526,0.2386000007390976,0.08534999936819077,0.2789914461149678,0,3703,4.870307689136876,0.030399276619821558,21.715288162231445
0.04050000011920929,0.308481501739895,0.053849998861551285,0.5714023113250732,0.0,-0.597533643245697,0.21375000476837158,0.05830000340938568,0.30202059396234404,0,4027,4.865795012180104,0.3464528437613644,3.3415212631225586
0.2957499921321869,0.1013099070553012,0.28404998779296875,0.0538891926407814,0.0,-0.05221889913082123,0.3153499960899353,0.2831000089645386,0.04403931036050758,0,4006,4.896481215486143,0.6046462387803953,13.53931999206543
0.053849998861551285,0.4843067217219317,0.08034999668598175,0.6445463299751282,0.0,-0.6183804273605347,0.3407500088214874,0.07365000247955322,0.4381561729672797,0,3641,4.900993892442913,0.5074166716060972,8.240668296813965
0.04650000110268593,0.30918348814943125,0.06279999762773514,0.5416809916496277,0.0239251796156168,-0.5631304383277893,0.22470000386238098,0.06679999828338623,0.299241955434477,0,3542,4.859176419310174,0.3742016116427107,36.72102737426758
0.10454999655485153,0.21852532292367333,0.1366499960422516,0.28582650423049927,-0.028011811897158623,-0.35405343770980835,0.28644999861717224,0.1590999960899353,0.2020252814342483,0,2751,4.893472764181629,0.14519118263622888,10.46247673034668
0.07925000041723251,0.41011632136421416,0.10490000247955322,0.5218765139579773,-0.0795762836933136,-0.4980260729789734,0.3130500018596649,0.09835000336170197,0.3533574675246165,0,2563,4.872413605050035,0.07229187498622214,2.0735700130462646
0.11044999957084656,0.09195801739820653,0.12935000658035278,0.13233458995819092,0.00965799018740654,-0.2735186517238617,0.22675000131130219,0.17374999821186066,0.08828429171711219,0,2431,4.883544874876735,0.56758574334092,3.709477424621582
0.19020000100135803,0.19093935667580164,0.18035000562667847,0.15907733142375946,0.0,-0.1468779444694519,0.24244999885559082,0.17589999735355377,0.10870038946493496,0,4100,4.905807414530135,0.5957499258326373,24.529253005981445
0.02879999950528145,0.10807118487659648,0.03150000050663948,0.3965151309967041,0.0,-0.4456665515899658,0.08215000480413437,0.035499997437000275,0.11329233513607667,0,3804,4.859176419310176,0.027281667439457924,11.078008651733398
0.11289999634027481,0.19358629627422394,0.13075000047683716,0.250713586807251,-0.019260767847299576,-0.3357042968273163,0.2628999948501587,0.1574999988079071,0.17177313684566636,0,2696,4.903099808356073,0.0919000671597211,1.3122680187225342
0.060499999672174454,0.25571519973285134,0.08860000222921371,0.42541784048080444,-0.0740087553858757,-0.4367450475692749,0.22599999606609344,0.09109999984502792,0.2476441015104454,0,2708,4.893773609312081,0.6764834993987123,16.92041015625
0.10085000097751617,0.13192326698170218,0.12919999659061432,0.1931818276643753,-0.031393323093652725,-0.2720101475715637,0.22574999928474426,0.15264999866485596,0.1248292363226119,0,2404,4.891066003138018,0.6355024012068329,14.520768165588379
0.6700999736785889,0.14795716237816298,0.6393499970436096,0.019190417602658272,0.0,-0.012777459807693958,0.6559000015258789,0.6312000155448914,0.020731900071384826,0,3534,4.883544874876734,0.08631319658416103,21.068796157836914
0.040449999272823334,0.18578752823637104,0.05180000141263008,0.41304343938827515,0.033388908952474594,-0.5091210603713989,0.15924999117851257,0.06615000218153,0.19251445378241197,0,3911,4.870307689136874,0.25601592166102427,21.23147201538086
0.39544999599456787,0.07153982580667374,0.3762499988079071,0.024693820625543594,0.0,-0.019352342933416367,0.3911000192165375,0.3722499907016754,0.022381004907835136,0,4247,4.905807414530135,0.061237850418904394,20.06394386291504
0.23694999516010284,0.08128674279895706,0.22495000064373016,0.055276378989219666,0.0,-0.046215806156396866,0.24674999713897705,0.22089999914169312,0.04007130382365969,0,3940,4.794244085934451,0.6259628417053745,35.722476959228516
0.4226999878883362,0.229841382252402,0.4097500145435333,0.0762285515666008,0.0,-0.06938448548316956,0.47084999084472656,0.40415000915527344,0.07276361638849432,0,3917,4.870307689136875,0.6822718082646189,36.147029876708984
0.07434999942779541,0.1655735706170117,0.07400000095367432,0.31857144832611084,0.0,-0.30336546897888184,0.1384499967098236,0.07154999673366547,0.14133802942383317,0,3942,4.884146565137637,0.6669172391168284,25.289804458618164
0.022299999371170998,0.36768641405345837,0.03579999879002571,0.754860520362854,0.18733370304107666,-0.7058340311050415,0.20759999752044678,0.028999999165534973,0.3636980705100051,0,3538,4.7813195083748505,0.5157516380757355,34.31050491333008
0.05889999866485596,0.4218832181065496,0.09144999831914902,0.588650643825531,-0.059506598860025406,-0.5371963977813721,0.30375000834465027,0.07864999771118164,0.3826496074716016,0,2632,4.871800151739324,0.11188868130374419,11.036357879638672
0.06844999641180038,0.18027484143916017,0.08995000272989273,0.30386069416999817,-0.0325908400118351,-0.4106469750404358,0.21529999375343323,0.11495000123977661,0.18130080057599515,0,2631,4.87121022452823,0.41073304745685246,7.611975193023682
0.05770000070333481,0.3716936703824081,0.07829999923706055,0.5493502616882324,0.027214879170060158,-0.5631799101829529,0.2802000045776367,0.08150000125169754,0.34588604267450784,0,3587,4.858863811129915,0.38237505707859554,33.59574508666992
0.03440000116825104,0.4090389119302515,0.05090000107884407,0.7134711146354675,0.004537407774478197,-0.650532066822052,0.24040000140666962,0.04019999876618385,0.3847040787781594,0,3255,4.866998392701911,0.02731218337733321,21.2482967376709
0.03060000017285347,0.19188207558288967,0.04125000163912773,0.4898720681667328,0.0,-0.5441988706588745,0.13975000381469727,0.047850001603364944,0.20047993343627946,0,4004,4.880536423572221,0.3144068171107418,14.200360298156738
0.46584999561309814,0.2185187522924864,0.45205000042915344,0.061589814722537994,0.0,-0.05151071399450302,0.5011500120162964,0.4429999887943268,0.06039887462105299,0,3367,4.655431836723819,0.6459699305908081,20.49414825439453
0.048900000751018524,0.24809230423250866,0.06830000132322311,0.44989773631095886,0.06286367028951645,-0.5138790011405945,0.2126999944448471,0.08070000261068344,0.24955884608780426,0,4026,4.8507527556575365,0.3128904625250237,40.7537841796875
0.03660000115633011,0.4256801362761861,0.0658000037074089,0.6668581366539001,-0.005663835909217596,-0.6303370594978333,0.29019999504089355,0.057999998331069946,0.4106342817571733,0,2869,4.900693047312462,0.6243613135227145,16.33993148803711
0.12389999628067017,0.0888247948181966,0.1437000036239624,0.11975041031837463,-0.038216639310121536,-0.23766577243804932,0.23330000042915344,0.1834000051021576,0.08165156816717963,0,2541,4.88202888617467,0.637452396647105,10.469234466552734
0.4097999930381775,0.1763206196849196,0.38315001130104065,0.049176085740327835,0.0,-0.028832126408815384,0.4059000015258789,0.36785000562667847,0.04480863083674533,0,4070,4.900392202182012,0.222991478238455,12.707860946655273
0.04529999941587448,0.2517851642961335,0.0608999989926815,0.48044171929359436,-0.0022058680187910795,-0.5290933847427368,0.1977500021457672,0.06939999759197235,0.250961359442755,0,3618,4.893773609312081,0.25418098961608704,11.573431015014648
0.0645499974489212,0.25820253793365183,0.08664999902248383,0.4118858575820923,0.005825242027640343,-0.46938151121139526,0.2399500012397766,0.09995000064373016,0.25002976595206206,0,2500,4.895277834964338,0.39421472587983597,2.0751144886016846
0.09549999982118607,0.19118484850475898,0.12274999916553497,0.2705971300601959,-0.07061092555522919,-0.3451586961746216,0.2521499991416931,0.14474999904632568,0.179618687109507,0,2697,4.89557868009479,0.19345982329031708,3.8229990005493164
0.04910000041127205,0.24208781827624765,0.06560000032186508,0.4488920569419861,-0.006665496155619621,-0.5109951496124268,0.20270000398159027,0.0771000012755394,0.24160041393812723,0,3933,4.84924853000528,0.5824553209902967,19.9030704498291
0.5569000244140625,0.09501420008609644,0.5240499973297119,0.015014741569757462,0.0,-0.0014767005341127515,0.525600016117096,0.5100499987602234,0.015189024718742467,0,3734,4.896180370355692,0.35155668152819064,11.918168067932129
0.05180000141263008,0.170335218346029,0.06319999694824219,0.36318856477737427,-0.09189046919345856,-0.41318479180336,0.15219999849796295,0.07109999656677246,0.16818747922969093,0,4225,4.831486904258841,0.23404293906607143,27.95488929748535
0.042249999940395355,0.7023845673036805,0.07325000315904617,0.8107745051383972,-0.049027953296899796,-0.7133352756500244,0.43779999017715454,0.04574999958276749,0.5979106217418859,0,3061,4.8979854411384,0.5498150970564832,7.438031196594238
0.13930000364780426,0.10489598065318395,0.14055000245571136,0.12770196795463562,0.0,-0.13361071050167084,0.18389999866485596,0.14225000143051147,0.07562185540677221,0,3950,4.854362897222954,0.18265000240310791,18.46780014038086
0.2971999943256378,0.20903837403121503,0.2975499927997589,0.11473938822746277,0.0,-0.11132682114839554,0.37209999561309814,0.2954999804496765,0.09840701019246595,0,4310,4.8814389589635745,0.31584708924201754,13.65407943725586
0.26554998755455017,0.2774770972483061,0.27070000767707825,0.17407381534576416,0.0,-0.1793239265680313,0.3889999985694885,0.27364999055862427,0.1488195188872364,0,4081,4.873015295310937,0.24907653255039297,13.891708374023438
0.03804999962449074,0.18964484450962327,0.0502999983727932,0.44267821311950684,0.022744357585906982,-0.4971257150173187,0.1497499942779541,0.05784999951720238,0.19481344453068755,0,3878,4.844435007918057,0.26693684478646085,19.917451858520508
0.04910000041127205,0.2423564552892673,0.066600002348423,0.4545454680919647,0.023448212072253227,-0.4958364963531494,0.19760000705718994,0.07410000264644623,0.2400544308497016,0,3619,4.873616985571841,0.21765425726238385,18.45604133605957
0.04735000059008598,0.5610296719353762,0.07824999839067459,0.7094225883483887,0.0732172280550003,-0.6615484356880188,0.3841499984264374,0.06530000269412994,0.5037389994565145,0,2782,4.910921781747808,0.07440372534520145,1.3122981786727905
0.10899999737739563,0.057499602417032974,0.1306000053882599,0.0875975489616394,0.003517799312248826,-0.1804204285144806,0.18809999525547028,0.15780000388622284,0.05372974004017941,0,2587,4.884447410268088,0.2572413923506113,0.0
0.039000000804662704,0.6149233921546187,0.06624999642372131,0.7843319773674011,0.0064520444720983505,-0.7048340439796448,0.3826499879360199,0.04625000059604645,0.5432231534498948,0,3260,4.892871073920727,0.4746858142138751,5.235639572143555
0.42750000953674316,0.1379844948059304,0.42065000534057617,0.04985993728041649,0.0,-0.05381542444229126,0.4684999883174896,0.42399999499320984,0.047935361426518726,0,3839,4.772731903209567,0.10538924008749906,36.36555480957031
0.028599999845027924,0.41526087054926786,0.046549998223781586,0.7561340928077698,-0.018178561702370644,-0.6686243414878845,0.23440000414848328,0.03254999965429306,0.3947780236521713,0,2745,4.895277834964338,0.6490326689058082,18.29378890991211
0.062950000166893,0.3953073537302179,0.09589999914169312,0.5433476567268372,-0.01209031417965889,-0.5328218340873718,0.3146499991416931,0.09309999644756317,0.3660975000341032,0,2568,4.893171919051178,0.6200730815681309,6.203954219818115
0.09210000187158585,0.18115046552493352,0.11710000038146973,0.26327911019325256,0.01390741765499115,-0.35632815957069397,0.24674999713897705,0.14390000700950623,0.1732161729923335,0,2511,4.89136684826847,0.08001701807968409,3.822991132736206
0.07575000077486038,0.3243490009947898,0.11005000025033951,0.439981609582901,-0.15732376277446747,-0.48058995604515076,0.31369999051094055,0.12200000137090683,0.30731002052457007,0,2846,4.885951635920345,0.6780611288085203,13.538660049438477
0.0580499991774559,0.29172370283139964,0.07795000076293945,0.47705405950546265,0.0,-0.500480592250824,0.2341499924659729,0.08290000259876251,0.2776757679104326,0,4187,4.885349945659444,0.11413247693515383,24.889238357543945
0.08765000104904175,0.3433021505852786,0.10840000212192535,0.44634053111076355,0.0,-0.45037391781806946,0.2860499918460846,0.10949999839067459,0.2957121244712453,0,4101,4.862246848466268,0.5214230364444239,27.353397369384766
0.06915000081062317,0.31167314679515423,0.09404999762773514,0.4543761610984802,-0.19504912197589874,-0.488023966550827,0.2733500003814697,0.10254999995231628,0.2924991443613404,0,2813,4.881138113833123,0.12386140336039753,21.121124267578125
0.022949999198317528,0.05355247494707817,0.02355000004172325,0.31725144386291504,0.0,-0.31341105699539185,0.045049998909235,0.023350000381469727,0.057266006038470124,0,3863,4.827337050284102,0.1455938004745213,7.4444403648376465
0.06925000250339508,0.3236692564038865,0.10180000215768814,0.4549592435359955,-0.027572402730584145,-0.49784189462661743,0.30364999175071716,0.11375000327825546,0.31049703973422915,0,2640,4.880235578441769,0.28143035053331256,16.475521087646484
0.34040001034736633,0.1615545688941487,0.33340001106262207,0.07074183970689774,0.0,-0.05619245767593384,0.3730999827384949,0.3237999975681305,0.061784592674654276,0,4131,4.900693047312462,0.5556336521162261,17.29592514038086
0.05130000039935112,0.6298473042965427,0.08980000019073486,0.7290884256362915,-0.01199455838650465,-0.659203052520752,0.43720000982284546,0.06849999725818634,0.5499154966222726,0,2930,4.895277834964338,0.09506009790702485,9.250697135925293
0.0840499997138977,0.38040253735107604,0.11860000342130661,0.47785812616348267,-0.061969030648469925,-0.46774372458457947,0.32705000042915344,0.11554999649524689,0.3365690716486437,0,3074,4.903099808356073,0.11200674667820587,5.623785018920898
0.38484999537467957,0.20175231094052165,0.375900000333786,0.07851976156234741,0.0,-0.07453680783510208,0.43644997477531433,0.37290000915527344,0.07280326085459729,0,3397,4.846240078700766,0.12044199326120286,33.09627151489258
0.04780000075697899,0.5246595467552965,0.08030000329017639,0.6979191899299622,-0.024206871166825294,-0.6239756345748901,0.3467999994754791,0.0617000013589859,0.47072096508744043,0,2644,4.868502618354166,0.560276907620455,22.84053611755371
0.04365000128746033,0.18525325075404372,0.056699998676776886,0.40777355432510376,0.0,-0.4684790372848511,0.15665000677108765,0.06589999794960022,0.18839528384592874,0,4114,4.838718950439482,0.237904604528549,25.7786865234375
0.1083500012755394,0.0921445791808225,0.1277499943971634,0.1342068612575531,0.008578718639910221,-0.27135321497917175,0.22290000319480896,0.1701499968767166,0.08860087281876859,0,2585,4.895277834964338,0.10745725518018179,2.0751583576202393
0.08105000108480453,0.43922863157355435,0.11424999684095383,0.5353353023529053,-0.012028420343995094,-0.49697303771972656,0.3400000035762787,0.10289999842643738,0.3771874079641136,0,2677,4.898587131399303,0.11932094609597743,10.730435371398926
0.045249998569488525,0.28061173203810413,0.06004999950528145,0.5202802419662476,-0.023567024618387222,-0.5488354563713074,0.20614999532699585,0.06504999846220016,0.2744424234980571,0,2730,4.888659242094408,0.20653893750521723,21.646642684936523
0.10220000147819519,0.20792669644420758,0.10130000114440918,0.2953508198261261,0.0,-0.30817824602127075,0.19155000150203705,0.10419999808073044,0.16465599145543167,0,3553,4.903400653486524,0.37162552157723183,18.63129234313965
0.04284999892115593,0.2194174399046621,0.05635000020265579,0.45644891262054443,0.02764301374554634,-0.510532021522522,0.17390000820159912,0.0649000033736229,0.2213048249598157,0,3812,4.849236766955473,0.44163546330755454,7.934226989746094
0.3987500071525574,0.09675957079359114,0.3655500113964081,0.026512010022997856,0.0,-0.008341779932379723,0.3716999888420105,0.35249999165534973,0.023525564645320834,0,4034,4.868803463484619,0.5805017256473232,26.771472930908203
0.06120000034570694,0.23851318787975387,0.08160000294446945,0.4066765606403351,-0.06729234755039215,-0.44762226939201355,0.2138500064611435,0.09019999951124191,0.23067596423999331,0,2717,4.898286286268852,0.661718986905185,15.576040267944336
0.05065000057220459,0.22968899777254373,0.07129999995231628,0.423332154750824,0.0033737404737621546,-0.48154881596565247,0.20374999940395355,0.08255000412464142,0.23120945199430715,0,3715,4.8255437425512016,0.4995334649356,35.366275787353516
0.06185000017285347,0.18843263385186948,0.07654999941587448,0.35313403606414795,0.0,-0.3923397362232208,0.1753999888896942,0.08384999632835388,0.18086926771894807,0,4324,4.900693047312462,0.18708869523240623,5.630293369293213
0.05694999918341637,0.3818699678584561,0.0831499993801117,0.5646315813064575,-0.05209507420659065,-0.5404173135757446,0.27869999408721924,0.0775499939918518,0.35237956711678003,0,2937,4.876926282006805,0.21293629884013276,10.992984771728516
0.036400001496076584,0.32789080033308243,0.05115000158548355,0.6295710802078247,-0.004946702625602484,-0.602332353591919,0.2061000019311905,0.04684999957680702,0.31725214563139614,0,3395,4.762882451466123,0.4137043700970382,28.820384979248047
0.05694999918341637,0.3460281820797504,0.08744999766349792,0.517075777053833,-0.00660701934248209,-0.5295225381851196,0.2842999994754791,0.09049999713897705,0.33230453204136334,0,2817,4.880837268702673,0.4263230981790873,13.923849105834961
0.0702499970793724,0.15756974858668377,0.0934000015258789,0.27206578850746155,-0.03050508163869381,-0.36559686064720154,0.20104999840259552,0.11505000293254852,0.1580688555250898,0,2547,4.885650790789893,0.4209024089122607,2.073558807373047
0.05380000174045563,0.2194584394886512,0.06750000268220901,0.41196197271347046,0.0025402989704161882,-0.474605917930603,0.1894499957561493,0.07890000194311142,0.21581960202525077,0,3531,4.84924853000528,0.24122121027753207,23.144786834716797
0.24709999561309814,0.3432910432118581,0.22265000641345978,0.19359999895095825,0.0,-0.17491194605827332,0.3170499801635742,0.2141999900341034,0.14959998996618995,0,3599,4.885049100528992,0.47808616027993545,24.146272659301758
0.11389999836683273,0.2602711428997167,0.13379999995231628,0.320000022649765,-0.0003939564630854875,-0.3159509301185608,0.2574000060558319,0.13259999454021454,0.21033709791916336,0,2585,4.908214175573746,0.3027109398475726,17.194955825805664
0.10585000365972519,0.14209164512810352,0.11134999990463257,0.20867663621902466,0.0,-0.23483937978744507,0.17970000207424164,0.11765000224113464,0.11673041856891556,0,3921,4.898887976529754,0.28106348757899025,20.78140640258789
0.04365000128746033,0.20630943166149798,0.057349998503923416,0.4387180507183075,0.0,-0.4866860508918762,0.16609999537467957,0.06480000168085098,0.20789436469131412,0,3592,4.860379799831979,0.4700600098856911,7.438115119934082
0.05094999819993973,0.3414036311320747,0.07554999738931656,0.5482984781265259,0.0,-0.5410085320472717,0.2536500096321106,0.07400000095367432,0.3255905389609412,0,3463,4.8113302805186,0.06236195398936484,15.789231300354004
0.03350000083446503,0.1218725558736388,0.03849999979138374,0.3950709402561188,0.0,-0.4162244200706482,0.0934000015258789,0.04050000011920929,0.12517747579125482,0,3773,4.857973038788368,0.24848845264980945,21.129491806030273
0.0575999990105629,0.4063122442085645,0.08269999921321869,0.576058566570282,0.0,-0.5694950819015503,0.30150002241134644,0.08110000193119049,0.37457514344224413,0,4008,4.882943184615832,0.09673319316307682,19.558303833007812
0.05530000105500221,0.16011563026379577,0.06385000050067902,0.3442392647266388,0.0,-0.3850228488445282,0.14379999041557312,0.07015000283718109,0.15473770209628315,0,4221,4.875722901484998,0.31058417073036615,36.77927017211914
0.039400000125169754,0.2611102469032944,0.05460000038146973,0.5107913613319397,0.09443449974060059,-0.5702479481697083,0.19949999451637268,0.06459999829530716,0.26482135353385544,0,3942,4.883544874876734,0.21808942096904171,17.64394760131836
0.49364998936653137,0.16730200828978925,0.4661499857902527,0.03893527016043663,0.0,-0.03268314152956009,0.49764999747276306,0.46035000681877136,0.03837447586852,0,3727,4.885650790789895,0.46233549028108356,15.804220199584961
0.04670000076293945,0.2569493485620283,0.06790000200271606,0.465139776468277,-0.005264063831418753,-0.5241765975952148,0.2175000011920929,0.07940000295639038,0.25994478137178717,0,3834,4.849310507856858,0.3200458678872129,24.529468536376953
0.04360000044107437,0.3169953663928886,0.061799999326467514,0.5571792721748352,-0.10411657392978668,-0.5751117467880249,0.22910000383853912,0.06515000015497208,0.3096317334451782,0,2815,4.871210224528229,0.011272418342034518,19.122591018676758
0.09274999797344208,0.3654131726690637,0.12330000102519989,0.44574108719825745,-0.026795949786901474,-0.4576644003391266,0.3314000070095062,0.1270499974489212,0.3198132536021841,0,2814,4.881138113833124,0.02327155272272674,21.731998443603516
0.07639999687671661,0.26555655268532674,0.09955000132322311,0.39197152853012085,-0.03398013487458229,-0.4368547797203064,0.2540000081062317,0.11095000058412552,0.24807793413176876,0,2705,4.900693047312462,0.2847485143847234,17.72325325012207
0.037300001829862595,0.2565763857967163,0.044199999421834946,0.5662535429000854,0.020057223737239838,-0.5760191679000854,0.16429999470710754,0.045499999076128006,0.25105662863796735,0,4129,4.887155016442151,0.39456859538889855,12.25605297088623
0.04235000163316727,0.3812826337739855,0.06360000371932983,0.618812620639801,-0.05443916842341423,-0.6098757386207581,0.2624499797821045,0.061799999326467514,0.3651501101752656,0,3094,4.885349945659444,0.18193669931185996,9.202856063842773
0.0471000000834465,0.26912074289374543,0.06300000101327896,0.48571428656578064,0.0015844041481614113,-0.5480630993843079,0.21580000221729279,0.0746999979019165,0.2677419436320646,0,3631,4.864892476788751,0.6882606306822419,22.447345733642578
0.04495000094175339,0.2051334343914178,0.059050001204013824,0.43326130509376526,0.0,-0.474994421005249,0.16589999198913574,0.06560000032186508,0.20567325916927887,0,3990,4.890765158007567,0.5672279434951856,11.181940078735352
0.16064999997615814,0.05497081852213337,0.19904999434947968,0.06397727876901627,0.0,-0.11973465979099274,0.2531999945640564,0.2227500081062317,0.04680053236514796,0,4409,4.886252481050797,0.5993774674502027,10.260951042175293
0.03779999911785126,0.3639527079943725,0.06310000270605087,0.6033653616905212,0.14525961875915527,-0.6174598336219788,0.2667999863624573,0.06599999964237213,0.36167145189935324,0,3737,4.880536423572221,0.1568221326772462,6.5336833000183105
0.12894999980926514,0.06379897501359977,0.14499999582767487,0.08585856854915619,-0.04000180959701538,-0.2178017646074295,0.22574999928474426,0.19005000591278076,0.05847345463423019,0,2508,4.900993892442913,0.15101856669091895,12.201504707336426
0.14174999296665192,0.059006153409148505,0.15299999713897705,0.07411506026983261,0.0,-0.11866362392902374,0.19420000910758972,0.16740000247955322,0.04665739252719228,0,4201,4.908214175573746,0.2805081407341662,9.891523361206055
0.275299996137619,0.23769985462688986,0.26965001225471497,0.13772644102573395,0.0,-0.13635995984077454,0.3547999858856201,0.2689000070095062,0.11466580860448244,0,3819,4.873015295310936,0.10379046936421177,3.8187832832336426
0.053449999541044235,0.2257519945805608,0.06669999659061432,0.42468342185020447,0.0920555591583252,-0.47717028856277466,0.18844999372959137,0.07609999924898148,0.2204237698889599,0,3993,4.8639899413973975,0.14387543367000055,32.05649185180664
0.08134999871253967,0.24107368528689319,0.11559999734163284,0.3460550308227539,0.02719195745885372,-0.4082416296005249,0.2750999927520752,0.133650004863739,0.233480035641446,0,2540,4.886553326181248,0.3075138410251549,1.8543341159820557
0.08084999769926071,0.281732890208078,0.11375000327825546,0.39424997568130493,0.06420882791280746,-0.4205297827720642,0.2788499891757965,0.12115000188350677,0.26283331476483063,0,2738,4.898587131399303,0.23224291305262712,26.77269744873047
0.04565000161528587,0.31893503096916376,0.06435000151395798,0.551027238368988,0.0,-0.5659359097480774,0.23215000331401825,0.06719999760389328,0.30953275571534844,0,3895,4.895578680094789,0.60164335606877,13.263694763183594
0.04230000078678131,0.21801919158883268,0.056699998676776886,0.4553833603858948,-0.0018191756680607796,-0.5078125,0.1737000048160553,0.06499999761581421,0.2207256129194338,0,3817,4.808696415245926,0.06426343819808067,12.90941333770752
0.05719999969005585,0.5109120475077364,0.09014999866485596,0.6280280351638794,-0.010751299560070038,-0.6370407938957214,0.4065999984741211,0.09290000051259995,0.4707853901143758,0,2628,4.910921781747808,0.47250608085269996,13.677459716796875
0.04010000079870224,0.20001592608677682,0.05389999970793724,0.4352533519268036,0.07521005719900131,-0.5091074705123901,0.1657000035047531,0.06520000100135803,0.20625256919646412,0,3994,4.885349945659443,0.30147330883673473,26.3692569732666
0.04179999977350235,0.2653163738504188,0.05490000173449516,0.537743866443634,-0.042567022144794464,-0.5351396799087524,0.18129999935626984,0.054499998688697815,0.2584941580683915,0,2578,4.887455861572603,0.5840710287349891,15.9904203414917
0.05245000123977661,0.31718620566036054,0.0812000036239624,0.4991680383682251,-0.058218665421009064,-0.5379800796508789,0.2703000009059906,0.09030000120401382,0.3137346024761606,0,2788,4.902798963225622,0.33176598962140924,5.920508861541748
0.07514999806880951,0.29145343059763296,0.10164999961853027,0.4162740409374237,-0.07478801161050797,-0.464577317237854,0.2780500054359436,0.11460000276565552,0.27465972301885755,0,2633,4.902798963225622,0.07436383585624207,11.71766471862793
0.06970000267028809,0.1941415710603992,0.09510000050067902,0.31951436400413513,-0.18896320462226868,-0.40169864892959595,0.22280000150203705,0.11490000039339066,0.1932075937647828,0,4064,4.882642339485381,0.21829927437124186,21.048795700073242
0.05925000086426735,0.20282816572821183,0.07604999840259552,0.3789553940296173,0.1060703918337822,-0.4079408347606659,0.18084999918937683,0.08145000040531158,0.1955922842127426,0,3700,4.826985990351878,0.3576868620177409,27.110965728759766
0.06260000169277191,0.17967477973312443,0.0778999999165535,0.33612164855003357,0.22065173089504242,-0.38564667105674744,0.17569999396800995,0.08730000257492065,0.17378766407657922,0,4174,4.806227676350734,0.5138684279176196,37.76422119140625
0.04729999974370003,0.23717973467505174,0.06440000236034393,0.45434045791625977,0.030364414677023888,-0.5005816221237183,0.19349999725818634,0.07259999960660934,0.23671844043796653,0,3868,4.844735853048509,0.5351057293706446,39.130863189697266
0.04390000179409981,0.20964749938813776,0.056049998849630356,0.44703295826911926,0.013357212767004967,-0.49195557832717896,0.16459999978542328,0.06289999932050705,0.20969072286577656,0,3735,4.805977046022054,0.26796860347493956,16.286531448364258
0.0442500002682209,0.27204740018428103,0.06080000102519989,0.5023074746131897,0.08237981051206589,-0.553597629070282,0.21160000562667847,0.07009999454021454,0.27152362362080146,0,3710,4.83544810575648,0.3950711819853736,23.552623748779297
0.03554999828338623,0.19441146323320274,0.04769999906420708,0.4667333960533142,0.0,-0.5090067386627197,0.14660000801086426,0.053300000727176666,0.19995714984754626,0,4224,4.8979854411384,0.6333263218221667,29.813451766967773
0.06565000116825104,0.18439747591695005,0.07744999974966049,0.34016236662864685,0.0,-0.38237640261650085,0.1733500063419342,0.08534999936819077,0.1739818234706171,0,3788,4.891667693398921,0.21108227409533342,10.46596622467041
0.21969999372959137,0.28848037478965494,0.22130000591278076,0.21005259454250336,0.0,-0.21069994568824768,0.33945000171661377,0.2215999960899353,0.16660384412181806,0,3736,4.892269383659824,0.6912771463715184,8.499086380004883
0.04270000010728836,0.2676078127752312,0.0580499991774559,0.5060505867004395,-0.03492084890604019,-0.5592254996299744,0.20534999668598175,0.06735000014305115,0.26789180233450494,0,2621,4.885951635920346,0.05076904047251418,22.47977066040039
0.34584999084472656,0.01659373809608018,0.34415000677108765,0.008178241550922394,0.0,-0.01902655139565468,0.35749998688697815,0.35169997811317444,0.007194850655412042,0,3885,4.891066003138018,0.25922643973153137,19.31517219543457
0.04309999942779541,0.37455581703300933,0.06594999879598618,0.6116050481796265,-0.007397910114377737,-0.5932151079177856,0.2583000063896179,0.06224999949336052,0.3583876768460168,0,3428,4.873304377391581,0.5643273569371114,16.28135108947754
0.034299999475479126,0.21539253914875103,0.048700001090765,0.4811863601207733,0.05272366851568222,-0.5490740537643433,0.1673000007867813,0.05860000103712082,0.22461771485715665,0,3967,4.8739178307022915,0.35289418474723133,14.367727279663086
0.39969998598098755,0.10465682893175843,0.38659998774528503,0.037866950035095215,0.0,-0.03488737344741821,0.4145500063896179,0.38429999351501465,0.03493476484215771,0,4123,4.886252481050796,0.43270388472580845,15.091348648071289
0.4115999937057495,0.02863932319760444,0.3944000005722046,0.009364843368530273,0.0,-0.0021505551412701607,0.3961000144481659,0.38875001668930054,0.008580765358691475,0,4354,4.883244029746284,0.6045110495306534,8.339518547058105
0.4808500111103058,0.44971798933815677,0.4472000002861023,0.0809570848941803,0.0,-0.050429996103048325,0.49470001459121704,0.4205999970436096,0.07853460425893777,0,3783,4.863689096266945,0.5422611596962961,17.896068572998047
0.044199999421834946,0.2042765900232181,0.05705000087618828,0.4328165352344513,0.07837168872356415,-0.48925691843032837,0.16634999215602875,0.06584999710321426,0.20588636272957814,0,3627,4.847744304353023,0.2594626311959821,20.690664291381836
0.02734999917447567,0.0694429950201537,0.03595000132918358,0.2386404275894165,0.0,-0.4130612015724182,0.08654999732971191,0.053199999034404755,0.07819460371593152,0,3899,4.881438958963575,0.3273146153098794,21.248292922973633
0.04405000060796738,0.22024158959891907,0.06340000033378601,0.45458340644836426,-0.0008500441326759756,-0.46621763706207275,0.1741500049829483,0.06530000269412994,0.2208060068132836,0,2428,4.8865533261812475,0.6104654730777951,8.24656867980957
0.1460999995470047,0.25074190969868426,0.16529999673366547,0.2633243203163147,0.00495275529101491,-0.2570786774158478,0.27970001101493835,0.163100004196167,0.18551125096131296,0,3924,4.885349945659442,0.6972650952795046,14.107443809509277
0.04859999939799309,0.5819131704632517,0.08415000140666962,0.7170014977455139,-0.0068968902342021465,-0.6505035758018494,0.39739999175071716,0.06549999862909317,0.5170318773043729,0,3045,4.903400653486524,0.3165556436175079,18.060646057128906
0.0502999983727932,0.21160089033782886,0.0681999996304512,0.4089191257953644,0.026129819452762604,-0.4642576575279236,0.18639999628067017,0.07819999754428864,0.21226785170721296,0,3596,4.868803463484619,0.20569107241105244,19.63370704650879
0.05570000037550926,0.39089361752119456,0.07680000364780426,0.5755215287208557,0.0,-0.5733333230018616,0.2831999957561493,0.0763000026345253,0.36108201310475213,0,4219,4.883845720007186,0.13479447893880803,18.971895217895508
0.10734999924898148,0.316825832499661,0.13500000536441803,0.3812796175479889,-0.0031538016628473997,-0.36686596274375916,0.29144999384880066,0.13054999709129333,0.2617678931755461,0,2679,4.910921781747808,0.5464466175949885,14.658377647399902
0.0917000025510788,0.09993190419174328,0.10559999942779541,0.16463212668895721,-0.016480861231684685,-0.25132930278778076,0.17649999260902405,0.1265999972820282,0.09320133723404461,0,2530,4.908515020704198,0.2942431963009482,6.203878879547119
0.030400000512599945,0.40485664655372566,0.03970000147819519,0.7346482872962952,0.2325979471206665,-0.7088909149169922,0.23305000364780426,0.03564999997615814,0.3851957904403982,0,3930,4.865795012180104,0.15925862398939006,27.863492965698242
0.10625000298023224,0.278554237660258,0.09375,0.3701047897338867,0.0,-0.33047670125961304,0.18629999458789825,0.0856499969959259,0.19557613580408273,0,3996,4.884146565137638,0.2410505104937838,26.27349090576172
0.061900001019239426,0.4171686815557018,0.0970500037074089,0.5629408359527588,-0.04941132292151451,-0.542108952999115,0.3268499970436096,0.09139999747276306,0.3846174804959094,0,2618,4.89347276418163,0.2118546043258236,8.49921703338623
0.05184999853372574,0.19855634297842953,0.06655000150203705,0.39469456672668457,0.0,-0.4455321729183197,0.17350000143051147,0.07529999315738678,0.19671476158430468,0,4031,4.883244029746283,0.06131833179589419,34.562767028808594
0.04699999839067459,0.30094188227334656,0.06615000218153,0.5233022570610046,0.18134191632270813,-0.5514493584632874,0.2287999987602234,0.07159999758005142,0.29460270220942386,0,3788,4.873015295310937,0.29332720945273394,31.78557014465332
0.04399999976158142,0.1795911674034559,0.05559999868273735,0.4022243022918701,0.0143860699608922,-0.4625422954559326,0.15129999816417694,0.06449999660253525,0.18189438850847756,0,4005,4.795397251654485,0.023820835357999504,34.98766326904297
0.03009999915957451,0.4271316242045925,0.04960000142455101,0.744815468788147,-0.001966484123840928,-0.6668905019760132,0.24819999933242798,0.03629999980330467,0.4051625234465949,0,2793,4.869694235826165,0.5614585255116337,2.074972152709961
0.041850000619888306,0.18448678194840595,0.0551999993622303,0.413241982460022,0.0,-0.47416049242019653,0.15474998950958252,0.06424999982118607,0.1888038755869081,0,3947,4.84714261409212,0.2913145691160959,16.089405059814453
0.049550000578165054,0.3057303626147185,0.06840000301599503,0.5100650191307068,0.08515236526727676,-0.561819314956665,0.24379999935626984,0.07909999787807465,0.30021874231084505,0,3781,4.886252481050798,0.16944888576554884,31.066688537597656
0.03905000165104866,0.2821300867039988,0.05415000021457672,0.5560868978500366,-0.019860032945871353,-0.5657578110694885,0.195250004529953,0.05570000037550926,0.2787469270447874,0,3362,4.815854720525179,0.03566224867655421,7.931086540222168
0.03909999877214432,0.6149933662506895,0.07729999721050262,0.7765716910362244,-0.01680668815970421,-0.671133816242218,0.3928000032901764,0.049400001764297485,0.5466992141005534,0,2922,4.89106600313802,0.1436965007583243,0.0
0.1083500012755394,0.18438942435933636,0.12319999933242798,0.2507374882698059,0.0,-0.2874494194984436,0.22260001301765442,0.13334999978542328,0.15640518470223608,0,4097,4.885650790789895,0.6107788371747979,32.94462966918945
0.06599999964237213,0.22417081429950025,0.08675000071525574,0.3707483112812042,-0.017588354647159576,-0.43741893768310547,0.22165000438690186,0.10175000131130219,0.21842361351563905,0,2554,4.870307689136874,0.3124841285555383,2.7838521003723145
0.044849999248981476,0.21632942829291957,0.06080000102519989,0.43940308690071106,0.0,-0.4917449951171875,0.17844998836517334,0.06949999928474426,0.21849720745919127,0,3852,4.896481215486143,0.1603708610683383,8.33952808380127
0.03849999979138374,0.2980850319597794,0.052000001072883606,0.574023962020874,-0.01736200600862503,-0.5931142568588257,0.20360000431537628,0.05510000139474869,0.2935943096144473,0,3781,4.8299944416563925,0.17378810684803359,23.761898040771484
0.043800000101327896,0.17233529285483878,0.05739999935030937,0.3912634551525116,0.0,-0.44136250019073486,0.14809998869895935,0.06480000168085098,0.1752699988964696,0,3921,4.848947684874828,0.25960523968710414,19.004045486450195
0.04809999838471413,0.327143772732418,0.06859999895095825,0.5454545617103577,0.06153886020183563,-0.5598331689834595,0.24310000240802765,0.07150000333786011,0.3159833007484001,0,3513,4.865193321919202,0.1601489931601956,25.04383659362793
0.13774999976158142,0.3171744918617933,0.14830000698566437,0.3298310339450836,0.0,-0.32498863339424133,0.29110002517700195,0.14669999480247498,0.2309661345139773,0,3677,4.891066003138018,0.15883339348510306,22.03289794921875
0.029850000515580177,0.2995556904613553,0.04884999990463257,0.6316925883293152,-0.03357939049601555,-0.5891505479812622,0.18895000219345093,0.042649999260902405,0.2999589994021001,0,2506,4.89377360931208,0.20893041458652628,11.89612865447998
0.039650000631809235,0.20759023359610548,0.053599998354911804,0.4578557014465332,-0.010978986509144306,-0.5031286478042603,0.16214999556541443,0.06030000001192093,0.21146791371789317,0,3639,4.872714450180485,0.46500076255164347,20.284231185913086
0.20409999787807465,0.2101145282654287,0.1979999989271164,0.16312362253665924,0.0,-0.1503968983888626,0.26809999346733093,0.19290000200271606,0.11737771876028913,0,3775,4.893472764181629,0.46777826565763925,1.8543341159820557
0.03620000183582306,0.11862567435578522,0.04334999993443489,0.35103246569633484,0.0,-0.40778687596321106,0.10305000096559525,0.0494999997317791,0.12309401848882326,0,3996,4.857973038788369,0.03154082375380485,5.2352986335754395
0.03189999982714653,0.1882453536403975,0.04399999976158142,0.4631948173046112,0.0742834135890007,-0.537085771560669,0.1460999995470047,0.053599998354911804,0.19829927426638239,0,4102,4.8043990794684115,0.031277566732481055,3.931091547012329
0.04010000079870224,0.19991608531488098,0.05469999834895134,0.4366135895252228,0.0,-0.5011399984359741,0.16459999978542328,0.0645499974489212,0.20582185294381877,0,3971,4.821570778003754,0.638320841067314,4.724086761474609
0.07590000331401825,0.5045172453788976,0.10700000077486038,0.5925846695899963,0.335066556930542,-0.5548158884048462,0.37369999289512634,0.09560000151395798,0.4303621061362538,0,3883,4.897684596007949,0.5519807900179382,25.912273406982422
0.05299999937415123,0.6190279782614747,0.08169999718666077,0.7423050999641418,-0.04170117527246475,-0.6519331336021423,0.3877499997615814,0.057350002229213715,0.5243889485288336,0,3006,4.892570228790276,0.5338863681362991,11.91817569732666
0.0731000006198883,0.39959016372231754,0.10554999858140945,0.5152261257171631,-0.0633552223443985,-0.5244424343109131,0.33834999799728394,0.10824999958276749,0.3646207463597487,0,2628,4.879934733311318,0.3965356479391916,18.061935424804688
0.03150000050663948,0.1846250537485106,0.04650000110268593,0.44214487075805664,0.0895916298031807,-0.5345345139503479,0.15330000221729279,0.059300001710653305,0.19786696601564474,0,4071,4.810126899996796,0.40241223108963464,26.939727783203125
0.06485000252723694,0.32103286253323093,0.08955000340938568,0.4757123291492462,0.11439920216798782,-0.5044957399368286,0.2718999981880188,0.0966000035405159,0.30276337529984726,0,3690,4.888960087224859,0.3165639284875179,33.81422424316406
0.029899999499320984,0.36649636438525013,0.04820000007748604,0.6911987662315369,-0.07434576749801636,-0.6444116830825806,0.22290000319480896,0.040699999779462814,0.35790990578640375,0,2759,4.890765158007568,0.4712305113074827,32.83592224121094
0.06650000065565109,0.5678109026551724,0.09759999811649323,0.6579384803771973,-0.05041269585490227,-0.6068479418754578,0.39890000224113464,0.08229999989271164,0.48399918720939117,0,2762,4.889862622616213,0.10320040286630938,14.966060638427734
0.050050001591444016,0.33341606270646035,0.07114999741315842,0.5451139211654663,0.0031102134380489588,-0.5533584356307983,0.24744999408721924,0.07285000383853912,0.3192734195236747,0,3695,4.88023557844177,0.004392383779798337,7.93425989151001
0.38534998893737793,0.5728544396920412,0.3434999883174896,0.10539848357439041,0.0,-0.04550192505121231,0.3762499988079071,0.3044999837875366,0.09114971341687575,0,3904,4.88023557844177,0.15881590075842122,38.394935607910156
0.1026500016450882,0.07286840101676997,0.11670000106096268,0.11616925895214081,0.0018450848292559385,-0.17292699217796326,0.1655000001192093,0.1310500055551529,0.06487350634356767,0,2561,4.88264233948538,0.4674891823434454,6.721874713897705
0.033399999141693115,0.7533865903277273,0.06849999725818634,0.8556212782859802,-0.007516204845160246,-0.7457784414291382,0.47040000557899475,0.03660000115633011,0.6461767649272955,0,3001,4.878731352789512,0.16304033950377228,8.739646911621094
0.04594999924302101,0.532712184097263,0.0750499963760376,0.7102872729301453,-0.06682568043470383,-0.6454470753669739,0.3483000099658966,0.05900000035762787,0.4782872362777396,0,2582,4.903099808356073,0.512827292213886,3.9314279556274414
0.04235000163316727,0.15830251685933927,0.05079999938607216,0.390445739030838,0.0,-0.43882906436920166,0.1302500069141388,0.057099997997283936,0.15963484773586684,0,4142,4.888358396963957,0.5252392934444398,23.02346420288086
0.0348999984562397,0.17913056378094433,0.04839999973773956,0.43334972858428955,0.12814050912857056,-0.5012879967689514,0.14569999277591705,0.0575999990105629,0.18789988936634544,0,3913,4.86699839270191,0.03914649289622707,18.450178146362305
0.062300000339746475,0.49539247774597817,0.09889999777078629,0.6113724112510681,-0.12859107553958893,-0.5915755033493042,0.3853999972343445,0.0929500013589859,0.44838247502812273,0,2618,4.881138113833123,0.5472021101128643,9.593652725219727
0.03685000166296959,0.15568707342783486,0.04455000162124634,0.41622889041900635,0.0,-0.4627675712108612,0.12130000442266464,0.04999999701976776,0.15931775789444397,0,3649,4.89557868009479,0.20948457954795985,22.050262451171875
0.06804999709129333,0.19156343230279485,0.08110000193119049,0.3392565846443176,0.0,-0.38965192437171936,0.1846500039100647,0.09109999984502792,0.18088946879574405,0,3812,4.890464312877116,0.10580750588116339,36.08332061767578
0.31029999256134033,0.5494445831331802,0.28040000796318054,0.17655052244663239,0.10374900698661804,-0.10501114279031754,0.34619998931884766,0.24230000376701355,0.14317866726477568,0,4233,4.900693047312462,0.6289024900212081,20.28154754638672
0.05649999901652336,0.5581959926084089,0.093299999833107,0.6746330857276917,0.0030925339087843895,-0.6212705373764038,0.399399995803833,0.07760000228881836,0.49406345057817114,0,3253,4.898887976529753,0.37241460629680523,17.363767623901367
0.23704999685287476,0.17510753205946958,0.24089999496936798,0.12748269736766815,0.0,-0.1443033516407013,0.32214999198913574,0.2493000030517578,0.10198794522547572,0,3827,4.8895617774857625,0.09864450053543017,8.240654945373535
0.037700001150369644,0.23407402050180756,0.052299998700618744,0.4848851263523102,-0.017776135355234146,-0.5577167272567749,0.1842000037431717,0.06390000134706497,0.24121107120216367,0,2847,4.857973038788369,0.5030227233166739,13.051843643188477
0.07590000331401825,0.14141450668476813,0.10175000131130219,0.23500578105449677,0.0,-0.355808824300766,0.21415001153945923,0.1326500028371811,0.14436704177834692,0,3813,4.819152253910335,0.5081381724045188,19.089183807373047
0.0333000011742115,0.2684556976217988,0.05000000074505806,0.5642269253730774,-0.01077303383499384,-0.5751911401748657,0.18539999425411224,0.051649998873472214,0.272199979569407,0,3552,4.707951748296681,0.07935884348915045,27.61585235595703
0.058649998158216476,0.40625280497015015,0.08924999833106995,0.5666666626930237,-0.010354185476899147,-0.5557491183280945,0.31255000829696655,0.0864500030875206,0.377252506695598,0,2672,4.893171919051178,0.6039376200282565,7.210790157318115
0.054099999368190765,0.14440894519206643,0.06424999982118607,0.31682243943214417,0.0,-0.37362906336784363,0.14090000092983246,0.0731000006198883,0.14243697513190293,0,3784,4.900993892442913,0.3283566245907541,1.3122998476028442
0.03720000013709068,0.4039516587234176,0.05835000053048134,0.6775367856025696,-0.0164717435836792,-0.6256015300750732,0.25334998965263367,0.048700001090765,0.3827379669417814,0,2736,4.8844356472182815,0.3509670620854073,25.63835906982422
0.11225000023841858,0.1751780315144391,0.11330000311136246,0.23847121000289917,0.0,-0.2674963176250458,0.1960499882698059,0.1205500066280365,0.13868475773970806,0,3881,4.877828817398158,0.026467663842357214,28.731510162353516
0.04414999857544899,0.2648744096363229,0.058649998158216476,0.5049130916595459,0.007920602336525917,-0.5449078679084778,0.19910000264644623,0.06549999862909317,0.2620978363742002,0,3747,4.8402231760917385,0.2841718057550353,26.676372528076172
0.11755000054836273,0.04509744417206211,0.13324999809265137,0.06656627357006073,0.011412016116082668,-0.1411537081003189,0.17704999446868896,0.15494999289512634,0.039843753442087695,0,2527,4.865193321919201,0.3911085829937334,8.488897323608398
0.04399999976158142,0.3262708356546564,0.06589999794960022,0.5632259845733643,-0.004067998845130205,-0.5627073645591736,0.23549999296665192,0.0658000037074089,0.3176712653755395,0,3705,4.839922330961288,0.4913467261452057,17.295902252197266
0.10535000264644623,0.1329589344358907,0.11415000259876251,0.1931004524230957,-0.026798157021403313,-0.2825267016887665,0.2040500044822693,0.1379999965429306,0.11765929789012972,0,2473,4.902798963225622,0.05083854692398371,4.631058692932129
0.03844999894499779,0.24357098805464805,0.053300000727176666,0.518632173538208,0.0,-0.5293598175048828,0.17319999635219574,0.05490000173449516,0.243716512007768,0,3611,4.885349945659442,0.10497717184718613,2.0752809047698975
0.0377499982714653,0.3038820516698926,0.05764999985694885,0.5747211575508118,-0.006064843852072954,-0.572091281414032,0.2117999941110611,0.05719999969005585,0.30156045968900635,0,3693,4.865556144901233,0.3059697145288871,12.966705322265625
0.058649998158216476,0.41533048649922305,0.08555000275373459,0.5787054896354675,-0.06101616844534874,-0.5665062069892883,0.30915001034736633,0.08250000327825546,0.3812875067665417,0,2813,4.900693047312462,0.6789952005198651,19.56414222717285
0.0685499981045723,0.3840134951333252,0.09669999778270721,0.5197175741195679,0.0,-0.5269659161567688,0.3121500015258789,0.0986500084400177,0.3516139505101488,0,3906,4.88023557844177,0.02310717494928638,34.8698844909668
0.040049999952316284,0.13911338363908315,0.04975000023841858,0.3633549213409424,0.0,-0.4176177978515625,0.12110000103712082,0.05654999986290932,0.14288349683865978,0,3910,4.816807470718304,0.062130150425360076,5.397122859954834
0.04385000094771385,0.1913212505644581,0.05860000103712082,0.40605300664901733,0.06847339123487473,-0.4810715317726135,0.16725000739097595,0.07064999639987946,0.19636809288825274,0,3821,4.726916754564925,0.3134572918783016,22.073637008666992
0.07535000145435333,0.3748640538346416,0.1050499975681305,0.49290820956230164,-0.03076602704823017,-0.503837525844574,0.31839999556541443,0.10814999788999557,0.34037558549538277,0,2935,4.895277834964338,0.5041404573879009,7.883602142333984
0.06920000165700912,0.1224210143168323,0.07729999721050262,0.24355924129486084,0.0,-0.3001358211040497,0.1436000019311905,0.08734999597072601,0.11543198465405657,0,4111,4.864880713738943,0.35954227353433044,17.454992294311523
0.05144999921321869,0.49270985196118877,0.07779999822378159,0.6647918820381165,0.05743315443396568,-0.6212269067764282,0.3330000042915344,0.06705000251531601,0.4432253759761777,0,3253,4.89587952522524,0.6659898080373584,12.708110809326172
0.053700000047683716,0.47695885818198946,0.08635000139474869,0.6284865140914917,-0.02016211673617363,-0.6097174882888794,0.3561500012874603,0.08124999701976776,0.4398869288949937,0,2486,4.89347276418163,0.1886274026971767,18.15047836303711
0.0551999993622303,0.32842786578215594,0.07524999976158142,0.5191876888275146,0.040123678743839264,-0.543385922908783,0.2543500065803528,0.08049999922513962,0.31236151310942967,0,2802,4.872100996869776,0.2652711184098234,25.216636657714844
0.052799999713897705,0.30282023983066575,0.06719999760389328,0.5142953395843506,0.07355456799268723,-0.5401984453201294,0.22509999573230743,0.0722000002861023,0.28765833979009825,0,3714,4.8688034634846185,0.3283619527368463,17.722782135009766
0.3689500093460083,0.14378405121866228,0.3640500009059906,0.06361448764801025,0.0,-0.07195205241441727,0.4204999804496765,0.3702000081539154,0.05845661974884726,0,4002,4.888960087224859,0.5511053690936004,33.95918655395508
0.7247999906539917,0.20057657475808394,0.7045000195503235,0.025453556329011917,0.0,-0.0172281414270401,0.729200005531311,0.6929999589920044,0.02824891832854954,0,3929,4.900392202182011,0.4264502499762062,31.23121452331543
0.044599998742341995,0.19660134213125968,0.05420000106096268,0.425884485244751,0.01577822118997574,-0.4920337200164795,0.15919999778270721,0.0640999972820282,0.19722107247940923,0,3820,4.823437826638043,0.43804891248981936,18.81190299987793
0.09570000320672989,0.2048154368800634,0.12155000120401382,0.2801317572593689,-0.00035342128830961883,-0.41152265667915344,0.29155001044273376,0.16394999623298645,0.20031399265032007,0,2803,4.901294737573365,0.252457030240439,9.59363079071045
0.06650000065565109,0.2662493040991701,0.08789999783039093,0.41551724076271057,-0.09644749015569687,-0.47396770119667053,0.24629999697208405,0.10170000046491623,0.2557782964814993,0,2613,4.874820366093646,0.03217507733635905,15.419432640075684
0.5228999853134155,0.3630999876773344,0.49184998869895935,0.06359301507472992,0.0,-0.04220827668905258,0.5351999998092651,0.47119998931884766,0.06372810437365306,0,4064,4.89587952522524,0.2948233049167537,21.286081314086914
0.06120000034570694,0.1885245972510437,0.07209999859333038,0.3656903803348541,0.10847349464893341,-0.3871653378009796,0.1632000058889389,0.07580000162124634,0.177401901311526,0,3797,4.880536423572222,0.5088335006941116,38.28955078125
0.15299999713897705,0.15043353039572055,0.16179999709129333,0.16483518481254578,0.0,-0.20734846591949463,0.2464500069618225,0.17669999599456787,0.113334795120858,0,3867,4.888057551833505,0.2252568457758981,27.413944244384766
0.03294999897480011,0.2502785308182665,0.04960000142455101,0.5472868084907532,0.0037905611097812653,-0.557636559009552,0.17464999854564667,0.051100000739097595,0.2553565234481141,0,3744,4.820429375333528,0.3153058745070726,4.724732875823975
0.03779999911785126,0.1855185928549744,0.05570000037550926,0.41578948497772217,0.1316174864768982,-0.4868724048137665,0.16140000522136688,0.066600002348423,0.1953296742181473,0,4150,4.82456746625846,0.47965000069477437,28.56048011779785
0.042149998247623444,0.24479279834268802,0.05534999817609787,0.48916715383529663,0.05601205676794052,-0.5437873601913452,0.18729999661445618,0.06424999982118607,0.245592437050475,0,3807,4.873015295310937,0.6140605900361997,8.339515686035156
0.028850000351667404,0.42838308711751794,0.04574999958276749,0.7389680743217468,-0.012007219716906548,-0.6969195008277893,0.2561500072479248,0.038450002670288086,0.41096149356965955,0,2915,4.859778109571076,0.06714021551991611,26.51466941833496
0.06445000320672989,0.20039023971828995,0.0851999968290329,0.3555908799171448,-0.014727122150361538,-0.38494858145713806,0.19185000658035278,0.09120000153779984,0.19280378775125323,0,2643,4.86699839270191,0.021076723907553885,17.467775344848633
0.2727000117301941,0.10886280745941282,0.26159998774528503,0.06364617496728897,0.0,-0.061356320977211,0.29580000042915344,0.2603999972343445,0.0502745738588147,0,3985,4.882943184615832,0.2621532226399311,16.576251983642578
0.038100000470876694,0.4471561567278317,0.05119999870657921,0.7260638475418091,0.047971904277801514,-0.6705276966094971,0.2596000134944916,0.041200000792741776,0.4090909255842248,0,3640,4.872413605050034,0.14853588963122277,27.962053298950195
0.02979999966919422,0.07451158577592466,0.03689999878406525,0.2827586233615875,0.25384321808815,-0.33692723512649536,0.07440000027418137,0.041600000113248825,0.07987013021177714,0,4213,4.863087406006041,0.26969802538617227,6.721828460693359
0.10474999994039536,0.21687451696086993,0.12144999951124191,0.28777068853378296,0.0,-0.35851049423217773,0.2572000026702881,0.14225000143051147,0.1917004848224355,0,3501,4.873015295310938,0.4201239947143829,29.86640167236328
0.13079999387264252,0.1822398798310865,0.15379999577999115,0.218253955245018,-0.0157170407474041,-0.3094623386859894,0.2916499972343445,0.1871500015258789,0.16014506922889504,0,2767,4.876625436876353,0.6554421198788384,7.435786247253418
0.04320000112056732,0.17099586519559817,0.04580000042915344,0.4249022901058197,0.045681506395339966,-0.471741646528244,0.12759999930858612,0.051500000059604645,0.16809011777304242,0,4112,4.840824866352642,0.29902919985141874,25.290441513061523
0.23154999315738678,0.1601858790272374,0.23839999735355377,0.1187465563416481,0.0,-0.12296512722969055,0.30524998903274536,0.24044999480247498,0.09295208266993929,0,3756,4.903701498616976,0.4771752908641006,2.0752482414245605
0.04699999839067459,0.2904698426503307,0.06504999846220016,0.5193554162979126,-0.0008639205479994416,-0.5384888052940369,0.21684999763965607,0.06859999895095825,0.28311795658323896,0,3601,4.8763245917459015,0.17445537243850595,14.63338565826416
0.030050000175833702,0.3943521956465515,0.04735000059008598,0.7094812393188477,-0.005211060866713524,-0.6691703200340271,0.23890000581741333,0.0406000018119812,0.3815907672826705,0,2660,4.905807414530135,0.46103088139040393,4.98740291595459
0.04544999822974205,0.211198913360496,0.0575999990105629,0.4307754635810852,0.0,-0.5072711706161499,0.1762000024318695,0.07010000199079514,0.21325204303694129,0,4056,4.864591631658299,0.304291233848932,13.145838737487793
0.05245000123977661,0.3701328827434111,0.07769999653100967,0.5637650489807129,-0.06330826133489609,-0.5608929395675659,0.27619999647140503,0.07705000042915344,0.3501025433911512,0,2560,4.893773609312081,0.18165275625520294,18.797531127929688
0.041999999433755875,0.3042456741096786,0.05310000106692314,0.5685087442398071,-0.00885408092290163,-0.5920092463493347,0.20720000565052032,0.05700000002980232,0.29481811928345325,0,3443,4.787876123393201,0.21773315779803837,11.4688720703125
0.04439999908208847,0.20437851059073509,0.05649999901652336,0.4375966489315033,-0.0042844354175031185,-0.4844890534877777,0.16269999742507935,0.06364999711513519,0.20455015017789796,0,3594,4.819753944171239,0.13932238133960007,16.457643508911133
0.04769999906420708,0.2816166797263682,0.06830000132322311,0.49090906977653503,0.0037126578390598297,-0.5414568781852722,0.2295999974012375,0.07840000092983246,0.28069306333609484,0,3595,4.868502618354166,0.1249016238861883,23.97246551513672
0.03060000017285347,0.1802718226439212,0.0430000014603138,0.45623067021369934,0.17145252227783203,-0.5336225628852844,0.14139999449253082,0.052799999713897705,0.19144337838820308,0,4117,4.836913879656773,0.1388600838527796,28.126283645629883
0.6077499985694885,0.15137668495167333,0.593999981880188,0.031137628480792046,0.0,-0.03008534573018551,0.6308500170707703,0.5927500128746033,0.03315734816740619,0,3761,4.848947684874828,0.6516000244082292,30.117528915405273
0.17384999990463257,0.06905020277550561,0.18964999914169312,0.07574343681335449,-0.001816773903556168,-0.20523835718631744,0.28760001063346863,0.24709999561309814,0.058712691759740004,0,2457,4.885349945659443,0.13652802482548476,3.9312942028045654
0.060100000351667404,0.41690922950942894,0.08935000002384186,0.573807418346405,-0.023670515045523643,-0.5572348833084106,0.31424999237060547,0.08510000258684158,0.3821926798275117,0,2760,4.895277834964338,0.5439744064496639,20.284225463867188
0.056299999356269836,0.24028436827323818,0.07320000231266022,0.4193548560142517,-0.018086375668644905,-0.4911366105079651,0.21450001001358032,0.08775000274181366,0.2369897262508603,0,3827,4.896481215486143,0.3945213755734913,28.13153076171875
0.05979999899864197,0.24647193219938834,0.07495000213384628,0.4251232445240021,1.6723341104807332e-05,-0.47320330142974854,0.20960000157356262,0.08455000072717667,0.23619593367267352,0,3809,4.842930782265801,0.2647371983042681,20.297243118286133
0.048700001090765,0.180546475406141,0.061250001192092896,0.3826785683631897,0.0,-0.4444444477558136,0.15925000607967377,0.07109999656677246,0.18104335426881696,0,3768,4.856769658266564,0.6140368308965823,3.3430919647216797
0.0637499988079071,0.2546635614283862,0.08869999647140503,0.4022860527038574,-0.0028791443910449743,-0.4785420596599579,0.2515000104904175,0.10719999670982361,0.2520671001000896,0,2521,4.882943184615832,0.24631155554310613,1.3122659921646118
0.47244998812675476,0.3914237239479066,0.42250001430511475,0.05248088017106056,0.0,-0.021651005372405052,0.44119998812675476,0.3972000181674957,0.04931257817431473,0,3614,4.900993892442913,0.49844213309256846,17.299779891967773
0.04190000146627426,0.2864413838128297,0.061400000005960464,0.5265564322471619,0.12763231992721558,-0.5589080452919006,0.21699999272823334,0.06729999929666519,0.28630625070849625,0,3729,4.872714450180485,0.4127157348924523,14.231229782104492
0.06445000320672989,0.30285370121166383,0.09605000168085098,0.4576224386692047,-0.03558523952960968,-0.46771955490112305,0.264849990606308,0.09854999929666519,0.2889159021098631,0,2768,4.882943184615832,0.03470060339447689,9.374482154846191
0.04490000009536743,0.22407371125810477,0.060499999672174454,0.4456140398979187,-0.025586280971765518,-0.5079300403594971,0.18539999425411224,0.07109999656677246,0.22663582103281693,0,3710,4.839922330961286,0.48900276389248776,12.200400352478027
0.05824999883770943,0.22245698746880357,0.06909999996423721,0.414539098739624,0.0,-0.44841352105140686,0.1814500093460083,0.07509999722242355,0.21085852461881868,0,3949,4.903099808356073,0.058391757774322484,16.265323638916016
0.1651500016450882,0.172132553171382,0.16865000128746033,0.17115123569965363,0.0,-0.17115123569965363,0.23829999566078186,0.16865000128746033,0.11519377243676696,0,4225,4.891066003138018,0.1720994249284874,20.701946258544922
0.052400000393390656,0.2727803755213858,0.06989999860525131,0.477342426776886,0.24698525667190552,-0.5123822689056396,0.2168000042438507,0.07670000195503235,0.26483932172844304,0,4137,4.898286286268851,0.5920059758315285,29.172012329101562
0.125450000166893,0.1287097500799408,0.1331000030040741,0.16768525540828705,0.0,-0.19075849652290344,0.19585001468658447,0.1395999938249588,0.10099351299638262,0,4013,4.891066003138018,0.6034529174590207,10.693971633911133
0.049800001084804535,0.28360257567981617,0.06719999760389328,0.5057654976844788,0.01634567603468895,-0.5189692378044128,0.21220000088214874,0.06965000182390213,0.2734859600272469,0,3478,4.852557826440244,0.09277523914625574,16.245059967041016
0.032999999821186066,0.3617632877278801,0.04410000145435333,0.6656869649887085,0.4522896409034729,-0.6742983460426331,0.22669999301433563,0.045499999076128006,0.3519813438116041,0,4115,4.883845720007186,0.0454753290263068,31.625307083129883
0.053849998861551285,0.27238714617874893,0.0746999979019165,0.4640270471572876,0.0,-0.5054618120193481,0.227400004863739,0.0832500010728836,0.2667304065907671,0,3647,4.890163467746665,0.5465035719927814,24.224382400512695
0.040699999779462814,0.3141097593748856,0.05620000138878822,0.5667365193367004,0.002795231994241476,-0.5991440415382385,0.22419999539852142,0.06199999898672104,0.3094632362697299,0,3856,4.870909379397777,0.31318989484935744,21.320642471313477
0.07649999856948853,0.2588133932041239,0.0908999964594841,0.3919239938259125,0.3302763104438782,-0.4411312937736511,0.23440000414848328,0.10239999741315842,0.23661569040807645,0,3927,4.887756706703053,0.30612054091260565,34.498207092285156
0.03720000013709068,0.13374346612518495,0.043549999594688416,0.38143670558929443,0.0,-0.427726686000824,0.10864999890327454,0.04865000396966934,0.13692376693600106,0,3844,4.8663849393911995,0.0025745130927369297,43.31594467163086
0.0421999990940094,0.3524745972396556,0.06745000183582306,0.6001321077346802,-0.005617401096969843,-0.5644874572753906,0.24230000376701355,0.06055000051856041,0.33957153069367974,0,2731,4.885349945659443,0.3153420212461754,5.920492172241211
0.041200000792741776,0.2544046764735203,0.056699998676776886,0.5027322173118591,0.10617491602897644,-0.5449438095092773,0.19249999523162842,0.06369999796152115,0.2554879630312473,0,3950,4.885650790789894,0.6372688133462,18.677425384521484
0.08889999985694885,0.2223165797557836,0.10809999704360962,0.32250842452049255,-0.07779601961374283,-0.37205928564071655,0.2362000048160553,0.12099999934434891,0.20158656949239148,0,3887,4.889862622616214,0.07478028360095634,11.46877384185791
0.04270000010728836,0.2730715471461708,0.05719999969005585,0.5229007601737976,0.0502227358520031,-0.554343581199646,0.19949999451637268,0.0625,0.2696850305162877,0,3446,4.798756762891223,0.649178917353396,41.69102096557617
0.06224999949336052,0.09078000333391847,0.06634999811649323,0.21381577849388123,0.0,-0.25049421191215515,0.11069999635219574,0.07169999927282333,0.0857268405540913,0,4184,4.865193321919202,0.4830364442471119,4.6273674964904785
0.07670000195503235,0.14654990289813405,0.08869999647140503,0.2603561282157898,0.0,-0.309190034866333,0.1680999994277954,0.0986500009894371,0.13586566364636438,0,4249,4.883005162467411,0.5257567211550757,25.290298461914062
0.050200000405311584,0.21469763332763567,0.06549999862909317,0.41242516040802,0.14241905510425568,-0.48465776443481445,0.18870000541210175,0.07850000262260437,0.21545881445919945,0,3737,4.863689096266945,0.5548514367875252,32.26963806152344
0.0997999981045723,0.0986189775419384,0.1221499964594841,0.150522843003273,0.015056191943585873,-0.2623792290687561,0.2090499997138977,0.15434999763965607,0.09503127561137088,0,2516,4.895277834964338,0.3615012873840946,2.073556900024414
0.5065500140190125,0.4140164252928489,0.4621500074863434,0.07619483768939972,0.0,-0.067070372402668,0.5285999774932861,0.45374998450279236,0.07574121655763073,0,3651,4.872413605050035,0.5187175222386555,30.867107391357422
0.1987999975681305,0.08784574734914354,0.19900000095367432,0.07628098875284195,0.010810354724526405,-0.07678031921386719,0.2320999950170517,0.19920000433921814,0.052990428487986546,0,4182,4.893472764181629,0.6424180030982474,24.010103225708008
0.0531499981880188,0.2895234413145339,0.07814999669790268,0.46887966990470886,0.0,-0.5331541299819946,0.25665000081062317,0.09279999881982803,0.2893342787605107,0,3772,4.825782609830074,0.5787640416351866,23.85589599609375
0.04794999957084656,0.21571993209580953,0.06255000084638596,0.4218660295009613,0.0483720526099205,-0.4972875118255615,0.18629999458789825,0.07575000077486038,0.2176038209154757,0,3736,4.8736169855718385,0.634964665380543,19.089195251464844
0.212349995970726,0.12047832347090379,0.20364999771118164,0.0923006609082222,0.0,-0.07996386289596558,0.2390500009059906,0.19865000247955322,0.06462621032404949,0,3614,4.878430507659061,0.4340500931047928,5.547544956207275
0.062449999153614044,0.3254231777059308,0.08389999717473984,0.4870316982269287,-0.04346310719847679,-0.5270575284957886,0.27090001106262207,0.09345000237226486,0.30794817943921654,0,2578,4.897383750877497,0.3273680140331855,2.073542594909668
0.03804999962449074,0.18001291839077613,0.051100000739097595,0.43171584606170654,0.0,-0.4737384021282196,0.14309999346733093,0.0568000003695488,0.18495498040659095,0,3882,4.799609083480804,0.25563892869022975,12.020102500915527
0.07114999741315842,0.2588674750458408,0.10554999858140945,0.3908725082874298,0.024381808936595917,-0.421009361743927,0.25905001163482666,0.11344999819993973,0.2503152065221075,0,2580,4.875722901485,0.48733232976730434,7.825938701629639
0.03420000150799751,0.3441279032241441,0.05014999955892563,0.6558593511581421,0.007972058840095997,-0.6173216700553894,0.21195000410079956,0.04405000060796738,0.33313492549020307,0,3657,4.903701498616975,0.020327740201613098,5.852340221405029
0.04515000060200691,0.16868011675957062,0.05900000035762787,0.3750000298023224,0.0,-0.4402277171611786,0.1518000066280365,0.0689999982714653,0.1723085622788994,0,3866,4.872714450180485,0.39793511951553695,18.81380844116211
0.04540000110864639,0.47953172464967864,0.06859999895095825,0.693385660648346,0.015835901722311974,-0.6298894286155701,0.3021000027656555,0.05469999834895134,0.4331232564685973,0,3397,4.886252481050797,0.42373665349350753,21.72956085205078
0.05335000157356262,0.14188496221624286,0.062049999833106995,0.32115525007247925,0.0,-0.36635181307792664,0.13379999995231628,0.06875000149011612,0.1388869083950826,0,4244,4.823375848786461,0.4003542475904074,27.86335563659668
0.09014999866485596,0.24821058497116866,0.1205499991774559,0.3413115441799164,-0.06217974051833153,-0.38985195755958557,0.27459999918937683,0.13484999537467957,0.2304964615701926,0,2586,4.86187226243443,0.32317625047493137,12.686005592346191
0.046950001269578934,0.17010406014867255,0.058400001376867294,0.37689831852912903,0.0,-0.4384615123271942,0.14959999918937683,0.06769999861717224,0.1712672539160368,0,4233,4.862786560875591,0.31353018195643445,36.994544982910156
0.07734999805688858,0.10201350920935477,0.10689999908208847,0.16754116117954254,-0.007690736558288336,-0.38225945830345154,0.23919999599456787,0.17055000364780426,0.11319042435902771,0,2455,4.887756706703054,0.6592388053958131,0.9285959601402283
0.04455000162124634,0.2190648218228316,0.06279999762773514,0.44064784049987793,0.003663143375888467,-0.48766061663627625,0.18234999477863312,0.07079999893903732,0.22216689259127573,0,3413,4.823977539047366,0.5267999704036481,16.62862777709961
0.3289499878883362,0.2031564511516584,0.3294999897480011,0.10067111253738403,0.0,-0.09886502474546432,0.4017999768257141,0.32829999923706055,0.08962683402032198,0,4315,4.872714450180486,0.271298098479254,9.593606948852539
0.05480000004172325,0.20834901108750079,0.07580000162124634,0.38132965564727783,-0.0019806004129350185,-0.451321005821228,0.2004999965429306,0.08980000019073486,0.2101100787227425,0,4184,4.885650790789895,0.27271583357711315,16.088504791259766
0.05040000006556511,0.21154615342888333,0.06300000101327896,0.41448143124580383,0.1002161055803299,-0.48297086358070374,0.18070000410079956,0.07479999959468842,0.21025811513191317,0,3917,4.861884025484236,0.27192783579672575,36.239280700683594
0.04270000010728836,0.20744277138644734,0.05620000138878822,0.4371711313724518,-0.02277715876698494,-0.5046275854110718,0.17069999873638153,0.06684999912977219,0.2112060197418415,0,3787,4.795397251654488,0.3369043804380383,9.19908618927002
0.042100001126527786,0.31327799893132385,0.05820000171661377,0.567770779132843,0.018435627222061157,-0.5799350142478943,0.21889999508857727,0.060350000858306885,0.30519729558216946,0,3509,4.772521258690373,0.37789697004427825,11.33519458770752
0.04854999855160713,0.1602636970594002,0.06154999881982803,0.35354456305503845,0.0,-0.41380953788757324,0.14845000207424164,0.07090000063180923,0.1617084892278546,0,4129,4.797503167567646,0.6274790479680119,9.935383796691895
0.030150000005960464,0.4623573697956615,0.05454999953508377,0.7576440572738647,-0.03441893681883812,-0.6669719219207764,0.2730500102043152,0.03765000030398369,0.4355495377742846,0,3047,4.89136684826847,0.5246639979465375,27.248811721801758
0.050050001591444016,0.42539801986738623,0.07400000095367432,0.6275668144226074,-0.00791448075324297,-0.5926231741905212,0.28929999470710754,0.06620000302791595,0.39117473805352304,0,3004,4.881438958963575,0.657074444535456,17.71216583251953
0.041349999606609344,0.23563326867406215,0.053849998861551285,0.5004436373710632,0.07614167779684067,-0.5169320702552795,0.16910000145435333,0.056299999356269836,0.23325062442520939,0,3577,4.853460361831599,0.38381408489022417,8.49843692779541
0.45535001158714294,0.6113995829138946,0.4076499938964844,0.08224630355834961,0.0,-0.040202490985393524,0.44179999828338623,0.3746500015258789,0.07651258699597752,0,3737,4.886553326181248,0.5473838124967287,2.623262882232666
0.4408000111579895,0.13980940914811232,0.4291999936103821,0.04526655375957489,0.0,-0.042818907648324966,0.4675999879837036,0.4271000027656555,0.04355773874669043,0,4027,4.874820366093646,0.016988684526997422,31.676836013793945
0.07890000194311142,0.49002436713070696,0.11214999854564667,0.5770274996757507,-0.03466793894767761,-0.5280875563621521,0.3631500005722046,0.0973999947309494,0.414996627672748,0,2950,4.891667693398921,0.2657649675617132,1.3123239278793335
0.03350000083446503,0.3965261763123842,0.04084999859333038,0.728404700756073,0.22778968513011932,-0.6892945766448975,0.22210000455379486,0.0348999984562397,0.3709379234211318,0,3695,4.8483342315641185,0.5683043030351913,32.801788330078125
0.03604999929666519,-0.010413188664296403,0.03519999980926514,-0.06094810366630554,-0.05660967528820038,0.0602409765124321,0.031199999153614044,0.03525000065565109,-0.010724692832732183,0,3747,4.870608534267326,0.47839053724211655,5.39721155166626
0.07694999873638153,0.3489885436417517,0.10925000160932541,0.47654515504837036,-0.02473098784685135,-0.44224631786346436,0.2824999988079071,0.10014999657869339,0.3098906755491645,0,2573,4.881200091684702,0.03601691555266573,5.235518455505371
0.07069999724626541,0.33838573212615286,0.1035500019788742,0.46585020422935486,-0.024999914690852165,-0.5006630420684814,0.31119999289512634,0.11339999735355377,0.3208955185393832,0,2724,4.8895617774857625,0.679011142639543,11.91816520690918
0.041749998927116394,0.2737215660986354,0.05974999815225601,0.515250563621521,-0.0077379606664180756,-0.554768979549408,0.20864999294281006,0.06674999743700027,0.2745034767855174,0,3467,4.856769658266563,0.6941508416916644,1.8543341159820557
0.07909999787807465,0.2154345297026762,0.08560000360012054,0.35746780037879944,0.0,-0.35310786962509155,0.1790499985218048,0.08474999666213989,0.18519246357867836,0,3707,4.898286286268851,0.5612449968213115,30.850202560424805
0.05950000137090683,0.30796540714926773,0.08869999647140503,0.4654858112335205,-0.018417587503790855,-0.5205405950546265,0.28130000829696655,0.10260000079870224,0.30325829674064875,0,2603,4.900693047312462,0.5346391947635332,4.144713878631592
0.03545000031590462,0.33166869264471904,0.05674999952316284,0.5966101288795471,-0.03713174909353256,-0.6116338968276978,0.23549999296665192,0.05950000137090683,0.3320754582062584,0,2755,4.8844474102680895,0.2883097245005778,18.815834045410156
0.3066999912261963,0.3519856431057944,0.30309998989105225,0.17338229715824127,0.0,-0.15665000677108765,0.4157000184059143,0.29284998774528503,0.15247614501099066,0,3690,4.861872262434431,0.41140350165945283,14.6474027633667
0.30329999327659607,0.11077114664312829,0.3066500127315521,0.06344097852706909,0.0,-0.0730048343539238,0.3549500107765198,0.3125999867916107,0.05440883568984521,0,4209,4.893472764181629,0.06774923648450393,31.66256332397461
0.04780000075697899,0.2237484156868051,0.06599999964237213,0.43579915165901184,-0.0010267377365380526,-0.47887879610061646,0.18729999661445618,0.07360000163316727,0.22414245349548606,0,3549,4.840223176091739,0.3921126600517524,14.142325401306152
0.05764999985694885,0.21662609851501205,0.07039999961853027,0.4033149480819702,0.0,-0.44686704874038696,0.18415001034736633,0.07829999923706055,0.20824318272616843,0,4037,4.875422056354548,0.12445465006432177,9.385183334350586
0.025699999183416367,0.5676822321999798,0.042399998754262924,0.8361486196517944,0.02061602845788002,-0.7698779106140137,0.3260999917984009,0.029100000858306885,0.5209307650087556,0,3041,4.86248571574514,0.12677419677078605,31.945899963378906
0.10074999928474426,0.23809936744718388,0.1316000074148178,0.3117647171020508,0.0,-0.37556344270706177,0.289900004863739,0.15209999680519104,0.21942676403568367,0,3640,4.853522339683179,0.426227068725088,32.923492431640625
0.48934999108314514,0.27478605512903037,0.45239999890327454,0.04424181953072548,0.0,-0.01561224739998579,0.46674999594688416,0.4272000193595886,0.042558889651362536,0,4008,4.86849085530436,0.010170130077705064,21.405874252319336
0.04969999939203262,0.12617743368365578,0.0568000003695488,0.3063829839229584,0.14544878900051117,-0.3674832880496979,0.12280000001192093,0.06520000100135803,0.1255813930066793,0,4256,4.81796063643834,0.5957405462927714,39.14362716674805
0.04729999974370003,0.2398556961494551,0.04659999907016754,0.50492262840271,0.12631268799304962,-0.5499758720397949,0.16050000488758087,0.052799999713897705,0.22648255533207642,0,4085,4.905506569399684,0.09697185070149672,16.474525451660156
0.028300000354647636,0.13267393459279503,0.0340999998152256,0.44627147912979126,0.0,-0.46987950801849365,0.0945499986410141,0.03620000183582306,0.1387633692296774,0,3896,4.843532472526704,0.06550040617398933,5.547544956207275
0.2887499928474426,0.15257026213698152,0.29010000824928284,0.09018038958311081,0.0,-0.09864845871925354,0.35360002517700195,0.29510000348091125,0.07639072895876832,0,4062,4.86037979983198,0.044194931812299276,27.804651260375977
0.062300000339746475,0.19958024265144075,0.08070000261068344,0.35573258996009827,-0.07670453190803528,-0.41606366634368896,0.195700004696846,0.09300000220537186,0.19532141801579847,0,4044,4.863677333217137,0.5828484659121033,50.84355545043945
0.47325000166893005,0.23189280201075943,0.4482499957084656,0.05432945117354393,0.0,-0.038038503378629684,0.4836999773979187,0.4338499903678894,0.052749449575238846,0,4036,4.908214175573746,0.26083234783354614,3.8187460899353027
0.476500004529953,0.17013340198387789,0.46309998631477356,0.05000770837068558,0.0,-0.049953848123550415,0.5117999911308289,0.463049978017807,0.04958132772769053,0,3600,4.8275876806127815,0.49198936601628873,1.3122984170913696
0.37255001068115234,0.10389261533968018,0.36000001430511475,0.04163329303264618,0.0,-0.04038383439183235,0.3903000056743622,0.35910001397132874,0.03745796928018448,0,4008,4.851944373129534,0.2223382451556567,14.368886947631836
0.05590000003576279,0.23547909232547443,0.07590000331401825,0.41447147727012634,0.10935774445533752,-0.4729166626930237,0.21209999918937683,0.08780000358819962,0.23309162739634454,0,3882,4.875121211224097,0.6841525667835006,25.712844848632812
0.03985000029206276,0.2685052156314981,0.059050001204013824,0.5243949294090271,0.0,-0.5412701368331909,0.19839999079704285,0.06189999729394913,0.2693015828774895,0,3769,4.859778109571077,0.46749266287126456,16.62071990966797
0.030249999836087227,0.27740541914466404,0.04470000043511391,0.5896236300468445,-0.07202384620904922,-0.6139896512031555,0.18690000474452972,0.048250000923871994,0.2829014542982895,0,2702,4.866095857310556,0.6119951767892425,25.478404998779297
0.08495000004768372,0.276669481952359,0.11365000158548355,0.38961219787597656,0.02851795218884945,-0.38090699911117554,0.2535000145435333,0.11134999990463257,0.24654566502424521,0,2682,4.895277834964338,0.5840377538559658,15.789154052734375
0.07885000109672546,0.2648152136752572,0.09645000100135803,0.39746910333633423,0.0,-0.4075552821159363,0.22914999723434448,0.09880000352859497,0.23615555332864532,0,3690,4.885049100528992,0.6087040568062664,37.40645980834961
0.04975000023841858,0.5576050632754244,0.08470000326633453,0.7001329660415649,-0.0363507941365242,-0.6382274031639099,0.3835499882698059,0.06764999777078629,0.4981602109993177,0,2803,4.892871073920727,0.5004570759143291,5.3941144943237305
0.040300000458955765,0.2639694124089247,0.052400000393390656,0.5354462265968323,0.07729466259479523,-0.5568710565567017,0.18410000205039978,0.05570000037550926,0.2603406351456787,0,3885,4.7990576080216725,0.6560527907792589,32.832061767578125
0.33285000920295715,0.14711021172385896,0.3315500020980835,0.07470634579658508,0.0,-0.08537929505109787,0.393449991941452,0.3387500047683716,0.0665882007618143,0,4083,4.8660958573105555,0.4985883233492363,35.83120346069336
0.05355000123381615,0.4514578635666186,0.08330000191926956,0.6274990439414978,-0.017139671370387077,-0.5821943879127502,0.3154500126838684,0.0722000002861023,0.411057301036724,0,2692,4.898587131399303,0.14686762273065745,6.464860916137695
0.04820000007748604,0.17370571745209784,0.05874999985098839,0.38599810004234314,0.0,-0.42752736806869507,0.14649999141693115,0.0648999959230423,0.17205509617522544,0,4056,4.885650790789894,0.6197709241636821,16.28861427307129
0.04280000180006027,0.19123545435145362,0.05754999816417694,0.4141150712966919,0.0,-0.4776492118835449,0.16279999911785126,0.06745000183582306,0.1958575771807709,0,4215,4.853460361831599,0.14875020378655524,13.061868667602539
0.029500000178813934,0.32138491894537163,0.04699999839067459,0.636221706867218,0.00038024838431738317,-0.6336711049079895,0.20960000157356262,0.04659999907016754,0.323327166816923,0,3693,4.8568316361181445,0.10573563111758444,19.58049774169922
0.054999999701976776,0.4780266946331895,0.08614999800920486,0.6328319311141968,-0.008013146929442883,-0.6000464558601379,0.344650000333786,0.07750000059604645,0.4345551148973007,0,2837,4.903400653486525,0.5356619747034294,11.89581298828125
0.03480000048875809,0.22013797573211158,0.049800001084804535,0.47611063718795776,0.16992773115634918,-0.5590969324111938,0.1761000007390976,0.0625,0.2307067437559323,0,3834,4.824579229308268,0.3882250190454216,3.342985153198242
0.04390000179409981,0.17117048119778194,0.0617000013589859,0.3680700361728668,0.10351402312517166,-0.4534986913204193,0.16410000622272491,0.07580000162124634,0.17901068454934882,0,3984,4.806504995381571,0.2905452209268846,41.03757858276367
0.05660000070929527,0.24927190996463394,0.07519999891519547,0.43179553747177124,0.0,-0.48298385739326477,0.21570000052452087,0.08560000360012054,0.2435417376539101,0,3742,4.858273883918821,0.5923364432660316,25.689674377441406
0.02979999966919422,0.3452120411918836,0.039799999445676804,0.6985951662063599,0.1920817643404007,-0.667363166809082,0.19949999451637268,0.03539999946951866,0.3349435223631348,0,3815,4.861583180353785,0.0349473361020497,31.230337142944336
0.0531499981880188,0.31728602455997523,0.07124999910593033,0.5202147960662842,0.15247289836406708,-0.5431227684020996,0.2406499981880188,0.07594999670982361,0.3025349054137565,0,3598,4.890163467746665,0.5318541785091437,20.00657844543457
0.38100001215934753,0.12806693662017804,0.3725000023841858,0.0514715202152729,0.0,-0.051136747002601624,0.4126500189304352,0.3722500205039978,0.04716320007767298,0,4037,4.836975857508353,0.37246393082077833,29.890522003173828
0.04010000079870224,0.1957376299464591,0.052400000393390656,0.44413143396377563,0.1961599588394165,-0.49175557494163513,0.15379999577999115,0.05920000001788139,0.1990182250763879,0,4281,4.855265432614306,0.4153823457171215,17.660541534423828
0.0608999989926815,0.4991470513078812,0.09669999778270721,0.6234373450279236,0.000309216819005087,-0.5885543823242188,0.37334999442100525,0.08659999817609787,0.44807020957797655,0,3189,4.893171919051178,0.26783933543319194,8.691061973571777
0.04969999939203262,0.19822087982043576,0.06350000202655792,0.4029727280139923,0.0005036161164753139,-0.45586973428726196,0.16990000009536743,0.0723000019788742,0.19725141035515054,0,3758,4.822750632425945,0.23318874263181477,18.38399887084961
0.03685000166296959,0.32373961574684684,0.05389999970793724,0.6011698246002197,0.0,-0.6049835085868835,0.21900001168251038,0.05454999953508377,0.318886968707899,0,3960,4.856457050086304,0.10968459375601658,0.9274099469184875
0.0494999997317791,0.2393448728529174,0.06759999692440033,0.4344594478607178,-0.06055833026766777,-0.5169703960418701,0.21230000257492065,0.08370000123977661,0.24233668477170223,0,2845,4.890765158007568,0.24133236213777198,10.149026870727539
0.1348000019788742,0.22283041419252014,0.1278499960899353,0.25268733501434326,0.0,-0.23603226244449615,0.20684999227523804,0.1234000027179718,0.15076782305421527,0,4182,4.878430507659061,0.13412130301441172,30.702058792114258
0.06224999949336052,0.6345216954476963,0.09955000132322311,0.702282726764679,-0.1268237829208374,-0.6335020661354065,0.44369998574256897,0.07760000228881836,0.5376970347753974,0,2760,4.888057551833504,0.19594196561018995,12.422708511352539
0.4108999967575073,0.07975122344256179,0.3903000056743622,0.025374284014105797,0.0,-0.01737159490585327,0.4041000008583069,0.3840999901294708,0.02328832192449435,0,4151,4.870608534267326,0.09330505736366379,18.1667537689209
0.061799999326467514,0.15006877330087454,0.07240000367164612,0.3050698935985565,0.0,-0.34686508774757385,0.1492999941110611,0.07950000464916229,0.14366079084928032,0,4414,4.881138113833123,0.2707683262839743,20.274404525756836
0.04645000025629997,0.1939230562368531,0.05674999952316284,0.41555556654930115,0.023329418152570724,-0.47453704476356506,0.15925000607967377,0.06575000286102295,0.19344828013574322,0,3541,4.848345994613926,0.5393833669920493,4.141647815704346
0.051600001752376556,0.2810656543515249,0.07010000199079514,0.4796409010887146,0.14777277410030365,-0.5339870452880859,0.23075000941753387,0.08115000277757645,0.2763887259383485,0,3754,4.865494167049653,0.48845454181646586,30.051029205322266
0.06909999996423721,0.5536223156323639,0.11010000109672546,0.6475427746772766,-0.05710425227880478,-0.5511618256568909,0.3804999887943268,0.08139999955892563,0.466420614705671,0,2885,4.903099808356073,0.5771805566919916,23.66642189025879
0.049400001764297485,0.2062570224207745,0.06324999779462814,0.41233178973197937,-0.004428833723068237,-0.4708220064640045,0.17579999566078186,0.07315000146627426,0.20558781211349708,0,3798,4.876625436876354,0.5707481558960367,16.62779998779297
0.04520000144839287,0.22367167962491064,0.06080000102519989,0.44817984104156494,0.0,-0.4991762936115265,0.18200001120567322,0.06935000419616699,0.22489519804413316,0,4154,4.856167968005661,0.020658062734895122,23.200592041015625
0.043949998915195465,0.27999291966740414,0.05990000069141388,0.5212609767913818,-0.0017423031385987997,-0.551982045173645,0.20750001072883606,0.06530000269412994,0.2760093275714226,0,3562,4.85376120696205,0.6206112968548967,15.00358772277832
0.035599999129772186,0.18598295009531557,0.046300001442432404,0.449899822473526,0.0,-0.5151832699775696,0.14470000565052032,0.054899998009204865,0.19253860885839738,0,4095,4.825470001649815,0.1422219659222097,9.06768798828125
0.13044999539852142,0.11107960354445828,0.16179999709129333,0.14192011952400208,0.015620667487382889,-0.2188291996717453,0.25244998931884766,0.18970000743865967,0.09990444530512277,0,2673,4.878430507659061,0.04394287817194764,7.435790061950684
0.03824999928474426,0.3147795145840914,0.05609999969601631,0.5845199227333069,0.02776704914867878,-0.5891615152359009,0.21700000762939453,0.05689999833703041,0.3103114253612823,0,3838,4.8071184486922816,0.36319882880083043,16.56450843811035
0.07109999656677246,0.30756693422645187,0.09745000302791595,0.4459047019481659,0.015557723119854927,-0.4728870689868927,0.27230000495910645,0.1043500006198883,0.28737238910121277,0,2641,4.898286286268851,0.6781621155473275,6.728818416595459
0.04390000179409981,0.41688678856614153,0.0674000009894371,0.6408991813659668,-0.07452935725450516,-0.6151320338249207,0.2828499972820282,0.061900001019239426,0.3923350045109859,0,3393,4.86910430861507,0.5306376084314651,8.74118423461914
0.03180000185966492,0.5218774869759665,0.055649999529123306,0.7761088013648987,-0.009026508778333664,-0.6983739733695984,0.31334999203681946,0.039500001817941666,0.48164974882824585,0,2964,4.890163467746664,0.3962368521493079,24.246932983398438
0.0694499984383583,0.29070071285750126,0.10440000146627426,0.4264383912086487,-0.09305579960346222,-0.45261499285697937,0.2770499885082245,0.11140000075101852,0.27967244598987306,0,2741,4.883244029746283,0.5575180493228261,5.852182388305664
0.05380000174045563,0.2134924277497323,0.07214999943971634,0.40103209018707275,0.0,-0.44965675473213196,0.19005000591278076,0.08124999701976776,0.21159083718270336,0,3917,4.865193321919202,0.40142514438070886,14.875935554504395
0.0649000033736229,0.588039849004238,0.1018500030040741,0.6649003028869629,-0.003968735225498676,-0.6184321641921997,0.4320000112056732,0.08694999665021896,0.5079493771458716,0,2753,4.903400653486525,0.013082308515862007,21.401214599609375
0.05674999952316284,0.2533456241271549,0.07609999924898148,0.44159838557243347,0.0010485441889613867,-0.4699634313583374,0.21105000376701355,0.08174999803304672,0.244639263572887,0,3649,4.865193321919201,0.16054692526272396,28.886606216430664
0.09184999763965607,0.05720782042918192,0.11474999785423279,0.0959891751408577,0.0025340800639241934,-0.2276628166437149,0.18240000307559967,0.15045000612735748,0.057543369025387675,0,2531,4.903099808356073,0.5163165094781503,5.922299861907959
0.04569999873638153,0.189088389520162,0.05829999968409538,0.40337222814559937,0.028424246236681938,-0.47144150733947754,0.1622999906539917,0.0689999982714653,0.1913715174253271,0,3617,4.81109141323973,0.47615202399340684,11.64930534362793
0.042899999767541885,0.17282186026749113,0.05040000006556511,0.42668136954307556,0.2969694137573242,-0.439377099275589,0.12939999997615814,0.052000001072883606,0.1703844998182732,0,4100,4.878430507659061,0.4241447119298143,13.151326179504395
0.065700002014637,0.1840948219568557,0.08089999854564667,0.3236974775791168,-0.04672485589981079,-0.41756659746170044,0.19689999520778656,0.1005999967455864,0.18112852558090775,0,3839,4.203199792360933,0.2322987572157046,4.1443681716918945
0.07109999656677246,0.2885213629670781,0.09449999779462814,0.42656210064888,0.29545339941978455,-0.47236183285713196,0.263700008392334,0.10599999874830246,0.27199035589727844,0,3638,4.852858671570696,0.1370962250114317,30.74715232849121
0.055799998342990875,0.27222996790273624,0.07615000009536743,0.4508969187736511,-0.015891635790467262,-0.51612389087677,0.2386000007390976,0.09030000120401382,0.2683677147800184,0,3518,4.818925149681272,0.37239238810620734,20.296537399291992
0.16535000503063202,0.27515620622158793,0.16140000522136688,0.2530747354030609,0.0,-0.24278675019741058,0.26489999890327454,0.15790000557899475,0.17392716645733775,0,3767,4.89587952522524,0.6253750352910424,11.922378540039062
0.045499999076128006,0.2231696083473009,0.06210000067949295,0.449053555727005,0.044923778623342514,-0.48677685856819153,0.17990000545978546,0.06840000301599503,0.22350661736107524,0,4112,4.847744304353022,0.568844592143163,12.429986000061035
0.04470000043511391,0.5089334599927495,0.07209999859333038,0.6957009434700012,0.006485254503786564,-0.6502546668052673,0.3402000069618225,0.06105000153183937,0.46460472033151656,0,2763,4.887756706703054,0.09035849419433539,7.445333957672119
0.3225499987602234,0.12534181104788203,0.3163999915122986,0.06359986960887909,0.0,-0.07016387581825256,0.3641500174999237,0.3206000030040741,0.05513823221204492,0,3912,4.903400653486524,0.3858458094257855,13.049939155578613
0.5559499859809875,0.15581552383904604,0.5249000191688538,0.026116764172911644,0.0,-0.013484938070178032,0.5392500162124634,0.5117999911308289,0.026546557124214346,0,3660,4.879032197919965,0.6251949329198974,13.455545425415039
0.04475000128149986,0.17382665767814418,0.05920000001788139,0.3866484463214874,-0.016455747187137604,-0.43979182839393616,0.1521500051021576,0.06729999929666519,0.1769059808604636,0,3620,4.765902665820445,0.4880533099757792,16.583444595336914
0.40095001459121704,0.36491202863303873,0.37915000319480896,0.11323276907205582,0.0,-0.09380972385406494,0.45764997601509094,0.36454999446868896,0.10561940359785851,0,3237,4.85376120696205,0.6166154936524751,34.062400817871094
0.06939999759197235,0.28949917900593025,0.09730000048875809,0.42315471172332764,0.025225313380360603,-0.4862724542617798,0.2815000116825104,0.11410000175237656,0.2803707136315899,0,2678,4.906108259660587,0.570290944091434,4.982961177825928
0.041200000792741776,0.2323803629887665,0.058800000697374344,0.4620060622692108,0.025782065466046333,-0.5318471193313599,0.1923999935388565,0.07079999893903732,0.2389937024337851,0,3873,4.8613443130749125,0.38003881706295295,21.85135841369629
0.03909999877214432,0.19233918397307337,0.049400001764297485,0.4386374354362488,0.07869884371757507,-0.5146155953407288,0.15415000915527344,0.06015000119805336,0.19739606592765524,0,3797,4.846903746813247,0.27337645506241437,12.678143501281738
0.05860000103712082,0.5691709987592818,0.10859999805688858,0.6674518585205078,-0.055840931832790375,-0.5927245616912842,0.424699991941452,0.08470000326633453,0.50525062951649,0,2921,4.898587131399302,0.04983785952037556,5.921868324279785
0.04039999842643738,0.20764316195207747,0.05689999833703041,0.4418799877166748,0.10170450061559677,-0.5024049282073975,0.17180000245571136,0.06650000065565109,0.2139374265670507,0,3805,4.818612541501013,0.47760634706051097,2.783477306365967
0.030950000509619713,0.1141344350253509,0.03669999912381172,0.37093278765678406,0.0,-0.44182512164115906,0.09480000287294388,0.04349999874830246,0.12055460753801255,0,3992,4.835999581215611,0.1773884996699796,24.240737915039062
0.39135000109672546,0.0196656121416034,0.38449999690055847,0.007555007468909025,0.0,-0.002917323727160692,0.3867499828338623,0.380950003862381,0.006862797624456082,0,3784,4.889862622616213,0.4884672115662627,3.9312422275543213
0.04024999961256981,0.25988529500066365,0.05380000174045563,0.5212916135787964,0.0143554313108325,-0.555830717086792,0.18844999372959137,0.05929999798536301,0.2590772260284977,0,3755,4.867299237832362,0.6251072560820393,9.374493598937988
0.057100001722574234,0.1928356016779314,0.06279999762773514,0.3980492353439331,0.0019421880133450031,-0.4111579954624176,0.15049999952316284,0.06480000168085098,0.17971480014971158,0,4178,4.879633888180867,0.43709680471256385,12.718355178833008
0.0653500035405159,0.3975061146817739,0.09939999878406525,0.5359771847724915,-0.041653767228126526,-0.5298013091087341,0.32339999079704285,0.09769999980926514,0.36754965794627603,0,2926,4.906108259660586,0.5722377160102218,6.663468837738037
0.04490000009536743,0.27818149704345635,0.0640999972820282,0.49683862924575806,0.0004261654685251415,-0.5564014315605164,0.2249000072479248,0.07559999823570251,0.27976266331570177,0,3613,4.818323459420368,0.5802539569633788,11.648518562316895
0.05950000137090683,0.29129307740808347,0.07214999943971634,0.496919184923172,0.04996732249855995,-0.4821460545063019,0.20649999380111694,0.06939999759197235,0.2650470377560937,0,3598,4.865494167049654,0.6594293014429591,13.049934387207031
0.3178499937057495,0.16770118850255475,0.3142000138759613,0.08668442815542221,0.0,-0.0917106419801712,0.37765002250671387,0.3174000084400177,0.07562446655764543,0,3711,4.86489247678875,0.018667470611636205,27.22522735595703
0.046799998730421066,0.30107322043493434,0.06599999964237213,0.524540901184082,-0.005698639899492264,-0.5514780879020691,0.22830000519752502,0.07119999825954437,0.29474672844028904,0,3667,4.822762395475752,0.6722992369041875,9.060202598571777
0.33059999346733093,0.22293464600215027,0.32245001196861267,0.10503236949443817,0.0,-0.10349619388580322,0.3968999981880188,0.32144999504089355,0.09289203049178639,0,3817,4.885049100528993,0.35030058297004374,2.073591709136963
0.2658500075340271,0.15858891911409784,0.26249998807907104,0.09952608495950699,0.0,-0.10607870668172836,0.3248000144958496,0.26600000262260437,0.08085810086698036,0,3451,4.844735853048508,0.21785719765976275,27.870105743408203
0.04190000146627426,0.2554919739811568,0.05810000002384186,0.5061434507369995,0.09689076244831085,-0.5316404700279236,0.1899999976158142,0.062300000339746475,0.2546191631458926,0,3937,4.793869499902614,0.27142511950375414,40.56966018676758
0.11100000143051147,0.07687895470240257,0.13369999825954437,0.11397978663444519,-0.007841655984520912,-0.1735435128211975,0.18985000252723694,0.1509999930858612,0.0693048872760865,0,2413,4.8766254368763535,0.6632368398455322,4.9874420166015625
0.022099999710917473,0.3987030212716349,0.03799999877810478,0.7638036608695984,0.23388226330280304,-0.7164179086685181,0.23000000417232513,0.030799999833106995,0.3927444859828021,0,3724,4.862184870614689,0.5887786638809794,16.62059211730957
0.040449999272823334,0.20967204410105664,0.05534999817609787,0.44113412499427795,-0.026310831308364868,-0.5201560258865356,0.17534999549388885,0.06800000369548798,0.21662068725795258,0,3764,4.683544840978158,0.1347998816103272,10.458195686340332
0.3078500032424927,0.18396368441246283,0.29455000162124634,0.08822126686573029,0.0,-0.07497840374708176,0.3422999978065491,0.28679999709129333,0.0737312916916768,0,4051,4.879633888180867,0.2339888613248523,10.260974884033203
0.11739999800920486,0.28741001325001597,0.1392499953508377,0.33745768666267395,-0.006804612930864096,-0.34578344225883484,0.28644999861717224,0.14190000295639038,0.2335595337142804,0,2610,4.898887976529754,0.5664226306944043,4.145086765289307
0.09179999679327011,0.3244274900740449,0.12680000066757202,0.40840843319892883,-0.04533214494585991,-0.44275984168052673,0.32829999923706055,0.1378999948501587,0.2955909835728808,0,2760,4.894976989833887,0.6926242712309519,14.369060516357422
0.04854999855160713,0.48802312122537056,0.0771000012755394,0.6644923090934753,-0.053942348808050156,-0.6286126971244812,0.33809998631477356,0.06814999878406525,0.446813779811428,0,2804,4.8844474102680895,0.5887956403568926,13.278254508972168
0.5111500024795532,0.19340394022052831,0.48260000348091125,0.03626837208867073,0.0,-0.017007840797305107,0.4993000030517578,0.46434998512268066,0.035818007937132364,0,3806,4.858574729049272,0.3102018312536653,32.935367584228516
0.03449999913573265,0.22674207780339764,0.04735000059008598,0.5039141178131104,0.08687204867601395,-0.5604548454284668,0.1680999994277954,0.05544999986886978,0.23353603690504107,0,3826,4.87151106965868,0.18755977919365519,24.29448127746582
0.04605000093579292,0.21233639053850678,0.061900001019239426,0.4364963173866272,0.0,-0.4711661636829376,0.17219999432563782,0.06755000352859497,0.21220004954497623,0,3902,4.875121211224096,0.11539297277089511,16.999500274658203
0.04475000128149986,0.2560249859046204,0.05909999832510948,0.48829367756843567,0.07113493978977203,-0.5414161086082458,0.19865000247955322,0.06830000132322311,0.25493839333075363,0,3810,4.871210224528229,0.4408912350426686,9.384982109069824
0.0694499984383583,0.5219115764198474,0.10090000182390213,0.6254283785820007,-0.13292419910430908,-0.5692176222801208,0.36754998564720154,0.08470000326633453,0.4455499905601202,0,2584,4.903099808356073,0.5140880759452298,3.3433279991149902
0.044449999928474426,0.19985500676158818,0.05784999951720238,0.42207100987434387,0.0,-0.48589202761650085,0.1671999990940094,0.06795000284910202,0.20250968370245825,0,3984,4.829994441656392,0.07385362203455659,20.49207878112793
0.042100001126527786,0.27380175661895007,0.062300000339746475,0.5120201110839844,-0.00028172621387057006,-0.5435897707939148,0.21070000529289246,0.06800000369548798,0.27488121218103223,0,3662,4.861884025484237,0.23254200770381106,12.677888870239258
0.05209999904036522,0.2684040216631656,0.07100000232458115,0.4738292098045349,0.05278507620096207,-0.5017544031143188,0.21400000154972076,0.07639999687671661,0.26113361262704493,0,3638,4.908515020704197,0.5901936963126959,8.488856315612793
0.11384999752044678,0.14009983231892695,0.1281999945640564,0.19326242804527283,0.0,-0.22326570749282837,0.20190000534057617,0.13650000095367432,0.11700859475652597,0,3539,4.900993892442914,0.42954868553709824,15.613319396972656
0.04520000144839287,0.39056640032271467,0.06859999895095825,0.6111518740653992,-0.047793153673410416,-0.6001166105270386,0.2745000123977661,0.06625000387430191,0.3715432729579767,0,2902,4.8871550164421524,0.6949895748401411,23.150733947753906
0.05139999836683273,0.1786156358512506,0.06340000033378601,0.372312992811203,0.29566824436187744,-0.4313901364803314,0.15960000455379486,0.0729999989271164,0.17731368799181613,0,4254,4.857973038788369,0.3895439274557596,31.358800888061523
0.048250000923871994,0.31551808583618135,0.061650000512599945,0.54579758644104,0.0722121000289917,-0.5703083872795105,0.22529999911785126,0.06620000302791595,0.30151610042693566,0,3927,4.837214724787224,0.5293509944189283,8.740056991577148
0.06364999711513519,0.2762087112859969,0.0925000011920929,0.422568678855896,-0.04078211262822151,-0.4884556829929352,0.2691499888896942,0.10925000160932541,0.273053259921251,0,2818,4.888659242094407,0.23141010744393176,1.3122625350952148
0.045499999076128006,0.20328871479633032,0.060100000351667404,0.4147317707538605,0.017575060948729515,-0.4923986494541168,0.17669999599456787,0.0731000006198883,0.20725525975418926,0,3899,4.822774158525559,0.30897784769662073,37.19080352783203
0.047449998557567596,0.24852993845283664,0.06780000030994415,0.4588896632194519,-0.057680923491716385,-0.5076252818107605,0.20759999752044678,0.07699999958276749,0.24968136328038787,0,2759,4.898587131399302,0.3089331708566615,11.187358856201172
0.48350000381469727,0.10111193025621837,0.4646500051021576,0.02654401771724224,0.0,-0.02178948186337948,0.48535001277923584,0.46024999022483826,0.026044572325232808,0,3763,4.863388251136493,0.40511683027050627,33.15465545654297
0.09969999641180038,0.18081618245455006,0.10615000128746033,0.2661750018596649,0.0,-0.28033897280693054,0.18885000050067902,0.10944999754428864,0.14919203899068123,0,4341,4.882943184615832,0.29184822442656,29.333995819091797
0.04800000041723251,0.29596153173562606,0.06780000030994415,0.5155778527259827,0.012087307870388031,-0.5387755036354065,0.22619999945163727,0.0723000019788742,0.28910456580535654,0,3601,4.855566277744758,0.3613875977670866,27.806182861328125
0.05339999869465828,0.5243393643066077,0.09269999712705612,0.6628571152687073,-0.011916231364011765,-0.6063694357872009,0.3783000111579895,0.07670000195503235,0.4737172854372468,0,3001,4.910921781747808,0.353045570609399,7.435775279998779
0.050700001418590546,0.18480848439682507,0.060100000351667404,0.39906540513038635,-0.03949698433279991,-0.4270733892917633,0.14970000088214874,0.06430000066757202,0.17941176476726464,0,4016,4.860078954701528,0.4956640442587885,13.779950141906738
0.1492999941110611,0.2138275732498475,0.14390000700950623,0.22236594557762146,0.0,-0.19270683825016022,0.2125999927520752,0.1352500021457672,0.13684612444143712,0,3796,4.868201773223715,0.12102473647228451,0.9274099469184875
0.07450000196695328,0.2351247649837977,0.09905000030994415,0.35954588651657104,-0.044898539781570435,-0.4250471591949463,0.24549999833106995,0.1156499981880188,0.22618010915855497,0,2737,4.882040649224478,0.1406107579229603,5.920579433441162
0.46994999051094055,0.15450364096091523,0.45980000495910645,0.046095941215753555,0.0,-0.04228286072611809,0.5004000067710876,0.4563000202178955,0.045410845475523896,0,3963,4.888057551833505,0.1688385073012023,43.568817138671875
0.03815000131726265,0.24518132464252804,0.04884999990463257,0.5311222076416016,0.0007505221874453127,-0.5504946112632751,0.16850000619888306,0.051600001752376556,0.24350785270596526,0,2681,4.887455861572603,0.04269782774349484,34.73976135253906
0.1472499966621399,0.10652940748766646,0.14900000393390656,0.12334617227315903,0.0,-0.13972285389900208,0.19740000367164612,0.15404999256134033,0.07636974214944452,0,4080,4.893472764181629,0.10577264700462563,28.50087547302246
0.05299999937415123,0.304790630964948,0.07734999805688858,0.5018633604049683,-0.0407511442899704,-0.5152749419212341,0.241799995303154,0.08020000159740448,0.2948905005749637,0,2659,4.890163467746665,0.6674642761676071,39.14485168457031
0.3391999900341034,0.4356044393635423,0.3158999979496002,0.15024541318416595,0.0,-0.10819393396377563,0.392549991607666,0.28999999165534973,0.1300790682048165,0,3756,4.8979854411384,0.26538736012599884,3.931464195251465
0.3722499907016754,0.10856840356379957,0.3538999855518341,0.039839260280132294,0.0,-0.029214125126600266,0.3752000033855438,0.34645000100135803,0.03530062081727035,0,4125,4.874820366093645,0.686568411099135,27.412879943847656
0.08340000361204147,0.3092269476673618,0.10899999737739563,0.4153110086917877,0.34575384855270386,-0.46146246790885925,0.29580000042915344,0.12219999730587006,0.2836601365222316,0,3920,4.903400653486524,0.0465639079647181,49.82548904418945
0.5983499884605408,-0.11141420902329852,0.6467999815940857,-0.03689610958099365,0.0,0.03129107132554054,0.6075500249862671,0.6541000008583069,-0.03963611545067475,0,3895,4.890464312877116,0.12243602236654905,11.154499053955078
0.09149999916553497,0.16130803369264185,0.1006999984383583,0.2550860345363617,0.0,-0.28365638852119446,0.18044999241828918,0.1071000024676323,0.13970539729598083,0,4134,4.895578680094789,0.6625906447968611,15.390296936035156
0.06705000251531601,0.3924477690394774,0.09939999878406525,0.5276656150817871,-0.043248698115348816,-0.5278470516204834,0.3216499984264374,0.0994499996304512,0.36184996080457504,0,2705,4.898286286268851,0.5574674199179763,2.9307949542999268
0.08444999903440475,0.5339982666004938,0.11455000191926956,0.5902448892593384,-0.03855638578534126,-0.5499459505081177,0.3944999873638153,0.10164999961853027,0.44097273237801354,0,2756,4.892570228790276,0.4910055596161319,25.384878158569336
0.0442500002682209,0.4299517139847886,0.07039999961853027,0.6516870260238647,-0.031211545690894127,-0.6067039370536804,0.28760001063346863,0.06064999848604202,0.40132627711316315,0,2744,4.88264233948538,0.3849562092860572,14.201075553894043
0.06360000371932983,0.32859831146965757,0.09274999797344208,0.48776155710220337,-0.03646274656057358,-0.4914325177669525,0.2720000147819519,0.09364999830722809,0.3090452500051254,0,2787,4.905807414530135,0.17011347493439077,5.630869388580322
0.04064999893307686,0.5075025331065036,0.06679999828338623,0.7299985885620117,-0.03352409228682518,-0.6482359170913696,0.31299999356269836,0.04884999990463257,0.45973776584140325,0,2931,4.900693047312462,0.2182463042607734,32.92250061035156
0.057100001722574234,0.2829056866892866,0.07129999995231628,0.4713088274002075,0.1722925454378128,-0.5238731503486633,0.2282000035047531,0.0820000022649765,0.270673908044865,0,3741,4.875722901484999,0.04094837901873882,26.375680923461914
0.0430000014603138,0.21957433167265017,0.06129999831318855,0.4318349063396454,0.1668800264596939,-0.5203443169593811,0.19429999589920044,0.0771000012755394,0.2278973199110199,0,4038,4.767831692306311,0.6768863257058585,33.14223861694336
0.4371500015258789,0.08590285276302034,0.4214499890804291,0.026474202051758766,0.0,-0.020510148257017136,0.4390999972820282,0.41644999384880066,0.0250636312730146,0,3876,4.896180370355692,0.5508260048562198,7.603879928588867
0.05054999887943268,0.20372287217826124,0.06880000233650208,0.39687976241111755,0.021952899172902107,-0.45472556352615356,0.18355000019073486,0.07925000041723251,0.20509963232244316,0,3801,4.875121211224096,0.11441075190110983,7.0293755531311035
0.0718500018119812,0.2279900703344913,0.0989999994635582,0.35356852412223816,-0.023213546723127365,-0.4285714328289032,0.2475000023841858,0.11819999665021896,0.2240383606529752,0,2661,4.215955625892072,0.5316825947479287,0.0
0.05954999849200249,0.47281219423228094,0.08969999849796295,0.618244469165802,-0.015626108273863792,-0.5830816030502319,0.34060001373291016,0.08034999668598175,0.42388296992670804,0,2709,4.870006844006424,0.1496058685340408,12.426756858825684
0.17149999737739563,0.03144857947873727,0.18885000050067902,0.03442564979195595,-0.00015719070506747812,-0.07301510125398636,0.21860000491142273,0.2040500044822693,0.023654690751124786,0,2533,4.892871073920727,0.02134432748213122,2.0751397609710693
0.05820000171661377,0.36664839012130157,0.08590000122785568,0.5373913049697876,-0.06080642715096474,-0.5396569967269897,0.2872999906539917,0.0864500030875206,0.3448068480774547,0,2795,4.900693047312462,0.39220158285111617,9.770268440246582
0.04580000042915344,0.5490405139397037,0.0831499993801117,0.7003728747367859,-0.01824810728430748,-0.6467339396476746,0.38760000467300415,0.06830000132322311,0.501046136646391,0,2794,4.8766254368763535,0.6774134457068018,12.033374786376953
0.35019999742507935,0.27536409973190507,0.3212999999523163,0.10086747258901596,0.0,-0.08876916766166687,0.3839000165462494,0.3135499954223633,0.08812479070616533,0,3824,4.864892476788752,0.10374412351788742,11.154587745666504
0.07734999805688858,0.06665602201703391,0.10530000180006027,0.11686494201421738,0.001706648152321577,-0.3090550899505615,0.19949999451637268,0.1577499955892563,0.07305336729482848,0,2535,4.896180370355692,0.32537688776365536,6.660702705383301
0.225150004029274,0.1603498846062283,0.24199999868869781,0.12725059688091278,0.0,-0.14487633109092712,0.3240000009536743,0.25084999203681946,0.10208402483215415,0,3795,4.878430507659061,0.49331411576697126,25.64048194885254
0.06355000287294388,0.3336610133054523,0.08969999849796295,0.4868318438529968,-0.004168163985013962,-0.5213447213172913,0.2851000130176544,0.09839999675750732,0.31697795279197494,0,2664,4.903099808356073,0.13287996150386494,17.138120651245117
0.03889999911189079,0.21824242590924134,0.05420000106096268,0.4566098749637604,-0.01256889570504427,-0.5363558530807495,0.17960000038146973,0.06700000166893005,0.22622555264526745,0,3904,4.838718950439482,0.40459059448376833,14.948905944824219
0.06224999949336052,0.07346576586988464,0.06750000268220901,0.17901940643787384,0.0,-0.2100643366575241,0.10339999943971634,0.07199999690055847,0.06973645848971435,0,4222,4.868803463484618,0.5776546229075057,20.917537689208984
0.03909999877214432,0.1822503790194144,0.052149999886751175,0.4197472929954529,0.0,-0.4883492588996887,0.1516999900341034,0.06199999898672104,0.1885245742481686,0,4041,4.806578736282958,0.6149677126795852,28.411048889160156
0.059300001710653305,0.34878762785482015,0.09205000102519989,0.5118706226348877,-0.027780253440141678,-0.5178104043006897,0.28975000977516174,0.09354999661445618,0.3331824041799503,0,2653,4.889862622616214,0.09463417335865876,8.24062728881836
0.06419999897480011,0.32014357787092,0.08500000089406967,0.49196723103523254,0.41187405586242676,-0.4865599274635315,0.24609999358654022,0.08380000293254852,0.2933485805544137,0,3867,4.903400653486524,0.6760708703533045,41.467105865478516
0.0653500035405159,0.3044747901979073,0.09380000084638596,0.4467548727989197,-0.011811490170657635,-0.5073529481887817,0.28700000047683716,0.10975000262260437,0.29648731069127865,0,2663,4.890765158007568,0.4975295040029545,2.7802884578704834
0.046149998903274536,0.1612569868376454,0.057999998331069946,0.36361515522003174,0.041690584272146225,-0.4323464632034302,0.14634999632835388,0.06830000132322311,0.16382144111441713,0,4188,4.8441223997378,0.16619622518881938,24.625545501708984
0.06199999898672104,0.30088394725967343,0.08560000360012054,0.46977293491363525,0.23590470850467682,-0.4886499345302582,0.2492000013589859,0.08990000188350677,0.2847693937431248,0,3688,4.858574729049272,0.44189361731170995,36.42860794067383
0.15620000660419464,0.008882065561676481,0.14920000731945038,0.010259939357638359,0.0,0.005052241496741772,0.1476999968290329,0.14469999074935913,0.005678961622983954,0,3897,4.886553326181248,0.031198444971491046,0.9274099469184875
0.06279999762773514,0.3641610869529737,0.08895000070333481,0.519555926322937,0.004949801601469517,-0.5358121395111084,0.29429998993873596,0.09305000305175781,0.3401983239027323,0,3538,4.875722901484999,0.6548368461787317,33.98794174194336
0.0807500034570694,0.3461732400652391,0.1091499999165535,0.4608501195907593,0.0,-0.45831266045570374,0.29385000467300415,0.10845000296831131,0.30821234645006257,0,3476,4.82184809703459,0.3289025068887106,22.448074340820312
0.038100000470876694,0.4722057564718554,0.053700000047683716,0.7288549542427063,0.041215553879737854,-0.6811164021492004,0.2831000089645386,0.04439999908208847,0.4326888354585975,0,3757,4.856167968005661,0.14013371900404414,33.79951858520508
0.3139500021934509,0.3512737334403103,0.32934999465942383,0.1886240839958191,0.0,-0.1836153268814087,0.4775000214576721,0.3259499967098236,0.17440257313538282,0,3283,4.8841465651376375,0.5020179444515827,5.630776882171631
0.04100000113248825,0.613767002926146,0.07370000332593918,0.7742083668708801,-0.05228717252612114,-0.6797740459442139,0.38659998774528503,0.04919999837875366,0.5408206791560204,0,3117,4.89347276418163,0.4871180038390469,9.464646339416504
0.04919999837875366,0.42251252796181,0.08429999649524689,0.6092903017997742,-0.040015656501054764,-0.5743499398231506,0.3118000030517578,0.07569999992847443,0.39904225745992844,0,2870,4.900693047312462,0.028860166347977834,13.663649559020996
0.05274999886751175,0.22274431023223384,0.06894999742507935,0.41945120692253113,0.0,-0.46767035126686096,0.19009999930858612,0.07774999737739563,0.2194764649659891,0,4072,4.870909379397777,0.5033884668226205,35.81580352783203
0.04794999957084656,0.13223233237599957,0.055649999529123306,0.3236948251724243,0.0,-0.37907952070236206,0.12360000610351562,0.06314999610185623,0.13203496863677158,0,3951,4.813135351301307,0.3290868800266459,9.202642440795898
0.10999999940395355,0.09589417946093463,0.10954999923706055,0.14578977227210999,0.0,-0.15811720490455627,0.15070000290870667,0.11235000193119049,0.07538824598834008,0,4242,4.849549375135731,0.1108832139269893,28.951295852661133
0.05485000088810921,0.3536330161245418,0.08449999988079071,0.5311197638511658,-0.03607599064707756,-0.5423155426979065,0.2847500145435333,0.08720000088214874,0.33984175153367285,0,2846,4.900392202182011,0.326054832283424,11.04295825958252
0.05050000175833702,0.3872599849893365,0.07814999669790268,0.585048258304596,-0.03192485496401787,-0.5672757625579834,0.283050000667572,0.07410000264644623,0.3656594479611347,0,2794,4.894074454442531,0.22412852375447678,12.96567153930664
0.09364999830722809,0.18450635920738562,0.11394999921321869,0.2691936492919922,0.007456232327967882,-0.33778873085975647,0.23019999265670776,0.13255000114440918,0.16977686273065756,0,2643,4.891667693398921,0.4701998291713857,15.390766143798828
0.08375000208616257,0.33679427808439527,0.1088000014424324,0.44440364837646484,0.026475295424461365,-0.461386114358902,0.295199990272522,0.11354999989271164,0.2998349254674244,0,2507,4.8892609323553105,0.04452256921304487,2.6231584548950195
0.05570000037550926,0.14282947463414253,0.061900001019239426,0.31172189116477966,0.0,-0.3856079578399658,0.13960000872612,0.07325000315904617,0.13961563679772138,0,3950,4.8763245917459015,0.4361086242740061,18.154273986816406
0.05889999866485596,0.21213436193000437,0.0723000019788742,0.39586952328681946,0.03664623573422432,-0.4286842942237854,0.18079999089241028,0.07824999839067459,0.202654622125599,0,3691,4.862184870614687,0.06012387664721164,19.58119773864746
0.37255001068115234,0.2845915654660377,0.3486500084400177,0.08472171425819397,0.0,-0.04629690945148468,0.3824999928474426,0.3227500021457672,0.0743621542624591,0,3635,4.828490216004134,0.17345541468066716,16.153615951538086
0.05730000138282776,0.43010383748593944,0.0949999988079071,0.5794090628623962,-0.05851992219686508,-0.5653168559074402,0.34209999442100525,0.09109999984502792,0.4034504866881029,0,2825,4.903400653486524,0.04114115044165012,3.8187408447265625
0.04320000112056732,0.21886300452561258,0.05745000019669533,0.45348596572875977,-0.007888349704444408,-0.5048481225967407,0.1746000051498413,0.06565000116825104,0.2207700163154881,0,3690,4.880235578441771,0.57979924497856,8.68593692779541
0.0617000013589859,0.11346379139615195,0.07069999724626541,0.24542468786239624,0.07066398113965988,-0.3048180937767029,0.13269999623298645,0.0803999975323677,0.11001261917938274,0,4268,4.836613034526321,0.10932459244862625,43.7308235168457
0.04820000007748604,0.15856280905631726,0.062950000166893,0.3464776575565338,0.0,-0.4141461253166199,0.15195000171661377,0.07374999672174454,0.16163705077128704,0,3992,4.890464312877116,0.501007625780876,40.66755294799805
0.0794999971985817,0.26404118878904714,0.1143999993801117,0.3712616562843323,0.009990635327994823,-0.439009428024292,0.2934499979019165,0.13455000519752502,0.25684265976348963,0,2768,4.910921781747808,0.5239805892721613,19.99298095703125
0.44440001249313354,0.1542525835064424,0.4424000084400177,0.05460537225008011,0.0,-0.05747004970908165,0.4963500201702118,0.4449499845504761,0.05349341093254553,0,3617,4.887155016442151,0.02539361346639324,29.924041748046875
0.03440000116825104,0.27286520036313106,0.040800001472234726,0.6067469716072083,0.166303813457489,-0.6067469716072083,0.16670000553131104,0.040800001472234726,0.2669258010165193,0,3994,4.864892476788752,0.4207171012887604,16.62056541442871
0.04019999876618385,0.7723862012076359,0.07739999890327454,0.8430922031402588,-0.01548798382282257,-0.7230769395828247,0.48159998655319214,0.04100000113248825,0.6462937473985171,0,2915,4.891066003138019,0.06615343644246585,20.314912796020508
0.0604499988257885,0.30876666271345676,0.08184999972581863,0.4845268428325653,0.0,-0.5040896534919739,0.24825000762939453,0.08619999885559082,0.2912996719655239,0,3870,4.870068821858003,0.23012374635260702,4.144383907318115
0.0239499993622303,0.2611041163054041,0.037450000643730164,0.6511566042900085,-0.016334759071469307,-0.6113129258155823,0.15524999797344208,0.03280000016093254,0.2669500722575294,0,3715,4.866396702441007,0.3484823092711522,13.14632511138916
0.08295000344514847,0.36414949689384973,0.10570000112056732,0.47738951444625854,0.0,-0.46236011385917664,0.2874999940395355,0.10170000046491623,0.313427791367956,0,3655,4.89347276418163,0.3475886051188556,2.7839949131011963
0.04075000062584877,0.3619639122283496,0.05959999933838844,0.6196545362472534,0.0038392876740545034,-0.6040524840354919,0.2414499968290329,0.056699998676776886,0.34720916969092036,0,3434,4.7897816237794535,0.5297969718833803,24.50811004638672
0.3716999888420105,0.1612554633755947,0.3650999963283539,0.06702584773302078,0.0,-0.0650448128581047,0.41589999198913574,0.36364999413490295,0.06125200080597051,0,4208,4.908214175573746,0.47539990421858047,15.815208435058594
0.03830000013113022,0.38068621363332217,0.05894999951124191,0.6412338018417358,0.00627729669213295,-0.6217517256736755,0.2527500092983246,0.05525000020861626,0.36664605216445567,0,3656,4.893472764181629,0.35336025783294367,12.685307502746582
0.050200000405311584,0.7027630261681234,0.09120000153779984,0.7698982954025269,-0.04289420694112778,-0.6773965358734131,0.4742000102996826,0.061650000512599945,0.5974079337947392,0,2715,4.903701498616975,0.2651412100303766,14.629229545593262
0.09594999998807907,0.22780340839585692,0.12389999628067017,0.31026947498321533,-0.042450543493032455,-0.37066665291786194,0.2698499858379364,0.14204999804496765,0.21022040254150184,0,2756,4.892871073920726,0.25703043315192386,26.782987594604492
0.0637499988079071,0.5401593539644775,0.10369999706745148,0.6531561613082886,-0.039219923317432404,-0.5651080012321472,0.373199999332428,0.07829999923706055,0.46489753106473186,0,2826,4.8868541713116995,0.6758686499989448,32.29369354248047
0.09229999780654907,0.06087690565627084,0.10819999873638153,0.10277994722127914,0.012877649627625942,-0.23194320499897003,0.17354999482631683,0.1412000060081482,0.05955812602338605,0,2556,4.865795012180104,0.14267095609962543,4.141697406768799
0.3325999975204468,0.26926732792651104,0.3049499988555908,0.09794382750988007,0.0,-0.06842830777168274,0.34975001215934753,0.28734999895095825,0.08231467671976317,0,3911,4.893472764181629,0.6989552271120741,23.666410446166992
0.02889999933540821,0.2673679100339317,0.04320000112056732,0.5840978622436523,0.26838287711143494,-0.6151447296142578,0.18129999935626984,0.047600001096725464,0.27514061910368937,0,3992,4.851956136179342,0.149147832204231,6.728193759918213
0.19535000622272491,0.09803682912441951,0.19859999418258667,0.08876769989728928,0.0,-0.11378848552703857,0.24959999322891235,0.20890000462532043,0.06369325304335813,0,3870,4.889862622616213,0.26700781450489897,5.920781135559082
0.08749999850988388,0.145687407123587,0.10580000281333923,0.22963397204875946,-0.12170131504535675,-0.32632917165756226,0.20829999446868896,0.13050000369548798,0.13912730855414235,0,2704,4.880536423572222,0.22108016215129567,11.476387977600098
0.04650000110268593,0.31811841372468075,0.06385000050067902,0.5475158095359802,0.008292078040540218,-0.5684353113174438,0.23205000162124634,0.06785000115633011,0.30791348898877496,0,3560,4.873316140441388,0.6794342517971518,24.507963180541992
0.05204999819397926,0.20425533038478294,0.06109999865293503,0.4254545569419861,0.0,-0.4391922950744629,0.15680000185966492,0.06319999694824219,0.19500001055498917,0,4099,4.891066003138018,0.5542465001481591,9.206716537475586
0.416049987077713,0.11182585810383988,0.399399995803833,0.03686103969812393,0.0,-0.03158150240778923,0.42544999718666077,0.3951999843120575,0.03435809635223089,0,4172,4.847443459222573,0.4522748937439367,17.315383911132812
0.1054999977350235,0.05926268324170832,0.1177000030875206,0.09309308975934982,0.009027821943163872,-0.1899518221616745,0.1729000061750412,0.14345000684261322,0.05411281716692597,0,2566,4.885650790789894,0.027937078047970187,2.6231696605682373
0.14274999499320984,0.2620852067811845,0.14970000088214874,0.27654945850372314,0.0,-0.27654945850372314,0.2641499936580658,0.14970000088214874,0.18785904709694773,0,3521,4.878430507659061,0.1335027709800618,14.143661499023438
0.062300000339746475,0.36858023412083774,0.08865000307559967,0.5302281975746155,-0.027828339487314224,-0.5275779366493225,0.28665000200271606,0.08799999952316284,0.3406791324524035,0,2722,4.890464312877116,0.14101667170425425,2.0735366344451904
0.0523499995470047,0.22451326341474476,0.0669500008225441,0.42286890745162964,0.009240900166332722,-0.48030275106430054,0.1907000094652176,0.07734999805688858,0.2213723266028349,0,3752,4.866685784521651,0.23047969237363863,11.58466911315918
0.07750000059604645,0.05793337262295385,0.11469999700784683,0.10617762804031372,0.0,-0.1995813250541687,0.17190000414848328,0.1388999968767166,0.06105082738660668,0,4161,4.883544874876734,0.270615860196622,31.054882049560547
0.039000000804662704,0.21813917723160609,0.05550000071525574,0.4592592716217041,0.16760560870170593,-0.5231958627700806,0.17730000615119934,0.065700002014637,0.22530283225445152,0,4034,4.827649658464361,0.12845323695948374,31.9135684967041
0.05730000138282776,0.307715811519883,0.07419999688863754,0.4938725531101227,0.02509581483900547,-0.5333333611488342,0.24379999935626984,0.08259999752044678,0.2925943897236082,0,3653,4.734739461021137,0.691156780196979,30.92239761352539
0.4986000061035156,0.043133540325863765,0.48965001106262207,0.012398969382047653,0.0,-0.01464000716805458,0.5041999816894531,0.49184998869895935,0.012382600750248406,0,3691,4.906108259660586,0.28615541718965676,18.951705932617188
0.046549998223781586,0.3806708304020394,0.06939999759197235,0.6038852334022522,-0.03443882241845131,-0.5839328765869141,0.26420000195503235,0.06525000184774399,0.3597866041265231,0,2732,4.894976989833887,0.12203148149414578,17.096202850341797
0.6111999750137329,0.7650237870180366,0.5763999819755554,0.06523725390434265,0.0,-0.029221033677458763,0.6110999584197998,0.5362499952316284,0.06815488386872165,0,3964,4.905807414530135,0.6053958358495395,19.67720603942871
0.07925000041723251,0.17743867989601653,0.09645000100135803,0.28925883769989014,-0.017320072278380394,-0.3522498309612274,0.20135000348091125,0.11100000143051147,0.16683080230962402,0,2521,4.884748255398541,0.2237762666971128,5.623773097991943
0.024700000882148743,0.1037558457469703,0.028200000524520874,0.4074741303920746,0.0,-0.46967557072639465,0.07814999669790268,0.032899998128414154,0.11107928717604422,0,3969,4.662659852351494,0.09542537413938812,21.82571029663086
0.24334999918937683,0.14821217998197012,0.2409999966621399,0.10243456065654755,0.0,-0.10905732959508896,0.30000001192092896,0.24424999952316284,0.0800814150636247,0,4104,4.853761206962051,0.15891927690655183,10.730386734008789
0.039900001138448715,0.28579618562031084,0.052000001072883606,0.5619967579841614,0.1883200854063034,-0.577235758304596,0.1940000057220459,0.0544000007212162,0.27979690766761056,0,3740,4.865494167049654,0.6564842438764071,21.067092895507812
0.034449998289346695,0.20509347923944105,0.047200001776218414,0.467332124710083,-0.014093596488237381,-0.5481091141700745,0.16169999539852142,0.05869999900460243,0.21446418072072176,0,3885,4.814350494872922,0.031943867791429215,13.145590782165527
0.06369999796152115,0.31754631343634426,0.08794999867677689,0.47283485531806946,-0.02188488468527794,-0.5137525796890259,0.27379998564720154,0.09799999743700027,0.30247761806830953,0,2677,4.906108259660587,0.2150272179238485,14.221890449523926
0.047200001776218414,0.29796511857798325,0.06400000303983688,0.5189873576164246,0.21690839529037476,-0.5616438388824463,0.2280000001192093,0.0722000002861023,0.2920519865424749,0,3979,4.895277834964338,0.2181782590234178,31.366369247436523
0.042399998754262924,0.2281566904774488,0.05635000020265579,0.46889162063598633,-0.011143091134727001,-0.5196078419685364,0.1782499998807907,0.06445000320672989,0.22983707324823555,0,3356,4.782811970977299,0.6584553194242893,8.247188568115234
0.0471000000834465,0.2259432223402753,0.06440000236034393,0.44048985838890076,0.04607690870761871,-0.4901029169559479,0.1881999969482422,0.0731000006198883,0.22678312760283434,0,3909,4.883544874876735,0.1667470523123309,19.002595901489258
0.17499999701976776,0.13553656760503024,0.20045000314712524,0.138599693775177,0.0,-0.19570669531822205,0.2980000078678131,0.22544999420642853,0.10633154552886762,0,3492,4.860140932553108,0.4537782229347649,30.118101119995117
0.13130000233650208,0.0441563032454311,0.1462000012397766,0.05995906516909599,0.001067605335265398,-0.10690286010503769,0.18119999766349792,0.1606999933719635,0.036524535888736484,0,2499,4.888358396963956,0.2561490821162715,3.3416364192962646
0.040300000458955765,0.31078766128219565,0.06024999916553497,0.5579845905303955,-0.003024233505129814,-0.5820326209068298,0.22804999351501465,0.06469999998807907,0.3090822987051178,0,3590,4.879996711162898,0.17537063192729907,9.47022819519043
0.039000000804662704,0.21518647241464556,0.050450000911951065,0.47954705357551575,0.04163235425949097,-0.5206651091575623,0.16005000472068787,0.056299999356269836,0.21724716571636704,0,3916,4.875422056354548,0.6961201256946894,19.10947036743164
0.04479999840259552,0.5399017291547946,0.07029999792575836,0.7229005694389343,0.013363460078835487,-0.6620192527770996,0.3456999957561493,0.05559999868273735,0.48280261654836126,0,3622,4.903099808356073,0.5115127202600807,22.19879913330078
0.5899500250816345,0.04691840728402982,0.5697500109672546,0.00875069946050644,0.0,-0.0032800931949168444,0.5734999775886536,0.5635499954223633,0.009116993064044347,0,3986,4.880837268702672,0.6629672408973805,24.525400161743164
0.029600000008940697,0.0675924192983225,0.03440000116825104,0.2687385678291321,0.245216503739357,-0.33718687295913696,0.06939999759197235,0.03999999910593033,0.07236625856255902,0,4343,4.847744304353023,0.49200942058598685,28.797840118408203
0.06305000185966492,0.4876644442410346,0.09544999897480011,0.6160491108894348,-0.09188170731067657,-0.5766245126724243,0.35545000433921814,0.08444999903440475,0.4324928252985981,0,2788,4.888960087224858,0.35763893066188435,19.00147247314453
0.04650000110268593,0.29059509642834025,0.06830000132322311,0.5075410008430481,0.0002761202631518245,-0.541918158531189,0.22990000247955322,0.07509999722242355,0.28844721487162545,0,3517,4.859176419310174,0.5775474192369773,5.84625768661499
0.05375000089406967,0.24848103307342675,0.06849999725818634,0.44831281900405884,-0.014589815400540829,-0.4950239956378937,0.20280000567436218,0.07724999636411667,0.241426848885616,0,3431,4.825782609830074,0.04563916807721158,32.82808303833008
0.0414000004529953,0.41702451471375074,0.06629999727010727,0.6644378900527954,-0.02710149809718132,-0.6028751134872437,0.26759999990463257,0.053950000554323196,0.39008581199736103,0,2561,4.890765158007567,0.11156054031704665,13.864619255065918
0.04600000008940697,0.4557315340470247,0.08079999685287476,0.6548718810081482,-0.017459481954574585,-0.5900037884712219,0.31334999203681946,0.0653500035405159,0.4233526625888269,0,2774,4.892871073920727,0.044200863486872466,17.895349502563477
0.03739999979734421,0.26122677829950564,0.04960000142455101,0.5320877432823181,0.0023656971752643585,-0.5835432410240173,0.18860000371932983,0.0575999990105629,0.2633342352509732,0,3833,4.880235578441771,0.08229599691317002,15.083356857299805
0.07855000346899033,0.14443566505077074,0.0869000032544136,0.25515419244766235,-0.01867792010307312,-0.3125,0.16590000689029694,0.09844999760389328,0.13236738841462847,0,2549,4.874820366093645,0.5549940923357068,3.931351661682129
0.054499998688697815,0.4169081443992213,0.08739999681711197,0.5904077887535095,-0.017336731776595116,-0.5601962804794312,0.31005001068115234,0.07985000312328339,0.3880211326895051,0,2685,4.885650790789894,0.25013334868961346,5.554312229156494
0.06864999979734421,0.38137889866913716,0.0982000008225441,0.524225652217865,-0.03636593744158745,-0.502406895160675,0.29649999737739563,0.09255000203847885,0.34410324864672925,0,2749,4.903400653486524,0.46890931428983196,20.007898330688477
0.03909999877214432,0.24426546652973932,0.05730000138282776,0.48521605134010315,-0.00022472320415545255,-0.5473933219909668,0.19589999318122864,0.06790000200271606,0.2513746896810726,0,3714,4.820969087742851,0.0482237876774253,17.4492244720459
0.43549999594688416,0.14769917463495133,0.422650009393692,0.046599481254816055,0.0,-0.03910422325134277,0.45704999566078186,0.41635000705718994,0.04445171310948695,0,3994,4.853749443912243,0.640706371514779,23.174928665161133
0.048500001430511475,0.23527154142923273,0.06279999762773514,0.44100719690322876,0.21821457147598267,-0.5226149559020996,0.20029999315738678,0.07769999653100967,0.23637531796526248,0,4080,4.880837268702673,0.516107596470995,24.902637481689453
0.06735000014305115,0.2961425953059054,0.09345000237226486,0.44686225056648254,-0.028937308117747307,-0.46767300367355347,0.2576499879360199,0.09849999845027924,0.278835470448629,0,2766,4.876312828696094,0.056447213368976845,5.8463311195373535
0.05225000157952309,0.14657158497325412,0.06199999898672104,0.33483707904815674,0.0,-0.3645913302898407,0.13314999639987946,0.06634999811649323,0.14324517256695138,0,3906,4.835108808874065,0.6892554794970801,26.253738403320312
0.42555001378059387,0.17006919847377588,0.41655001044273376,0.06009454280138016,0.0,-0.061348628252744675,0.47099998593330383,0.41759997606277466,0.057684010512755554,0,3901,4.8979854411384,0.4146924825753754,27.638242721557617
0.09449999779462814,0.13719440447919357,0.09730000048875809,0.22316603362560272,0.0,-0.2389518916606903,0.15839999914169312,0.1005999967455864,0.11422925436620959,0,3768,4.870596771217518,0.4682364486566155,10.261051177978516
0.05375000089406967,0.4091904969480193,0.0824500024318695,0.5864037275314331,-0.025085285305976868,-0.575164258480072,0.30570000410079956,0.07970000058412552,0.3828777992785828,0,2714,4.88234149435493,0.2502184503670468,15.505388259887695
0.07660000026226044,0.08923940976436004,0.08789999783039093,0.17316561937332153,0.12817586958408356,-0.22827042639255524,0.13989999890327454,0.09860000014305115,0.08388625351433344,0,4381,4.854663742353404,0.43677984737893294,27.731117248535156
0.24500000476837158,0.23163221814197554,0.2462500035762787,0.15662039816379547,0.0,-0.1621299535036087,0.34154999256134033,0.24904999136924744,0.12722355018572074,0,3604,4.862786560875591,0.5634981515275984,19.56615447998047
0.03440000116825104,0.3633007597828186,0.04475000128149986,0.6771093606948853,0.09632334113121033,-0.6595664024353027,0.21815000474452972,0.041999999433755875,0.34759587780544093,0,3663,4.854952824434048,0.36879751802082095,25.8998966217041
0.04735000059008598,0.2351002687718564,0.06575000286102295,0.43922603130340576,-0.005475672427564859,-0.5135034918785095,0.20454999804496765,0.07970000058412552,0.23879502265684277,0,3745,4.867900928093264,0.015097187047596217,23.14447784423828
0.045899998396635056,0.18890724309770324,0.05925000086426735,0.40871506929397583,-0.013347270898520947,-0.45353931188583374,0.15760000050067902,0.06615000218153,0.18953367457043813,0,3520,4.87151106965868,0.16448421218538167,9.06785774230957
0.03790000081062317,0.23136193536300192,0.05065000057220459,0.5024477243423462,0.0,-0.5383914113044739,0.1687999963760376,0.05590000003576279,0.23368289685237076,0,4103,4.851354445918439,0.07600571874563156,14.547966957092285
0.05355000123381615,0.18912035886410536,0.06385000050067902,0.398934930562973,0.0,-0.40577012300491333,0.15105000138282776,0.0649000033736229,0.18049444256623282,0,4250,4.870909379397777,0.15912189966526347,41.803871154785156
0.045249998569488525,0.21055747869662286,0.062150001525878906,0.4392165243625641,-0.04191991314291954,-0.4622539281845093,0.16899999976158142,0.06584999710321426,0.2105531804418289,0,3745,4.877527972267707,0.6683105716880058,22.53507423400879
0.03994999825954437,0.08780285326689483,0.045049998909235,0.2812500298023224,0.0,-0.3130004107952118,0.0861000046133995,0.04829999804496765,0.08937580330241816,0,4272,4.859778109571077,0.30351764216715027,31.327112197875977
0.03514999896287918,0.2876339330585304,0.05570000037550926,0.5735235810279846,-0.015992535278201103,-0.5617623925209045,0.19850000739097595,0.05380000174045563,0.2885152277565113,0,2525,4.885349945659442,0.3823077452126523,24.248153686523438
0.03999999910593033,0.2596257908979851,0.05290000140666962,0.5067094564437866,0.06108803674578667,-0.5804916620254517,0.19929999113082886,0.06525000184774399,0.26299782325714127,0,3935,4.83601134426542,0.11227318811327103,16.564661026000977
0.07244999706745148,0.2359306818701637,0.10225000232458115,0.365715891122818,-0.014027330093085766,-0.4056096374988556,0.241799995303154,0.11230000108480453,0.22743237577452213,0,2466,4.874820366093646,0.6670356304999048,13.445792198181152
0.20739999413490295,0.18336068305222009,0.18799999356269836,0.13208477199077606,0.03916986659169197,-0.0998324304819107,0.2296999990940094,0.1761000007390976,0.0887613132558858,0,4178,4.896481215486143,0.07445124445589801,24.195730209350586
0.042249999940395355,0.6948692355614214,0.06949999928474426,0.8104485273361206,-0.01335237082093954,-0.7210795879364014,0.428849995136261,0.04490000009536743,0.5914505729207665,0,2996,4.8739178307022915,0.4191260429467665,10.469220161437988
0.23884999752044678,0.13466922232154513,0.23999999463558197,0.09611266851425171,0.0,-0.10103946924209595,0.29395002126693726,0.24239999055862427,0.07461286744838175,0,3663,4.885349945659443,0.3628862187315398,23.276742935180664
0.03830000013113022,0.3266467358607633,0.06509999930858612,0.5623062252998352,0.05520718917250633,-0.5894039869308472,0.25200000405311584,0.0706000030040741,0.33078045129975947,0,3797,4.877227127137257,0.05762143588685387,4.144454479217529
0.1842000037431717,0.13926912990109974,0.1754000037908554,0.12652471661567688,0.01738594099879265,-0.14626426994800568,0.23549999296665192,0.1826000064611435,0.08642847163459035,0,4178,4.903400653486524,0.09535404022507077,48.433902740478516
0.04075000062584877,0.25401584561214585,0.05640000104904175,0.5143560171127319,0.0,-0.5319501757621765,0.18459999561309814,0.059199996292591095,0.2528905633607628,0,3848,4.900693047312462,0.18310588965883,12.894791603088379
0.05195000022649765,0.3803952131416456,0.08259999752044678,0.5624097585678101,-0.0759962648153305,-0.5654918551445007,0.29760000109672546,0.08335000276565552,0.36480503557249433,0,3109,4.892257620610017,0.6861607695708932,9.060420989990234
0.05700000002980232,0.15243395522260175,0.06960000097751617,0.315292090177536,0.0,-0.3749438524246216,0.15309999883174896,0.07970000058412552,0.15024562972052058,0,3795,4.873015295310937,0.22879350946941923,11.038262367248535
0.04924999922513962,0.20444444147362434,0.05950000137090683,0.4190678000450134,0.04038297384977341,-0.4756554067134857,0.16744999587535858,0.0685499981045723,0.20156249710543422,0,3825,4.814952185133825,0.3242353511305818,21.066123962402344
0.09319999814033508,0.15881863376611705,0.11855000257492065,0.23874449729919434,0.01602483168244362,-0.29560309648513794,0.2180500030517578,0.1340000033378601,0.14796666700944322,0,2505,4.892871073920727,0.4259881340236056,0.0
0.05245000123977661,0.31390478868028704,0.07460000365972519,0.5171762108802795,-0.0792190283536911,-0.5267998576164246,0.24070000648498535,0.07660000026226044,0.3011746082246277,0,2683,4.892570228790276,0.44901609914514495,24.893966674804688
0.031300000846385956,0.25363900052077826,0.04729999974370003,0.549162745475769,0.24029701948165894,-0.5845410823822021,0.18039999902248383,0.05249999836087227,0.26176831993092076,0,3880,4.844435007918058,0.41542786148952027,6.721828460693359
0.040049999952316284,0.13540954756913995,0.04645000025629997,0.3661593794822693,0.0,-0.4226227402687073,0.11445000022649765,0.05309999734163284,0.13785484931846637,0,3850,4.825770846780266,0.4702277862815871,9.199563980102539
0.06729999929666519,0.31048817036331233,0.09224999696016312,0.4594447612762451,0.012447353452444077,-0.48799777030944824,0.26809999346733093,0.09929999709129333,0.2919068449620228,0,2771,4.88474825539854,0.5648928414471361,5.23535680770874
0.03700000047683716,0.3710506858822427,0.05000000074505806,0.664959728717804,0.012719495221972466,-0.639769434928894,0.22759999334812164,0.04580000042915344,0.3525989029901452,0,3586,4.843833317657155,0.6446035392230519,35.501258850097656
0.1387999951839447,0.254265783302872,0.1472499966621399,0.2757151126861572,0.0,-0.2803909480571747,0.2619999945163727,0.14875000715255737,0.18652207601913878,0,4113,4.887756706703054,0.1489320924216776,14.964197158813477
0.06530000269412994,0.20225615514096718,0.08285000175237656,0.3475848436355591,0.0,-0.4272381663322449,0.20645000040531158,0.09995000064373016,0.19810267787023084,0,3575,4.803219225046222,0.5977720249070816,28.51566505432129
0.05209999904036522,0.16892326079638442,0.059700001031160355,0.36468422412872314,0.32954126596450806,-0.4251323938369751,0.14800000190734863,0.06889999657869339,0.1655042659276738,0,4342,4.8739178307022915,0.29095635240375894,21.729400634765625
0.5604000091552734,0.16412226948078307,0.5447999835014343,0.03687575086951256,0.0,-0.034256622195243835,0.5834500193595886,0.5419500470161438,0.038298237955637776,0,3918,4.845337543309412,0.628719050495285,30.50315284729004
0.0723000019788742,0.15715217100413806,0.08070000261068344,0.2896000146865845,-0.06041117012500763,-0.332782119512558,0.16120000183582306,0.08879999816417694,0.14480000734329224,0,4002,4.842930782265801,0.37212164711012097,27.420940399169922
0.062049999833106995,0.26059623227455886,0.08259999752044678,0.421123206615448,0.0,-0.48551854491233826,0.23849999904632568,0.09714999794960022,0.2537246483662967,0,4090,4.89347276418163,0.09974816079121385,41.36567687988281
0.04125000163912773,0.3029073847776926,0.06105000153183937,0.5424903035163879,-0.012766665779054165,-0.5779467821121216,0.22824999690055847,0.06769999861717224,0.302562973530056,0,2762,4.873316140441388,0.6781098632186628,7.209368705749512
0.04439999908208847,0.16435338332192706,0.05700000002980232,0.3772055208683014,0.31886547803878784,-0.43396225571632385,0.1444000005722046,0.06530000269412994,0.16718331164017944,0,4099,4.893472764181629,0.19955606860029962,12.685098648071289
0.04924999922513962,0.192279760194636,0.06174999848008156,0.4023437201976776,-0.009043605998158455,-0.4469323754310608,0.16155000030994415,0.06885000318288803,0.19037513010081572,0,3717,4.8609814900928825,0.10405324162161644,17.644088745117188
0.17374999821186066,0.2068956646600429,0.1776999980211258,0.192775160074234,0.0,-0.19263969361782074,0.26249998807907104,0.17765000462532043,0.13537730805540155,0,3209,4.875422056354548,0.5575762871726675,40.85800552368164
0.04805000126361847,0.26591987002927486,0.0640999972820282,0.4967012107372284,0.004175351932644844,-0.5118050575256348,0.19850000739097595,0.06675000488758087,0.2582489390188414,0,3747,4.8224615503453006,0.46273608418932455,14.629216194152832
0.041099999099969864,0.17422031791759368,0.053300000727176666,0.4026590585708618,0.044945329427719116,-0.4696517288684845,0.1476999968290329,0.06289999932050705,0.17900365459053644,0,4211,4.877227127137257,0.577134490744075,20.280946731567383
0.03009999915957451,0.3957460839625686,0.042899999767541885,0.7350789308547974,0.3585357069969177,-0.6800894737243652,0.22529999911785126,0.03440000116825104,0.37692509782356354,0,3994,4.870909379397778,0.42524009282128705,32.010196685791016
0.04515000060200691,0.2923948967511959,0.06724999845027924,0.5186372399330139,0.0,-0.5399350523948669,0.22510001063346863,0.07135000079870224,0.28956621437852864,0,3600,4.888057551833505,0.3166610412085461,5.852692604064941
0.11569999903440475,0.26122428338112824,0.1529500037431717,0.31207749247550964,-0.015585554763674736,-0.36010876297950745,0.32510000467300415,0.17045000195503235,0.233011905512075,0,2504,4.903400653486524,0.17107792385874954,7.930993556976318
0.06129999831318855,0.23322042170809937,0.0832500010728836,0.39291316270828247,-0.020639706403017044,-0.45472410321235657,0.22210000455379486,0.09679999947547913,0.22951521149431425,0,2519,4.893773609312081,0.2284925780668965,21.309091567993164
0.0414000004529953,0.3455627734414374,0.04960000142455101,0.6337592005729675,0.019306659698486328,-0.6193399429321289,0.210999995470047,0.04729999974370003,0.32381642508161385,0,3690,4.863989941397397,0.6993049384807943,17.11853790283203
0.04805000126361847,0.5088007267887866,0.08254999667406082,0.6738367676734924,-0.04211471602320671,-0.6251986622810364,0.35795000195503235,0.06975000351667404,0.46599115566214366,0,2714,4.890464312877115,0.17612249698044902,2.0750696659088135
0.12484999746084213,0.09531539530249819,0.12184999883174896,0.1297220140695572,0.0,-0.13072945177555084,0.15850000083446503,0.12210000306367874,0.06994619060148491,0,3994,4.890765158007567,0.3578974165441945,4.63310432434082
0.05914999917149544,0.3916153406742551,0.090549997985363,0.5474935173988342,-0.09073346108198166,-0.554160475730896,0.31564998626708984,0.09230000525712967,0.36899055525350866,0,3160,4.863989941397396,0.6392810613874408,38.88752365112305
0.05784999951720238,0.30526374323479816,0.07464999705553055,0.4928169548511505,0.018116770312190056,-0.5239917039871216,0.23899999260902405,0.0812000036239624,0.28858813041295767,0,2682,4.891355085218662,0.1478886683856223,9.770766258239746
0.04365000128746033,0.21937361951324436,0.05665000155568123,0.45473596453666687,0.0367639921605587,-0.5078192949295044,0.17354999482631683,0.06504999846220016,0.22034930412272624,0,3946,4.863087406006044,0.11950845670906118,25.321557998657227
0.046799998730421066,0.23980503471402148,0.06324999779462814,0.46410006284713745,0.014847512356936932,-0.5007892847061157,0.19014999270439148,0.06960000097751617,0.23800590864633925,0,3717,4.839922330961287,0.6610976388262312,14.949007034301758
0.049400001764297485,0.21112694002142665,0.06584999710321426,0.41448262333869934,0.03382677584886551,-0.46895164251327515,0.1821500062942505,0.07540000230073929,0.21137219216358655,0,3852,4.842930782265802,0.6146261998511642,37.114967346191406
0.03579999879002571,0.3930348077482531,0.058150000870227814,0.6604501605033875,0.0,-0.6323692202568054,0.2581999897956848,0.052799999713897705,0.37990134291985744,0,3828,4.906108259660586,0.01423885732350072,7.603926181793213
0.0791499987244606,0.33778797210923717,0.11299999803304672,0.4465865194797516,-0.01751955971121788,-0.47673070430755615,0.3188999891281128,0.12200000137090683,0.3139015672421953,0,2705,4.903701498616977,0.045020975162926136,2.9339640140533447
0.06530000269412994,0.2824167982095008,0.08205000311136246,0.44304558634757996,-0.06714661419391632,-0.49155694246292114,0.24070000648498535,0.09290000051259995,0.26595490294809976,0,2648,4.900993892442913,0.2864593944188565,2.073578357696533
0.03480000048875809,0.18063913477308194,0.046549998223781586,0.44583866000175476,0.004098627716302872,-0.5039957165718079,0.14114999771118164,0.054099999368190765,0.1878101374512906,0,3767,4.752978088260845,0.2946319178280704,6.721908092498779
0.049400001764297485,0.1595434469465655,0.0608999989926815,0.35169878602027893,0.30588001012802124,-0.41470447182655334,0.14720000326633453,0.0706000030040741,0.16007244272732102,0,4262,4.852018114030922,0.12612434735280553,20.49207305908203
0.10580000281333923,0.07497784580992477,0.12675000727176666,0.11235954612493515,-0.0035226342733949423,-0.2642577290534973,0.21780000627040863,0.1738000065088272,0.07402422464827177,0,2684,4.889561777485762,0.04984751624197692,2.075124740600586
0.038350000977516174,0.16310447650086796,0.04690000042319298,0.42610692977905273,0.0,-0.45114099979400635,0.12399999797344208,0.04990000277757645,0.16493543948646516,0,3441,4.880536423572221,0.0486175737421094,14.658452987670898
0.40389999747276306,0.21742747180023736,0.3930499851703644,0.07785501331090927,0.0,-0.07168165594339371,0.45375001430511475,0.38819998502731323,0.07327027382958788,0,3461,4.865193321919202,0.5285807375492273,28.382761001586914
0.07635000348091125,0.36952564672513344,0.10845000296831131,0.4874539375305176,-0.07495502382516861,-0.48498159646987915,0.3127000033855438,0.10774999856948853,0.3339942490858965,0,2613,4.885650790789894,0.30473241974777754,6.6608686447143555
0.09465000033378601,0.2298201774832151,0.131400004029274,0.30939531326293945,-0.013137220405042171,-0.3868408501148224,0.2971999943256378,0.15674999356269836,0.2208449120176199,0,2893,4.895879525225242,0.3544823442883559,30.336505889892578
0.04075000062584877,0.42089086311535373,0.06925000250339508,0.6544288992881775,-0.019052425399422646,-0.6078153848648071,0.2838999927043915,0.059300001710653305,0.39954932248822617,0,2533,4.908515020704197,0.30174256853311276,15.08364486694336
0.043549999594688416,0.22000596022662414,0.058800000697374344,0.4511246979236603,0.0,-0.502116858959198,0.17739999294281006,0.06710000336170197,0.2222296644632763,0,3647,4.8507527556575365,0.6495755274718283,12.800725936889648
0.07365000247955322,0.48862056195705433,0.10610000044107437,0.5829483270645142,-0.024676408618688583,-0.5606625080108643,0.37689998745918274,0.09929999709129333,0.42655192802894726,0,2658,4.850151065396632,0.28492135827627485,7.612298965454102
0.03799999877810478,0.2983079283720068,0.057500001043081284,0.5552790760993958,0.0320831723511219,-0.5837103724479675,0.21875,0.06255000084638596,0.2998848054225045,0,3980,4.879934733311319,0.5321342370758583,18.47372817993164
0.23684999346733093,0.1739781952384672,0.23520000278949738,0.12321492284536362,0.0,-0.13202324509620667,0.30674999952316284,0.23945000767707825,0.09649205417163147,0,4094,4.868803463484618,0.041200240223749796,29.323171615600586
0.03914999961853027,0.35555599490876066,0.066600002348423,0.6202834248542786,-0.03790578246116638,-0.5616257786750793,0.23725000023841858,0.05559999868273735,0.343665261656408,0,2786,4.86037979983198,0.11240191280432821,27.225177764892578
0.03164999932050705,0.5619689448590799,0.05469999834895134,0.7990044355392456,-0.04795297607779503,-0.7187660932540894,0.3343000113964081,0.03734999895095825,0.511013610257018,0,2795,4.908515020704197,0.22326926361624277,17.469837188720703
0.06459999829530716,0.17663338340826845,0.08654999732971191,0.3077044188976288,-0.015991350635886192,-0.4113246202468872,0.20749999582767487,0.10984999686479568,0.17920719367942817,0,2724,4.892871073920727,0.5645529189609253,3.341575860977173
0.04019999876618385,0.6602394857680294,0.0689999982714653,0.7952350378036499,-0.0857561007142067,-0.7167487740516663,0.41819998621940613,0.04769999906420708,0.5753701099494437,0,2768,4.887155016442151,0.03588744565648039,9.593705177307129
0.03449999913573265,0.2900455898792839,0.04910000041127205,0.5962837934494019,0.14405447244644165,-0.5875682234764099,0.1889999955892563,0.04780000075697899,0.2874592742925142,0,3841,4.860078954701528,0.641129764046874,19.919492721557617
0.6100999712944031,0.5061201115555743,0.5644500255584717,0.03998921811580658,0.0,-0.01410413347184658,0.5805999636650085,0.5359500050544739,0.041430787301214606,0,3885,4.882943184615833,0.1242590383753377,14.200528144836426
0.2442999929189682,0.1876996498150374,0.24514999985694885,0.12847189605236053,0.0,-0.13236592710018158,0.3199499845504761,0.24709999561309814,0.10240849579446644,0,3529,4.88264233948538,0.5322883076475786,3.9314801692962646
0.4231500029563904,0.022877636178643638,0.40625,0.007430138997733593,0.0,-0.004777059890329838,0.4101499915122986,0.4041000008583069,0.006905068315517626,0,3920,4.870909379397778,0.12595125889479697,20.2844181060791
0.04574999958276749,0.1060570202483414,0.05719999969005585,0.27542731165885925,0.0,-0.3309941589832306,0.11380000412464142,0.06464999914169312,0.1086668245552071,0,4062,4.851354445918439,0.12367197644866834,31.366432189941406
0.046149998903274536,0.24006573029616676,0.061149999499320984,0.46943575143814087,0.006472775246948004,-0.508143961429596,0.1875,0.06769999861717224,0.23795021504672378,0,3778,4.88023557844177,0.42265338990417645,8.68592643737793
0.0442500002682209,0.2244731200723897,0.062049999833106995,0.44614195823669434,-0.0030537813436239958,-0.5016064047813416,0.18694999814033508,0.07159999758005142,0.22809966622714906,0,3645,4.849673330838889,0.5500376528762246,20.784997940063477
0.3438499867916107,0.09167875354185175,0.3389500081539154,0.04314877837896347,0.0,-0.04608454182744026,0.3716999888420105,0.34095001220703125,0.03803650262859604,0,4358,4.838117260178578,0.5476971851205854,11.043356895446777
0.04170000180602074,0.23947991548949976,0.0515500009059906,0.501522421836853,-0.013216822408139706,-0.540040135383606,0.17260000109672546,0.05730000138282776,0.23695026576697598,0,3888,4.84863507669457,0.1670292644250837,18.16603660583496
0.4449999928474426,0.09838582036190972,0.43459999561309814,0.03266527131199837,0.0,-0.03518705070018768,0.46630001068115234,0.4368000030517578,0.03153731808922574,0,4224,4.900993892442914,0.21575015980810996,22.961463928222656
0.589900016784668,1.1726803859759083,0.5031499862670898,0.03965909406542778,0.0,-0.03231082856655121,0.5367500185966492,0.4958000183105469,0.04008025770767904,0,3810,4.898887976529753,0.14828485903363575,20.438982009887695
0.0393499992787838,0.284177171707442,0.05764999985694885,0.5358695983886719,-0.012840463779866695,-0.5723294019699097,0.21195000410079956,0.06404999643564224,0.2858891898767694,0,3680,4.808634437394346,0.4681722611503569,15.788917541503906
0.04050000011920929,0.3869560211637077,0.06464999914169312,0.6434032917022705,0.0,-0.5923707485198975,0.25255000591278076,0.05480000004172325,0.3674057182372793,0,3487,4.841187689334671,0.48107154302087873,23.993003845214844
0.04515000060200691,0.34777480948944534,0.06419999897480011,0.5880398154258728,-0.01998690888285637,-0.5765171647071838,0.23899999260902405,0.06200000271201134,0.33146065717404716,0,3409,4.852858671570696,0.22299114514804652,27.353849411010742
0.3460499942302704,0.07748212561998,0.3391999900341034,0.034760117530822754,0.0,-0.03002573363482952,0.3601999878883362,0.335999995470047,0.03034608688550554,0,4067,4.865193321919202,0.6143448459746998,13.062224388122559
0.03954999893903732,0.33872765394079873,0.057500001043081284,0.6016684174537659,-0.014555204659700394,-0.6005557179450989,0.2303999960422516,0.05730000138282776,0.32963056092155424,0,3555,4.889862622616214,0.24917477196383486,6.530106544494629
0.04295000061392784,0.15838332419659562,0.053700000047683716,0.37490716576576233,0.0,-0.4423675835132599,0.1388999968767166,0.06315000355243683,0.16184743240077246,0,4125,4.868502618354167,0.35116500771444425,25.80187225341797
0.04975000023841858,0.26623812419561377,0.06499999761581421,0.490868479013443,0.0,-0.5094339847564697,0.20000000298023224,0.06829999387264252,0.2571261414429165,0,3850,4.743413021937979,0.35546237943229275,20.12847137451172
0.04749999940395355,0.24130878777390966,0.06719999760389328,0.44300341606140137,0.004801173694431782,-0.5175879597663879,0.21140000224113464,0.08160000294446945,0.24552332619396092,0,3891,4.381721162121443,0.2038807359433723,33.33021545410156
0.096950002014637,0.052244987944957036,0.12415000051259995,0.08688681572675705,0.0,-0.15443553030490875,0.16949999332427979,0.14239999651908875,0.05006773705666475,0,4209,4.870608534267327,0.2901993407747231,22.689071655273438
0.037700001150369644,0.22065278623971285,0.05225000157952309,0.47651875019073486,-0.014540988020598888,-0.5326475501060486,0.17135000228881836,0.060750000178813934,0.22660839039177771,0,3815,4.805086273680509,0.40839317753008075,20.784242630004883
0.2688499987125397,0.16960479919915425,0.24684999883174896,0.08865182101726532,0.0,-0.0639871284365654,0.28060001134872437,0.23489999771118164,0.06750371230402442,0,3894,4.857070503397014,0.2328541354234558,8.498174667358398
0.04360000044107437,0.24170074294778182,0.058800000697374344,0.4750676155090332,0.045413579791784286,-0.5288461446762085,0.1907999962568283,0.06790000200271606,0.24298140477667948,0,3968,4.880536423572223,0.15694182216644526,7.209188938140869
0.06764999777078629,0.3057729260868789,0.09220000356435776,0.4539986252784729,-0.029371678829193115,-0.4850600063800812,0.26589998602867126,0.09984999895095825,0.28769850989073953,0,2663,4.890464312877116,0.2722890459846551,7.934652328491211
0.04284999892115593,0.21405392633806575,0.05979999899864197,0.4364969730377197,-0.02289167232811451,-0.5038374066352844,0.18125000596046448,0.07109999656677246,0.2196119007583262,0,3735,4.669369830697523,0.22511523719199578,10.261052131652832
0.37860000133514404,0.1807796255279534,0.3562999963760376,0.060351304709911346,0.0,-0.042397353798151016,0.38784998655319214,0.34369999170303345,0.05377369448620123,0,3693,4.871811914789132,0.5874945625414338,11.182278633117676
0.06310000270605087,0.17650233515011593,0.07509999722242355,0.3343823552131653,-0.039071835577487946,-0.3861871659755707,0.1695999950170517,0.08460000157356262,0.16905328923574844,0,3802,4.8531595167011465,0.27104083181375227,29.46038818359375
0.05429999902844429,0.283784771100298,0.07819999754428864,0.4662081301212311,0.006456009577959776,-0.5163136124610901,0.24514999985694885,0.08924999833106995,0.2802612689317432,0,3847,4.896481215486142,0.19544557371212823,19.089136123657227
0.045899998396635056,0.23788737310692237,0.05979999899864197,0.46418890357017517,0.09907666593790054,-0.5194857120513916,0.1890999972820282,0.06920000165700912,0.23717525212865975,0,3847,4.857371348527466,0.4065374406692033,9.899642944335938
0.04740000143647194,0.19786192845887646,0.05954999849200249,0.4068880081176758,0.012879657559096813,-0.48239898681640625,0.17055000364780426,0.07190000265836716,0.19930635090214244,0,3816,4.855265432614307,0.4658347157997361,26.318115234375
0.040699999779462814,0.5228043307270313,0.07090000063180923,0.7202410697937012,-0.0029698810540139675,-0.6569908261299133,0.3425000011920929,0.05570000037550926,0.4789579163594523,0,2924,4.900693047312463,0.09005414744029905,11.042863845825195
0.15160000324249268,0.09894531339720455,0.18125000596046448,0.11533447355031967,0.002279596636071801,-0.17237438261508942,0.2567499876022339,0.20364999771118164,0.08293417956538755,0,2899,4.889862622616214,0.659173544216097,5.852084636688232
0.06780000030994415,0.13021670231235488,0.09905000030994415,0.21632453799247742,-0.0036656693555414677,-0.43302804231643677,0.2503499984741211,0.16130000352859497,0.1465200374319653,0,2510,4.888960087224859,0.01667074659529344,5.554492473602295
0.08184999972581863,0.14608332656456202,0.09480000287294388,0.24792662262916565,0.0,-0.30191460251808167,0.17680001258850098,0.10655000060796738,0.1345184351766543,0,4188,4.863388251136493,0.19604870577679478,24.437767028808594
0.0848499983549118,0.39687590459846367,0.11424999684095383,0.48456206917762756,-0.08284864574670792,-0.5113867521286011,0.35339999198913574,0.12269999831914902,0.3545230959337332,0,2738,4.903099808356073,0.0886873171954351,6.721919536590576
0.03840000182390213,0.20146208146672318,0.04600000008940697,0.47305387258529663,0.0,-0.5247933864593506,0.147599995136261,0.052799999713897705,0.20302683349386194,0,3983,4.842629937135349,0.35042284234865984,24.405567169189453
0.0997999981045723,0.06812207075922902,0.12210000306367874,0.10722774267196655,0.002176092704758048,-0.23711338639259338,0.1979999989271164,0.15964999794960022,0.06707281720487573,0,2604,4.900693047312462,0.4498022570492991,0.9285978078842163
0.047600001096725464,0.35757190504003056,0.07109999656677246,0.5722439289093018,-0.00960470736026764,-0.5727163553237915,0.26170000433921814,0.07119999825954437,0.3430784106470541,0,3565,4.842004720774832,0.3056637038088422,16.997669219970703
0.042649999260902405,0.28549183797167377,0.05784999951720238,0.5334192514419556,0.137675940990448,-0.5651193261146545,0.20819999277591705,0.06334999948740005,0.28160844029744114,0,3737,4.8609814900928825,0.08326030678214502,35.84193420410156
0.06109999865293503,0.4664015661197077,0.10080000013113022,0.6008123755455017,-0.05079178884625435,-0.5574094653129578,0.3546999990940094,0.08844999969005585,0.42344801953116207,0,2492,4.891066003138018,0.6834233938374057,7.612502574920654
0.04975000023841858,0.27144886382096806,0.06684999912977219,0.49363404512405396,-0.004393924027681351,-0.5087268352508545,0.2053000032901764,0.06960000097751617,0.2626790583919949,0,2607,4.910921781747808,0.33362454097248573,12.909430503845215
0.04439999908208847,0.2973108714839341,0.062300000339746475,0.5323417782783508,-0.016652990132570267,-0.5609583854675293,0.2214999943971634,0.06759999692440033,0.29254847135725237,0,3513,4.862786560875591,0.6263942990869317,24.88936996459961
0.1773499995470047,0.03261173059281926,0.1667499989271164,0.03164556622505188,0.0,-0.013021604157984257,0.17114999890327454,0.16064999997615814,0.018934838196552478,0,3940,4.896481215486142,0.6121623817636916,0.0
0.13109999895095825,0.20962350758419734,0.13019999861717224,0.24596308171749115,0.0,-0.2479422390460968,0.21604999899864197,0.13075000047683716,0.15109824971889632,0,4276,4.898587131399302,0.3799660451662926,9.935128211975098
0.05609999969601631,0.13426602903946971,0.06759999692440033,0.28898876905441284,0.19245153665542603,-0.3592417240142822,0.14339999854564667,0.07909999787807465,0.1334948117353255,0,4214,4.663653773218945,0.6776633610237989,8.493924140930176
0.0726500004529953,0.2156486488208917,0.07760000228881836,0.3752455711364746,0.0,-0.3855898678302765,0.17500001192092896,0.07950000464916229,0.18986084527718816,0,3938,4.89587952522524,0.028097652177439647,5.920374870300293
0.3711499869823456,0.29173848947614445,0.3323499858379364,0.08143940567970276,0.0,-0.055152811110019684,0.3711499869823456,0.3152499794960022,0.07067600606767666,0,3918,4.866396702441007,0.036435964646654884,19.582355499267578
0.08004999905824661,0.18990244345304244,0.09745000302791595,0.30522602796554565,-0.004748708568513393,-0.35249167680740356,0.20354999601840973,0.1083500012755394,0.17588372039691563,0,2556,4.903400653486524,0.016836789585016,3.3416059017181396
0.050700001418590546,0.468518027557114,0.06889999657869339,0.6754411458969116,-0.06344936788082123,-0.6156206727027893,0.2896000146865845,0.05609999969601631,0.4141539748483398,0,3814,4.875422056354547,0.26797674598961396,44.70691680908203
0.05310000106692314,0.2784508513721761,0.07084999978542328,0.48239678144454956,-0.039711300283670425,-0.5110421180725098,0.21895000338554382,0.07644999772310257,0.2687327234042398,0,3645,4.866697547571459,0.05054194996606032,25.483577728271484
0.04724999889731407,0.4078191598540025,0.0729999989271164,0.6092579960823059,0.0478823222219944,-0.6037991642951965,0.2954999804496765,0.07175000011920929,0.38699910984782326,0,3838,4.883544874876734,0.25405894163411835,13.532639503479004
0.024299999698996544,0.3811248619045124,0.03579999879002571,0.7619642019271851,-0.0266711562871933,-0.7107070684432983,0.21170000731945038,0.028599999845027924,0.3709982555094215,0,3554,4.844134162787606,0.1578276478437386,26.52924346923828
0.061650000512599945,0.28158840193595425,0.08709999918937683,0.4390210211277008,0.16495509445667267,-0.49624061584472656,0.25870001316070557,0.10085000097751617,0.2754639222618976,0,3800,4.882642339485381,0.5503615818327973,34.89592361450195
0.19975000619888306,0.12253068643271268,0.19509999454021454,0.10234396904706955,0.0,-0.0980120599269867,0.23750001192092896,0.19339999556541443,0.07106029004328077,0,4099,4.890163467746665,0.322996601595665,29.8112850189209
0.05719999969005585,0.18302929950681485,0.07339999824762344,0.35287314653396606,0.0671333372592926,-0.4099678695201874,0.1754000037908554,0.08389999717473984,0.18075860628161952,0,4006,4.873015295310937,0.15942005598143127,59.115238189697266
0.04879999905824661,0.21915551262771182,0.06599999964237213,0.42493346333503723,0.040886227041482925,-0.4791871905326843,0.18744999170303345,0.07564999908208847,0.2197614872971993,0,3708,4.866095857310556,0.5939959555469926,27.458106994628906
0.03779999911785126,0.26831906116540094,0.05700000002980232,0.5253212451934814,0.000990828382782638,-0.5595054030418396,0.20180000364780426,0.06279999762773514,0.272691614808102,0,3931,4.7452432963786535,0.01745758791259755,23.55742645263672
0.050599999725818634,0.5203855271921507,0.0812000036239624,0.6682991981506348,-0.0226956345140934,-0.6437815427780151,0.37470000982284546,0.07450000196695328,0.47439950083308435,0,2760,4.905807414530135,0.38020033510083995,9.250800132751465
0.18400000035762787,0.10103411032037884,0.1860000044107437,0.0941726341843605,0.0,-0.08935126662254333,0.2224999964237213,0.1841999888420105,0.06336165468860025,0,4330,4.903701498616977,0.6055086562314159,37.213172912597656
0.06080000102519989,0.35760794028648174,0.09920000284910202,0.5084043741226196,-0.03090529702603817,-0.514677107334137,0.30959999561309814,0.10090000182390213,0.34382206651840735,0,2665,4.887756706703054,0.4650176093428954,4.630873203277588
0.024299999698996544,0.312649054874459,0.03139999881386757,0.7253521084785461,0.03868023678660393,-0.6904879212379456,0.17149999737739563,0.027300000190734863,0.30953061896498174,0,3742,4.837214724787225,0.6902181951635341,23.325143814086914
0.029600000008940697,0.4335310733745029,0.05260000005364418,0.7310017943382263,0.0,-0.6685570478439331,0.2648000121116638,0.04114999994635582,0.4162479226116216,0,4029,4.881739804094026,0.07238292157380222,14.645976066589355
0.042100001126527786,0.20631744335506932,0.05525000020861626,0.43526461720466614,-0.000252480705967173,-0.5127866268157959,0.17155000567436218,0.06749999523162842,0.21118329676310205,0,3948,4.857371348527467,0.1927325237388131,27.542339324951172
0.0551999993622303,0.2054250133454537,0.07235000282526016,0.38297489285469055,0.025305265560746193,-0.4511663019657135,0.19130000472068787,0.08534999936819077,0.20462886395679272,0,3790,4.867900928093264,0.2720388774296595,37.11793518066406
0.0515500009059906,0.17202348016998925,0.061799999326467514,0.3716262876987457,0.0008715415606275201,-0.4126870632171631,0.14864999055862427,0.06809999793767929,0.16857340895798367,0,3548,4.812846269220666,0.1702945119531607,22.056760787963867
0.04430000111460686,0.3727662404533818,0.06615000218153,0.6025758981704712,-0.04874197393655777,-0.5959688425064087,0.2612999975681305,0.06480000168085098,0.35679699079879,0,2734,4.880536423572221,0.5871513847717167,9.769380569458008
0.04879999905824661,0.1948318397410083,0.06260000169277191,0.40425533056259155,-0.03371937945485115,-0.4499121308326721,0.16500000655651093,0.07000000029802322,0.1938775619847499,0,3948,4.873015295310937,0.42549857096746824,0.9285189509391785
0.0507499985396862,0.2219359851524967,0.0669500008225441,0.4250474274158478,-0.006914021447300911,-0.47428345680236816,0.18774999678134918,0.07575000077486038,0.22003928558934263,0,3758,4.826985990351878,0.0264110053165566,22.286476135253906
0.03480000048875809,0.11900576000853343,0.04284999892115593,0.35496559739112854,0.0,-0.4138166904449463,0.10334999859333038,0.04919999837875366,0.12447322151369172,0,3895,4.857070503397015,0.3458314640946506,2.073525905609131
0.0843999981880188,0.15751912722056577,0.11010000109672546,0.23501895368099213,0.0,-0.4314485192298889,0.27720001339912415,0.17170000076293945,0.1667720693354836,0,2550,4.887455861572602,0.3804438595081272,13.277048110961914
0.048700001090765,0.14891716326994803,0.056699998676776886,0.34246575832366943,0.05069015920162201,-0.41516244411468506,0.1371999979019165,0.06719999760389328,0.149063033953652,0,4136,4.873616985571839,0.0869755316441786,23.78925323486328
0.2529999911785126,0.25811778221464765,0.24914999306201935,0.16089195013046265,0.0,-0.1519019901752472,0.3384000062942505,0.24459999799728394,0.12991690848375526,0,3430,4.888057551833505,0.13882559631866476,51.76844787597656
0.043549999594688416,0.34935585103891287,0.06315000355243683,0.5866280794143677,-0.024960573762655258,-0.5925149321556091,0.2468000054359436,0.06430000066757202,0.3375046296296296,0,2825,4.86187226243443,0.5018511362211792,15.787055969238281
0.039799999445676804,0.2323529597857351,0.05810000002384186,0.47686120867729187,0.07907109707593918,-0.5190397500991821,0.1835000067949295,0.06499999761581421,0.23747496689543315,0,4074,4.887756706703054,0.09079585648782462,5.235052108764648
0.031050000339746475,0.5105008163926154,0.05335000157356262,0.7707316875457764,-0.02788340300321579,-0.7051671743392944,0.30855000019073486,0.03994999825954437,0.47483795360359693,0,2790,4.903099808356073,0.5674303747882579,10.268656730651855
0.03849999979138374,0.2019834057552328,0.051899999380111694,0.45158371329307556,0.13485252857208252,-0.5110692381858826,0.16040000319480896,0.060600001364946365,0.20762829652990245,0,4019,4.818550563649435,0.5370357663878337,13.663557052612305
0.4486500024795532,0.07957182484621024,0.4296500086784363,0.023135628551244736,0.0,-0.01816725917160511,0.44554999470710754,0.4254000186920166,0.022046729441066087,0,4030,4.736130760955566,0.09990467205474152,33.45798110961914
0.060600001364946365,0.19900069246017227,0.07020000368356705,0.38213399052619934,0.3462296724319458,-0.4083438515663147,0.1670999974012375,0.0746999979019165,0.18684281494547508,0,4250,4.898587131399302,0.12097974818569468,18.972366333007812
0.03720000013709068,0.3204948039575872,0.05849999934434891,0.6052332520484924,-0.007280101999640465,-0.5669072866439819,0.21164999902248383,0.05204999819397926,0.3134738799467369,0,2727,4.887455861572602,0.43686616862868755,30.86944007873535
0.07464999705553055,0.2867125268941765,0.0997999981045723,0.4122459292411804,-0.002002094406634569,-0.4691489338874817,0.27619999647140503,0.11495000123977661,0.2714189457091077,0,3836,4.891066003138019,0.018865729394749287,43.09272766113281
0.03689999878406525,0.247536410320793,0.05469999834895134,0.5099070072174072,0.045476917177438736,-0.5468102693557739,0.1867000013589859,0.060600001364946365,0.25311119938659377,0,4227,4.882943184615832,0.6283369259522752,16.63692855834961
0.05014999955892563,0.2040509935675794,0.06424999982118607,0.40544840693473816,0.04032920300960541,-0.46669432520866394,0.17669999599456787,0.07474999874830246,0.2035065499224944,0,3933,4.856468813136113,0.07572970255766154,25.915281295776367
0.07270000129938126,0.34340513228444935,0.09719999879598618,0.4700772166252136,0.38699907064437866,-0.516177237033844,0.3046000003814697,0.10980000346899033,0.31955379936383416,0,3923,4.892871073920727,0.5598936825056836,37.901920318603516
0.041200000792741776,0.13583584965571632,0.04769999906420708,0.3633669316768646,-0.008726092986762524,-0.4136447608470917,0.11500000208616257,0.053700000047683716,0.13750561202976286,0,4051,4.865494167049654,0.3149504369758629,14.3711519241333
0.03680000081658363,0.24650448924053103,0.0478999987244606,0.5218135118484497,0.09829997271299362,-0.5757307410240173,0.17790000140666962,0.05590000003576279,0.24938675619601625,0,3889,4.8585747290492725,0.6034131518568875,3.3415584564208984
0.025800000876188278,0.37784090291291506,0.0414000004529953,0.7567965984344482,0.0016781927552074194,-0.6685348153114319,0.20839999616146088,0.028850000351667404,0.36531026787179416,0,3580,4.894074454442532,0.10400780218079042,15.420093536376953
0.04529999941587448,0.26476618967743,0.061799999326467514,0.4981454014778137,0.16458836197853088,-0.5313743948936462,0.20194999873638153,0.06764999777078629,0.2617593585793586,0,3566,4.882943184615832,0.6762497824645872,7.6038689613342285
0.042750000953674316,0.19432974529594388,0.05584999918937683,0.4240070581436157,0.04837021976709366,-0.4835875928401947,0.16044999659061432,0.0649000033736229,0.1975942508203676,0,3860,4.7710437217402735,0.10676280158640661,24.628196716308594
0.21330000460147858,0.15763332761628723,0.21435000002384186,0.1222524419426918,0.0,-0.11131837964057922,0.2680499851703644,0.20964999496936798,0.08959802299369471,0,3802,4.900993892442914,0.5360938102601814,13.78115463256836
0.058400001376867294,0.2288207056351887,0.07840000092983246,0.4010731279850006,0.002523585222661495,-0.4542290270328522,0.20890000462532043,0.0892999991774559,0.22475570949273505,0,3657,4.875121211224097,0.003950800140271049,41.23191452026367
0.04410000145435333,0.18279653364678936,0.06080000102519989,0.3861304819583893,0.1827787160873413,-0.47061383724212646,0.1688999980688095,0.07479999959468842,0.1897942694024961,0,3795,4.774326329473084,0.2442455510068121,34.33583068847656
0.029999999329447746,0.2100640439565296,0.03884999826550484,0.5451993346214294,0.0,-0.5596486330032349,0.13760000467300415,0.04050000011920929,0.21479133726790495,0,3993,4.890765158007567,0.5209556835622762,2.0735490322113037
0.46584999561309814,0.22743868818868834,0.445499986410141,0.057764682918787,0.0,-0.04224443435668945,0.48479998111724854,0.43184998631477356,0.05606536126047218,0,3837,4.895277834964338,0.4558950779814196,16.282474517822266
0.035100001841783524,0.09970181345532059,0.03985000029206276,0.3378058075904846,0.0,-0.36035311222076416,0.08474999666213989,0.04195000231266022,0.10244134614527264,0,4113,4.836300426346064,0.15515527552894537,25.215662002563477
0.03290000185370445,0.14679314914792135,0.03920000046491623,0.4406780004501343,0.0,-0.46098315715789795,0.10625000298023224,0.04124999791383743,0.15057916210805242,0,4115,4.895578680094789,0.6947470572030792,8.488895416259766
0.04019999876618385,0.2540456926653862,0.058800000697374344,0.5081316828727722,0.05792427435517311,-0.5275210738182068,0.19009999930858612,0.06199999898672104,0.25548464422060957,0,3809,4.83390542835226,0.17410632731419218,27.806119918823242
0.19290000200271606,0.4375140475012238,0.20225000381469727,0.3326460123062134,0.0,-0.31446483731269836,0.3877999782562256,0.19420000910758972,0.26839182727763633,0,3730,4.896180370355691,0.2179052870643603,13.86595630645752
0.06310000270605087,0.20868530119886064,0.08590000122785568,0.3633021414279938,-0.10064586997032166,-0.4072796404361725,0.20395000278949738,0.09525000303983688,0.20401651455857142,0,2619,4.891066003138018,0.31538450809028573,5.394041061401367
0.04165000095963478,0.1913503179292758,0.05770000070333481,0.426678866147995,0.0,-0.46036940813064575,0.1561499983072281,0.06274999678134918,0.19488107281396813,0,3626,4.8865533261812475,0.5351031145448427,6.534327983856201
0.04805000126361847,0.21502628928325884,0.05770000070333481,0.4490884840488434,0.055384304374456406,-0.47699975967407227,0.16294999420642853,0.06194999814033508,0.2089943381137029,0,3744,4.844735853048509,0.42646186127385444,33.672245025634766
0.06679999828338623,0.18595364649160429,0.08730000257492065,0.32736045122146606,0.23473447561264038,-0.37620577216148376,0.19259999692440033,0.09759999811649323,0.18033409150361504,0,4371,4.880536423572221,0.6310168839113273,15.487749099731445
0.03999999910593033,0.2527358995589444,0.05810000002384186,0.49346283078193665,0.029881002381443977,-0.5496124029159546,0.19990000128746033,0.06780000030994415,0.25810863755890373,0,3818,4.817960636438337,0.3314471588463761,13.537788391113281
0.2476000040769577,0.15563311763957005,0.2518500089645386,0.10999574512243271,0.0,-0.12862208485603333,0.326200008392334,0.26155000925064087,0.08915191646944119,0,4046,4.875484034206126,0.6858781923647963,36.71269989013672
0.03894999995827675,0.19291894167139836,0.049150001257658005,0.45248088240623474,0.0,-0.49910828471183777,0.14710000157356262,0.05544999986886978,0.19568002601207607,0,3955,4.8149404220840175,0.13797067797586515,2.6230905055999756
0.7198500037193298,0.4409414211832832,0.6890000104904175,0.037928808480501175,0.0,-0.01893777772784233,0.7156000137329102,0.6632999777793884,0.04175318233257285,0,3945,4.894976989833887,0.610735428358469,33.697486877441406
0.05900000035762787,0.602789172813655,0.09120000153779984,0.6985234022140503,-0.09602376073598862,-0.6390262842178345,0.4140999913215637,0.07349999994039536,0.5173146937951292,0,2910,4.892871073920727,0.29751744002448766,11.186161041259766
0.04390000179409981,0.19068491651768976,0.05665000155568123,0.4163685142993927,-0.01980648748576641,-0.47302326560020447,0.15835000574588776,0.06525000184774399,0.1929933725562397,0,3575,4.777022172597337,0.03874805342347787,20.513896942138672
0.42590001225471497,0.8115446534408857,0.38339999318122864,0.12584471702575684,0.08255258947610855,-0.07043279707431793,0.4415000081062317,0.34279999136924744,0.11527682407999804,0,4018,4.89587952522524,0.6640045260037095,19.170236587524414
0.03125,0.3897547832812289,0.04830000177025795,0.7080426216125488,-0.010133033618330956,-0.6560441255569458,0.2325499951839447,0.03974999859929085,0.3744658775151456,0,2635,4.903099808356073,0.03196092058255329,11.141210556030273
0.03959999978542328,0.24617366628830215,0.05719999969005585,0.4943159520626068,-0.025144539773464203,-0.5383373498916626,0.19059999287128448,0.06449999660253525,0.2504966190436981,0,3795,4.696106595555729,0.4294086304901302,7.0350341796875
0.3372499942779541,0.18487292763171417,0.32144999504089355,0.07334497570991516,-0.029593409970402718,-0.04684951528906822,0.35304999351501465,0.30480000376701355,0.06250808376896563,0,2534,4.897684596007949,0.1162780237252733,2.9337332248687744
0.4817500114440918,0.5118998033757038,0.4641999900341034,0.11333059519529343,0.0,-0.08115597069263458,0.5461999773979187,0.4350000023841858,0.11261137239897673,0,3444,4.875422056354548,0.13246802678055647,9.900771141052246
0.03959999978542328,0.32810410950522073,0.054099999368190765,0.5924742817878723,0.024325266480445862,-0.6113505959510803,0.22429999709129333,0.05739999935030937,0.3202635253308185,0,3658,4.879934733311319,0.5795618978069911,24.891157150268555
0.04100000113248825,0.28381885535813434,0.05860000103712082,0.5434575080871582,0.0,-0.5502685904502869,0.20200000703334808,0.05974999815225601,0.2801116007470827,0,4010,4.883544874876734,0.2304875262701701,18.04838752746582
0.53329998254776,0.11025031683324726,0.5043500065803528,0.02028004266321659,0.0,-0.007429275196045637,0.511900007724762,0.4915499985218048,0.020303311501952005,0,4011,4.850451910527084,0.5721966107483719,34.55952453613281
0.30184999108314514,0.1615181318006947,0.31119999289512634,0.09193219244480133,0.0,-0.09105513989925385,0.3735499978065491,0.3106499910354614,0.07967405087454289,0,3628,4.8790204348701565,0.11269692025639677,25.269149780273438
0.04295000061392784,0.49797828990500936,0.07315000146627426,0.7022730112075806,0.03985942527651787,-0.6315325498580933,0.3239000141620636,0.05665000155568123,0.45525525155185703,0,2647,4.910921781747808,0.5219451098103755,6.464860916137695
0.2737500071525574,-5.3890139475441145e-08,0.2584500014781952,-2.989799696706541e-08,0.0,0.01822124607861042,0.2491999864578247,0.2492000013589859,-2.2387562162984168e-08,0,3940,4.895277834964338,0.2559828453074783,1.3122221231460571
0.047850001603364944,0.15974440012965443,0.05954999849200249,0.350602924823761,0.03246253356337547,-0.4348754584789276,0.15119999647140503,0.07270000129938126,0.16266057897588182,0,3599,4.78974317202749,0.03291294952306867,10.271718978881836
0.04039999842643738,0.2611015218498059,0.060499999672174454,0.49572041630744934,-0.023102426901459694,-0.5521835684776306,0.20970000326633453,0.07069999724626541,0.26717069309732444,0,3763,4.809224364605441,0.3052664927167711,20.31463050842285
0.02645000070333481,0.3042559068250793,0.03779999911785126,0.6953413486480713,0.03545767441391945,-0.6395708918571472,0.17194999754428864,0.030900001525878906,0.30102439255533453,0,3595,4.7914862649586185,0.09853691611077786,26.843700408935547
0.039400000125169754,0.2700394062662998,0.05624999850988388,0.5372925400733948,0.0,-0.5471926331520081,0.19220000505447388,0.05784999951720238,0.26868209729695314,0,3906,4.886252481050797,0.297474999924632,4.629491329193115
0.049400001764297485,0.19953143673726828,0.06930000334978104,0.39459460973739624,0.11189565062522888,-0.4453781247138977,0.18060000240802765,0.07840000092983246,0.20197628661808192,0,4188,4.882040649224479,0.2503310312401531,22.784870147705078
0.0421999990940094,0.23931207962197976,0.05530000105500221,0.4892205595970154,-0.006570490077137947,-0.5291613340377808,0.17960000038146973,0.06159999966621399,0.23880194422759934,0,3536,4.860981490092883,0.5776083702799111,10.458141326904297
0.03909999877214432,0.21219246321672627,0.05249999836087227,0.4647137224674225,0.012646505609154701,-0.5172414183616638,0.16500000655651093,0.06030000001192093,0.21653110215719729,0,3828,4.885951635920345,0.33779565918295507,21.387489318847656
0.04520000144839287,0.20867645964668305,0.059450000524520874,0.431120365858078,0.05285780876874924,-0.4872789978981018,0.1724500060081482,0.0685499981045723,0.21032390147147156,0,3734,4.796049156717162,0.6720950528748564,21.130704879760742
0.07084999978542328,0.23108596509113444,0.09730000048875809,0.3630664050579071,0.0035669857170432806,-0.42160797119140625,0.2391500025987625,0.11174999922513962,0.22458573821931124,0,2498,4.882943184615832,0.6031013475427814,4.631113052368164
0.06310000270605087,0.23434068817683698,0.07329999655485153,0.40315932035446167,0.08667932450771332,-0.4719020426273346,0.20430000126361847,0.0869000032544136,0.2225733013248407,0,4007,4.857359585477659,0.38897385496910364,40.34370803833008
0.21389999985694885,0.2008607777785762,0.22005000710487366,0.16713643074035645,0.06174652278423309,-0.23059438169002533,0.3519499897956848,0.2511500120162964,0.1370682317294149,0,2607,4.900993892442913,0.4251183681969557,6.660747051239014
0.07729999721050262,0.13811487779599713,0.08704999834299088,0.2513475716114044,0.0,-0.2857435941696167,0.156700000166893,0.09375,0.12582450560242558,0,4070,4.86278656087559,0.2505574810063804,25.28526496887207
0.037300001829862595,0.35819807730299,0.05220000073313713,0.6469298005104065,0.012100368738174438,-0.6237837672233582,0.22529999911785126,0.04830000177025795,0.34320061493871556,0,3650,4.855265432614306,0.113864720505651,20.702598571777344
0.056449998170137405,0.49276474162591927,0.09350000321865082,0.6328177452087402,-0.014163589105010033,-0.591435432434082,0.36419999599456787,0.08190000057220459,0.4475742465597391,0,2939,4.898887976529754,0.6202687677226344,21.795434951782227
0.04684999957680702,0.5622286660219281,0.08124999701976776,0.7003366947174072,-0.03166581690311432,-0.6651210784912109,0.40400001406669617,0.07119999825954437,0.5118950137417828,0,2587,4.903701498616976,0.6270277957093239,6.530092716217041
0.05260000005364418,0.20967458176844816,0.05550000071525574,0.43444496393203735,0.08044552057981491,-0.477647066116333,0.15700000524520874,0.061900001019239426,0.19842816121284051,0,4231,4.859164656260367,0.5046085669367321,17.30994987487793
0.05790000036358833,0.21405411340207844,0.07339999824762344,0.399770051240921,-0.06827976554632187,-0.42656251788139343,0.1826000064611435,0.07829999923706055,0.2056117882303936,0,4060,4.880536423572221,0.18024926021934728,4.7238993644714355
0.5916500091552734,-0.0607660701350212,0.5665500164031982,-0.010924067348241806,0.0,0.012736327946186066,0.552299976348877,0.5644999742507935,-0.011318652530937605,0,3878,4.874519520963194,0.4101328054658897,17.0759220123291
0.04544999822974205,0.15756367610119432,0.05460000038146973,0.3681345582008362,0.0,-0.4337567687034607,0.13824999332427979,0.06385000050067902,0.15895170234572634,0,4018,4.8001990106919,0.26670630189051936,22.847055435180664
0.12690000236034393,0.33827159623094627,0.15800000727176666,0.36384063959121704,-0.0804593414068222,-0.3574623465538025,0.33379998803138733,0.15569999814033508,0.2699848292774164,0,2678,4.898286286268852,0.2531242420436991,7.388304233551025
0.036249998956918716,0.3401204072639263,0.052650000900030136,0.6285344362258911,0.009318631142377853,-0.614215075969696,0.22030000388622284,0.05025000125169754,0.3310297868418445,1,3182,4.865556144901231,0.43240213447208287,4.141749382019043
0.037700001150369644,0.4788067708016859,0.05730000138282776,0.7311201095581055,0.0,-0.6694548726081848,0.28940001130104065,0.04495000094175339,0.4394738540882639,1,3275,4.891066003138019,0.06243177503301278,27.421466827392578
0.0340999998152256,0.5040670185410356,0.054499998688697815,0.7775031328201294,0.444028377532959,-0.6813797354698181,0.28760001063346863,0.035999998450279236,0.458232168664787,1,3461,4.851342682868632,0.6742689191810889,33.44878387451172
0.05810000002384186,0.6071286830675036,0.0904499962925911,0.7087993621826172,-0.06684553623199463,-0.6348037123680115,0.4049000144004822,0.0689999982714653,0.5173529290868222,1,3000,4.900993892442913,0.6936637014679429,41.433780670166016
0.025699999183416367,0.3998296903883417,0.03819999843835831,0.7857740521430969,-0.014268027618527412,-0.6963434219360352,0.2134000062942505,0.025599999353289604,0.3811908095516251,1,3305,4.887155016442151,0.11416394389050777,12.677800178527832
0.03779999911785126,0.46211455295893,0.052400000393390656,0.7259073853492737,0.6401031613349915,-0.6806824803352356,0.2757999897003174,0.043800000101327896,0.4245973508158597,1,3320,4.765011893478899,0.05751379198233475,36.01877212524414
0.04554999992251396,0.2747061221275833,0.06920000165700912,0.5029250383377075,-0.09376005828380585,-0.507736086845398,0.21195000410079956,0.07010000199079514,0.27207339876944664,1,2532,4.896180370355692,0.13615766156848974,5.397014141082764
0.03420000150799751,0.419616195949219,0.04874999821186066,0.7242231965065002,0.009832562878727913,-0.6671218872070312,0.24414999783039093,0.03904999792575836,0.3928115443360347,1,3275,4.797190559387387,0.2031184457192815,36.73271179199219
0.03945000097155571,0.6285249958474819,0.059700001031160355,0.8072437047958374,0.016184423118829727,-0.720832347869873,0.36800000071525574,0.039250001311302185,0.5435381625840934,1,3296,4.900693047312462,0.1432296580089052,30.133975982666016
0.038100000470876694,0.23914950061245382,0.04899999871850014,0.5211651921272278,0.12093096971511841,-0.5465062260627747,0.1670999974012375,0.05260000005364418,0.23864109577429454,1,3893,4.812846269220666,0.14568230566670748,6.198915958404541
0.030950000509619713,0.34129939402299336,0.04895000159740448,0.6733617186546326,0.022492853924632072,-0.6163041591644287,0.2062000036239624,0.04024999961256981,0.333478471348081,1,3128,4.8612823352233345,0.35902927209218005,26.097566604614258
0.04360000044107437,0.2608000181293487,0.05974999815225601,0.5054263472557068,0.0,-0.5294349789619446,0.19420000910758972,0.06379999965429306,0.25804750912791946,1,3915,4.878430507659061,0.2046195437207564,9.251697540283203
0.026900000870227814,0.3304800163794177,0.039400000125169754,0.6919071078300476,0.0,-0.6637508273124695,0.19494999945163727,0.03550000116229057,0.32743513893216303,1,3634,4.857070503397016,0.6398579010114589,9.06728458404541
0.04179999977350235,0.43951542424200596,0.07055000215768814,0.655125617980957,0.0,-0.6240341067314148,0.3047500252723694,0.06350000202655792,0.4167866668481293,1,3779,4.908515020704197,0.328925296300856,9.252006530761719
0.059700001031160355,0.4987952516557155,0.0940999984741211,0.6339122653007507,-0.034309882670640945,-0.5832595229148865,0.35749998688697815,0.08009999990463257,0.4437926475419202,1,2826,4.898286286268851,0.02647233363615764,21.00020408630371
0.03485000133514404,0.5381879100110719,0.05050000175833702,0.7922762036323547,-0.015745192766189575,-0.716928243637085,0.30630001425743103,0.03550000116229057,0.4825374343099522,1,3175,4.895578680094789,0.5183140854150718,40.70863723754883
0.05550000071525574,0.2991038474929456,0.07329999655485153,0.49486520886421204,0.3907916247844696,-0.5212279558181763,0.2328999936580658,0.0786999985575676,0.28499260087387157,1,3667,4.857672193657916,0.05000179332025456,25.987712860107422
0.026350000873208046,0.11001578860722466,0.030750000849366188,0.4097104072570801,0.0,-0.4581497609615326,0.08275000005960464,0.03464999794960022,0.11686103562949955,1,3918,4.7060109587610075,0.5524729530399681,7.882720947265625
0.040300000458955765,0.38652755343589945,0.05909999832510948,0.6616672277450562,0.028691312298178673,-0.6024218201637268,0.23819999396800995,0.048500001430511475,0.36170076327775014,1,2883,4.903099808356073,0.6261332786484177,14.361929893493652
0.02810000069439411,0.3232536015808718,0.03869999945163727,0.6742783188819885,0.19779884815216064,-0.6678111553192139,0.19429999589920044,0.03779999911785126,0.3206529118560588,1,3988,4.874206912782935,0.5937903823033822,26.238115310668945
0.029100000858306885,0.2547329279091582,0.040449999272823334,0.6176470518112183,0.006373978685587645,-0.5839547514915466,0.15399999916553497,0.036399997770786285,0.255504059784046,1,3220,4.885951635920345,0.6230337003406604,15.631929397583008
0.027049999684095383,0.3550283808841467,0.04320000112056732,0.7082141637802124,-0.011960235424339771,-0.6574147343635559,0.20900000631809235,0.0357000008225441,0.3490667460061282,1,3622,4.763784986857477,0.6130972006438885,14.56667423248291
0.021950000897049904,0.3359957117758874,0.033250000327825546,0.727760374546051,-0.000849228585138917,-0.7064017653465271,0.19325000047683716,0.03044999949634075,0.3374326398781197,1,2775,4.903701498616976,0.2104735328375441,6.663536071777344
0.029200000688433647,0.4689795884782327,0.04259999841451645,0.7896907329559326,0.6343522071838379,-0.7188118696212769,0.2603999972343445,0.03060000017285347,0.4357774926954757,1,3350,4.876023746615452,0.49261448878441483,24.723426818847656
0.030400000512599945,0.3585690403079108,0.04600000008940697,0.7008129954338074,0.013335663825273514,-0.6394984126091003,0.20919999480247498,0.03680000081658363,0.34664878350869305,1,3409,4.845036698178962,0.43384922978619767,36.69873046875
0.49300000071525574,0.38781893896418757,0.4766499996185303,0.09614917635917664,0.0,-0.08044758439064026,0.5600500106811523,0.4617999792098999,0.09683940479404879,1,3505,4.895578680094789,0.5362150515299481,33.613773345947266
0.027499999850988388,0.2982367291995929,0.040300000458955765,0.6377031207084656,-0.0463215708732605,-0.6484187841415405,0.18895000219345093,0.04179999977350235,0.30205268975135047,1,2649,4.896180370355692,0.6885333990133623,9.068111419677734
0.4659000039100647,0.894101758695274,0.44495001435279846,0.18056194484233856,0.0,-0.1307448148727417,0.5788000226020813,0.40174999833106995,0.1793759296556101,1,3453,4.902798963225622,0.6849027584249638,13.152706146240234
0.05115000158548355,0.3870628697058477,0.06915000081062317,0.5862951278686523,-0.005541611462831497,-0.6027003526687622,0.2789500057697296,0.07275000214576721,0.3631560438668347,1,2739,4.887756706703053,0.12159829126406241,13.88418197631836
0.05429999902844429,0.46275288696573164,0.07760000228881836,0.6386170983314514,-0.025157324969768524,-0.6036772131919861,0.3140000104904175,0.06925000250339508,0.4156524274889599,1,2972,4.900993892442914,0.569302913984408,22.03289794921875
0.07975000143051147,0.23076255939137005,0.08765000104904175,0.3664425015449524,0.0,-0.3865266740322113,0.1981000006198883,0.09184999763965607,0.20175328162730677,1,3927,4.893171919051179,0.558378845548422,20.924827575683594
0.021449999883770943,0.3540857737153914,0.03660000115633011,0.7380800843238831,-0.02011924795806408,-0.6970825791358948,0.2050500065088272,0.030899999663233757,0.3549493961242216,1,2854,4.870909379397777,0.11329954097868211,23.035419464111328
0.045899998396635056,0.4930093984779189,0.06080000102519989,0.7201548218727112,0.22363892197608948,-0.6522733569145203,0.2888999879360199,0.04699999839067459,0.4340830126251556,1,3318,4.857070503397015,0.014360903382295898,35.983028411865234
0.20104999840259552,0.32391826131324736,0.2147500067949295,0.2552257478237152,0.0,-0.2491915076971054,0.3573000133037567,0.21199999749660492,0.2038249523139853,1,2972,4.903701498616977,0.06450545586199874,41.08219909667969
0.035349998623132706,0.5683093578274182,0.049150001257658005,0.8215339183807373,-0.004836442414671183,-0.7253422737121582,0.3087500035762787,0.030249999836087227,0.4979141882136136,1,3270,4.8979854411384,0.14280133998981304,21.274085998535156
0.0625,0.21649501929816262,0.0869000032544136,0.36345773935317993,-0.030094372108578682,-0.4437509775161743,0.22554999589920044,0.10530000180006027,0.2170969388556222,1,2640,4.896180370355691,0.3409972148266437,16.006921768188477
0.04540000110864639,0.5910475148451793,0.07639999687671661,0.7362152338027954,-0.011452450416982174,-0.6748936176300049,0.3935999870300293,0.05979999899864197,0.5251730536862245,1,3247,4.888057551833505,0.23177176763436225,11.468799591064453
0.035349998623132706,0.3630403318158111,0.054749999195337296,0.6648023724555969,0.03837195783853531,-0.6061151027679443,0.22325000166893005,0.04495000094175339,0.3481515232775991,1,3451,4.834206273482712,0.18202206806008403,28.132551193237305
0.07559999823570251,0.39890246511792715,0.1080000028014183,0.5103510022163391,-0.028709741309285164,-0.5130748152732849,0.33559998869895935,0.1088000014424324,0.3602287001653368,1,3030,4.906108259660587,0.6363972066125136,12.41834831237793
0.03245000168681145,0.3690857058908238,0.041850000619888306,0.7185866832733154,0.1323259174823761,-0.6616131067276001,0.20549999177455902,0.033649999648332596,0.3487451683427785,1,3698,4.869393390695714,0.6980045128802498,24.18044662475586
0.025350000709295273,0.219050852056894,0.029750000685453415,0.6320261359214783,0.0,-0.6151358485221863,0.12484999746084213,0.028149999678134918,0.22212863293962623,1,3817,4.885951635920345,0.12959822456831172,13.865008354187012
0.04600000008940697,0.6856358838310433,0.07599999755620956,0.8021618127822876,-0.03120419569313526,-0.6889389157295227,0.4126499891281128,0.04529999941587448,0.575212684543036,1,3042,4.900993892442913,0.3253899840787956,20.690282821655273
0.03220000118017197,0.3724176823045538,0.04910000041127205,0.6857355237007141,0.554455578327179,-0.6442028880119324,0.22689999639987946,0.04230000078678131,0.3599843921378125,1,3562,4.807782116804764,0.31240002921727406,30.409072875976562
0.03539999946951866,0.4415291505843527,0.04439999908208847,0.7411070466041565,0.01107565313577652,-0.6992379426956177,0.25084999203681946,0.037300001829862595,0.40642642619194036,1,3046,4.8889600872248575,0.2566101934863442,34.939056396484375
0.03240000084042549,0.3975250869145653,0.0466499999165535,0.7087239027023315,0.0024508172646164894,-0.6710734963417053,0.2370000034570694,0.04039999842643738,0.37934140317913034,1,3135,4.893171919051179,0.2747793763304488,30.10729217529297
0.05494999885559082,0.5858619194556831,0.09160000085830688,0.7068325877189636,-0.05661306530237198,-0.6203502416610718,0.3909500241279602,0.06714999675750732,0.5069408521740765,1,2967,4.902798963225622,0.6611237643401031,27.615764617919922
0.031300000846385956,0.5881597869615474,0.07010000199079514,0.8019505143165588,-0.011517351493239403,-0.6742565035820007,0.3603000044822693,0.03959999978542328,0.5345594007822356,1,2475,4.890464312877116,0.47482287649401544,29.8184814453125
0.07490000128746033,0.32026508611739224,0.09955000132322311,0.45680031180381775,0.011693932116031647,-0.45279645919799805,0.26429998874664307,0.09854999929666519,0.28814392724136867,1,2837,4.89347276418163,0.1493926765338749,11.036065101623535
0.037700001150369644,0.36954742708921356,0.052000001072883606,0.6615948677062988,0.0003764611028600484,-0.6267049312591553,0.22660000622272491,0.046149998903274536,0.35027500379639737,1,3543,4.87602374661545,0.47934907683126293,12.25651741027832
0.04089999943971634,0.41324867558551437,0.05754999816417694,0.6873500347137451,-0.016889216378331184,-0.620945155620575,0.24609999358654022,0.04560000076889992,0.37987873104800896,1,2751,4.900693047312462,0.43126362398470974,18.127784729003906
0.038750000298023224,0.4281863190762287,0.06364999711513519,0.6656069755554199,-0.015317912213504314,-0.638146698474884,0.28815001249313354,0.05784999951720238,0.4083333505433523,1,3680,4.896481215486143,0.5821044227093606,2.7802884578704834
0.03009999915957451,0.3662724156480075,0.039500001817941666,0.7224080562591553,0.07086538523435593,-0.6782077550888062,0.20600000023841858,0.03319999948143959,0.3506493523183172,1,3860,4.8687917004348105,0.3017801375382557,26.57448959350586
0.02850000001490116,0.4246091663291929,0.04179999977350235,0.7594451308250427,0.010981122963130474,-0.7043847441673279,0.2409999966621399,0.03294999897480011,0.4032237202536326,1,3322,4.862485715745139,0.09520515520474615,37.300994873046875
0.039000000804662704,0.44569179622409183,0.05609999969601631,0.7315228581428528,-0.008073067292571068,-0.6356551647186279,0.2518500089645386,0.03905000165104866,0.40359085432530145,1,3383,4.898587131399303,0.17382420309018443,46.838375091552734
0.0466499999165535,0.3189408091577516,0.06644999980926514,0.5546391606330872,0.0012520564487203956,-0.5458739399909973,0.22619999945163727,0.06480000168085098,0.30606826334963433,1,3445,4.870608534267325,0.49290381811935946,35.92694854736328
0.03700000047683716,0.29669147665589024,0.05820000171661377,0.5597392916679382,-0.0015113402623683214,-0.574561357498169,0.21539999544620514,0.06080000102519989,0.29876319593625633,1,3661,4.888960087224859,0.4499205621442105,7.825579643249512
0.04924999922513962,0.5240871529354821,0.08415000140666962,0.693058431148529,-0.006635383237153292,-0.6096033453941345,0.3469499945640564,0.06289999932050705,0.46829147192298826,1,3002,4.891066003138019,0.5246238926945083,18.161592483520508
0.04699999839067459,0.625919772832559,0.07084999978542328,0.7705260515213013,-0.0044944086112082005,-0.6865044236183167,0.3811500072479248,0.049400001764297485,0.5347643903132828,1,3162,4.906108259660586,0.563976975105313,26.199697494506836
0.027249999344348907,0.41294259322645904,0.040300000458955765,0.7528172731399536,0.007856074720621109,-0.7095495462417603,0.23720000684261322,0.03344999998807907,0.39658081823509983,1,3306,4.860379799831978,0.6011207860226159,22.534311294555664
0.028950000181794167,0.39699232918417426,0.04280000180006027,0.7527417540550232,0.009093682281672955,-0.6739668250083923,0.21975000202655792,0.03099999949336052,0.37712288142071276,1,3245,4.8156040901965005,0.31797449503910835,18.86046028137207
0.02745000086724758,0.489874870250128,0.041749998927116394,0.8169711232185364,0.02089270018041134,-0.72871994972229,0.26604998111724854,0.026799999177455902,0.45263919004739606,1,3251,4.877527972267707,0.3531566758481256,25.921550750732422
0.04270000010728836,0.5690422064792531,0.07020000368356705,0.7449777722358704,-0.033224932849407196,-0.6756381988525391,0.3626500070095062,0.05299999937415123,0.5072626093101532,1,2876,4.888057551833505,0.24653935636989266,18.794950485229492
0.037450000643730164,0.6807938327174985,0.07145000249147415,0.815775454044342,-0.016652977094054222,-0.712330162525177,0.4253000020980835,0.043150000274181366,0.5918994282943993,1,3031,4.898887976529754,0.5583868346183894,13.145548820495605
0.0466499999165535,0.43340949488765323,0.07214999943971634,0.6495468616485596,0.0014956278027966619,-0.5978260636329651,0.28665000200271606,0.0608999989926815,0.3995339556573143,1,3244,4.903400653486525,0.6225067854701244,13.538023948669434
0.03034999966621399,0.39658147838974966,0.04794999957084656,0.7082152962684631,-0.04142184555530548,-0.6683382391929626,0.24120000004768372,0.04119999706745148,0.38343558994952476,1,3087,4.867900928093264,0.1943426107496542,12.43176555633545
0.2886500060558319,0.3537862930884741,0.28984999656677246,0.17573584616184235,0.0,-0.13003678619861603,0.3765000104904175,0.263949990272522,0.14803369741233943,1,3798,4.893472764181629,0.22326189724484935,3.343292474746704
0.03099999949336052,0.40328921461924316,0.04430000111460686,0.734967052936554,0.014876737259328365,-0.6771137118339539,0.23010000586509705,0.03514999896287918,0.38213003398681744,1,3365,4.817960636438338,0.1776443912778709,19.226381301879883
0.03725000098347664,0.40469949998040533,0.05705000087618828,0.6773342490196228,-0.018345585092902184,-0.6334136724472046,0.2542000114917755,0.048900000751018524,0.38345163916899017,1,3215,4.900993892442913,0.3292773330304801,7.438075542449951
0.060350000858306885,0.31692874482049394,0.09040000289678574,0.4814205467700958,-0.039301179349422455,-0.4984743297100067,0.2700999975204468,0.0945499986410141,0.30454519110409717,1,2676,4.900693047312463,0.2941894245301986,15.823787689208984
0.03799999877810478,0.2868660864940296,0.05339999869465828,0.5502428412437439,0.004146046470850706,-0.5906477570533752,0.20749999582767487,0.06019999831914902,0.2878077347236917,1,3678,4.830584368867487,0.5592875435160715,1.856487512588501
0.029750000685453415,0.5071828494768155,0.04244999960064888,0.7995916604995728,-0.0006534485146403313,-0.7418668270111084,0.28644999861717224,0.03189999982714653,0.4665790907446532,1,3059,4.8405240212221905,0.5481820499401957,26.663972854614258
0.04050000011920929,0.221986046560093,0.0442500002682209,0.5580906271934509,0.0,-0.4913792908191681,0.12974999845027924,0.03680000081658363,0.2091741003734104,1,3739,4.816217543507209,0.5311750571942445,17.185333251953125
0.03669999912381172,0.4056396571987308,0.054999999701976776,0.6702737212181091,-0.005868096835911274,-0.653434157371521,0.2624000012874603,0.05180000141263008,0.387988207767922,1,3731,4.875121211224096,0.06807264175328964,21.120357513427734
0.5171499848365784,0.36284384739696635,0.48660001158714294,0.06689275056123734,0.0,-0.04709680378437042,0.5346999764442444,0.46765002608299255,0.06694506963935948,1,3980,4.894074454442532,0.5069361512422843,14.94892692565918
0.037950001657009125,0.49203049792900333,0.051500000059604645,0.7730122208595276,0.05825917050242424,-0.6783260703086853,0.2687000036239624,0.03440000116825104,0.43761673712665206,1,3275,4.865494167049652,0.46527679300990354,35.02183532714844
0.02710000053048134,0.5162947578842313,0.04690000042319298,0.8109023571014404,-0.005981923080980778,-0.7248460054397583,0.2939999997615814,0.030700000002980232,0.4789014183953602,1,3066,4.902798963225622,0.36338086138125647,11.897668838500977
0.031300000846385956,0.5071040223025504,0.053050000220537186,0.7890998721122742,0.004904402885586023,-0.6904449462890625,0.2897000014781952,0.03415000066161156,0.4652849429256001,1,3203,4.897985441138401,0.42356559504397884,12.292989730834961
0.026850000023841858,0.48597753070867233,0.04270000010728836,0.8108108043670654,0.00792620051652193,-0.7251368165016174,0.2680000066757202,0.02800000086426735,0.45226131319991786,1,3091,4.874820366093646,0.3119847518537069,18.15045738220215
0.08389999717473984,0.3433710465340831,0.11069999635219574,0.4495945870876312,-0.015599858947098255,-0.4601975083351135,0.29945001006126404,0.1137000024318695,0.3051251247134894,1,2661,4.895277834964338,0.5604201537704016,12.894820213317871
0.0284000001847744,0.4796282494430964,0.04399999976158142,0.8123682141304016,0.016379306092858315,-0.7085127830505371,0.2578999996185303,0.02669999934732914,0.44200866793767624,1,3260,4.866396702441008,0.6453764131038233,11.069661140441895
0.026100000366568565,0.37700734981849865,0.034299999475479126,0.7493765354156494,-0.006863042246550322,-0.7197139859199524,0.21044999361038208,0.030150000005960464,0.36517687380204766,1,2849,4.839621485830836,0.34848296240278165,12.020087242126465
0.2624500095844269,0.2619346142026048,0.2605000138282776,0.15670274198055267,0.0,-0.14281010627746582,0.3472999930381775,0.2531999945640564,0.12825988123699922,1,3907,4.879633888180866,0.37799349051772757,7.883476257324219
0.03999999910593033,0.4775191778803001,0.0608999989926815,0.7239723801612854,-0.0013288231566548347,-0.6502010226249695,0.2872999906539917,0.04600000008940697,0.4343573621355455,1,3209,4.8979854411384,0.21050185121809828,27.695173263549805
0.03830000013113022,0.4513348604105285,0.051649998873472214,0.7416234612464905,0.03839333355426788,-0.6599177122116089,0.25209999084472656,0.03739999979734421,0.40791639061219287,1,3351,4.883544874876734,0.35267520613507086,31.03508758544922
0.04405000060796738,0.5530486344714767,0.07644999772310257,0.7265447378158569,-0.0500679649412632,-0.650594174861908,0.36114999651908875,0.05719999969005585,0.49646104113416606,1,2944,4.898887976529753,0.41407247068496433,24.12082862854004
0.12639999389648438,0.5264692647146705,0.13830000162124634,0.49749869108200073,0.0,-0.45227721333503723,0.3666999936103821,0.12305000424385071,0.36925989880489296,1,3231,4.898286286268851,0.32356086021019226,3.8232040405273438
0.03525000065565109,0.33273185603083116,0.054349999874830246,0.6217117309570312,-0.02647745981812477,-0.602122962474823,0.2188500016927719,0.05104999989271164,0.326925577583784,1,2666,4.882040649224479,0.5513455514889102,3.8187758922576904
0.04794999957084656,0.5766007517776017,0.07909999787807465,0.7177684903144836,-0.007958556525409222,-0.6635116338729858,0.3910500109195709,0.06424999982118607,0.513137246033806,1,3014,4.893472764181629,0.5000429147917567,17.19450569152832
0.025699999183416367,0.3486419559101127,0.03799999877810478,0.7275514602661133,0.4174826145172119,-0.6768707633018494,0.1972000002861023,0.031099999323487282,0.3420980386893878,1,4043,4.880536423572221,0.3482376259829618,37.138587951660156
0.040300000458955765,0.3564928885662787,0.059300001710653305,0.6032077074050903,-0.0062303789891302586,-0.6164295077323914,0.2498999983072281,0.06185000017285347,0.34748998796392777,1,3188,4.879934733311318,0.19928094404376573,7.2112717628479
0.06755000352859497,0.1538506955729754,0.08495000004768372,0.2816164493560791,-0.0011627909261733294,-0.3528851568698883,0.17759999632835388,0.09955000132322311,0.1506465841362389,1,2593,4.893472764181629,0.5665883798152366,12.815667152404785
0.41894999146461487,0.26190533838727315,0.41449999809265137,0.09419166296720505,0.0,-0.0889609232544899,0.4954499900341034,0.41015002131462097,0.09102870805788554,1,3690,4.882642339485381,0.22728931231441474,37.522464752197266
0.05040000006556511,0.2928854019002081,0.06584999710321426,0.5060321688652039,-0.005475927609950304,-0.5467217564582825,0.22470000386238098,0.07370000332593918,0.2836923832231852,1,2668,4.890163467746665,0.1548673108985512,29.7841796875
0.06475000083446503,0.4055896432457333,0.0953499972820282,0.5428705215454102,-0.010379823856055737,-0.5513997077941895,0.3297500014305115,0.09769999980926514,0.3753032529695156,1,3341,4.886252481050797,0.5574260206135784,8.246404647827148
0.06885000318288803,0.23793883635821728,0.09444999694824219,0.37242916226387024,0.035556305199861526,-0.4466090798377991,0.24690000712871552,0.11289999634027481,0.23377531445882382,1,2549,4.8979854411384,0.271831745509057,11.18213939666748
0.0251499991863966,0.5253247021907222,0.04675000160932541,0.8214936256408691,-0.006598621141165495,-0.7303532958030701,0.30000001192092896,0.029400000348687172,0.48938993411349896,1,3101,4.854663742353404,0.1901187482829435,9.899476051330566
0.03280000016093254,0.4414506229381951,0.04255000129342079,0.7846272587776184,-0.00016808370128273964,-0.6895859837532043,0.23160000145435333,0.027950000017881393,0.4021789237872505,1,3389,4.81139225837018,0.2517886198968966,38.82244873046875
0.025200000032782555,0.3472674124254399,0.03889999911189079,0.7069536447525024,-0.016392899677157402,-0.6825785636901855,0.2062000036239624,0.03539999946951866,0.3454692626253546,1,2945,4.908515020704197,0.3902311383837823,8.33951187133789
0.023800000548362732,0.4279426261929037,0.039400000125169754,0.790067732334137,-0.015926824882626534,-0.7158312201499939,0.2379000037908554,0.027899999171495438,0.4113345595593141,1,3027,4.879633888180867,0.1957084857542586,14.879325866699219
0.03530000150203705,0.5141116980391345,0.05339999869465828,0.7749775052070618,0.17646265029907227,-0.6941580772399902,0.29580000042915344,0.03750000149011612,0.4649585953632247,1,3282,4.900693047312462,0.05405743946014252,29.228090286254883
0.02250000089406967,0.35502589625721337,0.0348999984562397,0.7464052438735962,-0.005012142471969128,-0.7033573985099792,0.2003999948501587,0.029100000858306885,0.3522275428367023,1,2968,4.890765158007567,0.2508457278350652,13.663847923278809
0.052949998527765274,0.17127321879992138,0.06334999948740005,0.35642072558403015,0.0,-0.4266968071460724,0.15764999389648438,0.07479999959468842,0.16967027449934935,1,4162,4.885049100528992,0.20572681051746133,35.37825393676758
0.46720001101493835,0.3957102804705104,0.45159998536109924,0.10379351675510406,0.0,-0.08420784771442413,0.5346499681472778,0.4341000020503998,0.102689329161326,1,3245,4.854062052092501,0.6121774229601843,18.952646255493164
0.025949999690055847,0.390277333001329,0.040800001472234726,0.7686396837234497,0.01541989203542471,-0.6783602833747864,0.21289999783039093,0.02785000018775463,0.37472156220937974,1,3293,4.888358396963956,0.328304528419314,10.465030670166016
0.02484999969601631,0.3479470328037597,0.03754999861121178,0.730085551738739,0.004767452832311392,-0.6799488663673401,0.19709999859333038,0.030750000849366188,0.34282475346156993,1,3336,4.885049100528992,0.40440502336873707,18.450469970703125
0.03970000147819519,0.4767976743274499,0.05249999836087227,0.7503289580345154,-0.023937413468956947,-0.6703814268112183,0.2660500109195709,0.037950001657009125,0.42555971211661314,1,3245,4.898587131399303,0.5688903759055756,16.555156707763672
0.031300000846385956,0.3586907124392146,0.0471000000834465,0.6907790303230286,0.102284274995327,-0.6374133825302124,0.2126999944448471,0.03889999911189079,0.34686002559119816,1,3693,4.86910430861507,0.0624970099118527,15.411877632141113
0.03280000016093254,0.3811540407513447,0.04874999821186066,0.695652186870575,0.01272533182054758,-0.6478873491287231,0.22814999520778656,0.040950000286102295,0.36510205958616154,1,3477,4.387256712521747,0.6068815838604863,17.309778213500977
0.03669999912381172,0.35103306399634004,0.05209999904036522,0.6534615159034729,0.007516710087656975,-0.6098108887672424,0.21495001018047333,0.0450500026345253,0.33532895660747625,1,3426,4.88023557844177,0.3838251216275479,46.028724670410156
0.04560000076889992,0.5960082453657076,0.07349999994039536,0.7501735091209412,-0.032251372933387756,-0.6746348142623901,0.3783000111579895,0.05400000140070915,0.5217741157171689,1,3280,4.900693047312462,0.6499157878994153,26.085052490234375
0.02979999966919422,0.44049621634537306,0.041850000619888306,0.7831775546073914,0.01829090714454651,-0.7014446258544922,0.23849999904632568,0.028999999165534973,0.4094462547926163,1,3513,4.882943184615832,0.45475756399828515,16.275157928466797
0.04194999858736992,0.7562686953932557,0.08049999922513962,0.8293993473052979,-0.030034786090254784,-0.7110293507575989,0.4766499996185303,0.044449999928474426,0.6349035352293528,1,3017,4.892570228790276,0.6733949843784923,20.262582778930664
0.04594999924302101,0.27747413837852863,0.06589999794960022,0.5013859868049622,-0.006938513368368149,-0.5335338711738586,0.21664999425411224,0.07195000350475311,0.2752345761360341,1,3622,4.851932610079727,0.11916894350022555,14.197115898132324
0.05000000074505806,0.5930527725552273,0.08250000327825546,0.7285794019699097,-0.006549684796482325,-0.6491973996162415,0.38784998655319214,0.0608999989926815,0.5169169842554406,1,3118,4.887455861572603,0.43646856007453605,16.27089500427246
0.02759999968111515,0.5243936392798356,0.04324999824166298,0.8252243399620056,0.023852474987506866,-0.7402792572975159,0.2897999882698059,0.02775000035762787,0.4807962660829973,1,3134,4.900392202182011,0.6432297290103328,37.20375061035156
0.04064999893307686,0.30105969337358496,0.05544999986886978,0.574741780757904,0.002923941472545266,-0.5692367553710938,0.20200000703334808,0.05454999953508377,0.2923468499466474,1,3354,4.765038582181056,0.587206276373119,19.170808792114258
0.04324999824166298,0.3122938040420793,0.06310000270605087,0.5663524270057678,-0.0016475823940709233,-0.5478323101997375,0.21599999070167542,0.05979999899864197,0.3020108155003425,1,3256,4.887455861572602,0.6544939450428626,8.247051239013672
0.04479999840259552,0.3507377517286644,0.06270000338554382,0.6066267490386963,0.007381455507129431,-0.5684790015220642,0.22789999842643738,0.055799998342990875,0.32939900623876084,1,2599,4.897985441138401,0.2435149972939057,4.141739845275879
0.03799999877810478,0.3970847046077074,0.04830000177025795,0.6965466737747192,0.02155570313334465,-0.6540114283561707,0.23090000450611115,0.04129999876022339,0.36829837790189834,1,3894,4.896180370355692,0.4665898751433728,30.787134170532227
0.05660000070929527,0.4667013044557821,0.09605000168085098,0.6196932196617126,-0.08382689207792282,-0.5599587559700012,0.34049999713897705,0.0799499973654747,0.4246020989664564,1,2770,4.892570228790276,0.545581197256411,16.920427322387695
0.05620000138878822,0.47658921748073557,0.09350000321865082,0.6269041299819946,0.06768269091844559,-0.5755787491798401,0.34709998965263367,0.07959999889135361,0.43298801241203877,1,2734,4.891066003138019,0.6012402697608203,9.891530990600586
0.05339999869465828,0.37163514428313665,0.08030000329017639,0.555827260017395,-0.15560045838356018,-0.5619800686836243,0.2863500118255615,0.08174999803304672,0.3535307190455608,1,3095,4.882642339485381,0.3702813849069798,14.201364517211914
0.04255000129342079,0.3974883369555213,0.06019999831914902,0.6363356709480286,0.0010254241060465574,-0.6310709714889526,0.26614999771118164,0.05914999917149544,0.376226825375439,1,3306,4.875422056354549,0.22488044106787763,27.2725887298584
0.042100001126527786,0.22237694749952383,0.05550000071525574,0.4703334867954254,0.020014449954032898,-0.5072141885757446,0.16975000500679016,0.061149999499320984,0.22287591634546466,1,3595,4.825180919569171,0.5059352603469184,7.445437908172607
0.04075000062584877,0.4522892827908182,0.060750000178813934,0.6961948871612549,0.002781040035188198,-0.6454625129699707,0.2819499969482422,0.05050000175833702,0.41705206718034904,1,2945,4.854964587483855,0.4772193051232908,21.52269172668457
0.03350000083446503,0.4261515831164692,0.059050001204013824,0.7000314593315125,0.0,-0.6411424875259399,0.2700499892234802,0.04765000194311142,0.4079735655183445,1,3870,4.869393390695713,0.27316066357390945,18.450864791870117
0.030300000682473183,0.4785485287333601,0.04479999840259552,0.7733674645423889,-0.0011627764906734228,-0.7215662002563477,0.2770000100135803,0.03539999946951866,0.4460856863439412,1,3379,4.865494167049653,0.5442680828571342,24.539466857910156
0.03009999915957451,0.41413901332392056,0.04845000058412552,0.7245924472808838,-0.03560107946395874,-0.67379230260849,0.24860000610351562,0.03970000147819519,0.3975009563925452,1,3368,4.878129662528611,0.5679921940277652,31.280166625976562
0.055799998342990875,0.44133474266953515,0.06629999727010727,0.6437197923660278,-0.015391728840768337,-0.6082717776298523,0.27219998836517334,0.05900000035762787,0.38474493064264115,1,3215,4.897684596007949,0.4288319790785863,26.724384307861328
0.04935000091791153,0.24617879551182187,0.06504999846220016,0.46076980233192444,-0.0073568862862885,-0.504192054271698,0.19734999537467957,0.07284999638795853,0.2424694890643865,1,3570,4.844435007918058,0.5676732906634226,20.461833953857422
0.033399999141693115,0.44051568917728795,0.042500000447034836,0.7604204416275024,0.03311508148908615,-0.7021201848983765,0.24285000562667847,0.03305000066757202,0.4055935106144509,1,3459,4.875121211224097,0.32244046052392117,24.301834106445312
0.04075000062584877,0.4790319165764765,0.0608999989926815,0.7188376188278198,-0.0026517019141465425,-0.6541737914085388,0.2912999987602234,0.04764999821782112,0.43563383053825555,1,3391,4.901294737573365,0.27182977370731953,37.16236877441406
0.044199999421834946,0.7181910315671574,0.07684999704360962,0.8147463798522949,-0.05480208992958069,-0.7036537528038025,0.44179999828338623,0.045099999755620956,0.602948625974289,1,3080,4.89587952522524,0.6385799863138374,15.183554649353027
0.04755000025033951,0.41097673002536783,0.05624999850988388,0.6751070022583008,-0.0008987708715721965,-0.6135348677635193,0.2348499894142151,0.04554999992251396,0.3638518556091781,1,3561,4.854964587483855,0.30094636742908143,25.478118896484375
0.02944999933242798,0.3626778928427761,0.044449999928474426,0.7196652293205261,-0.03546903282403946,-0.6443288326263428,0.20549999177455902,0.03350000083446503,0.34912041811973155,1,2960,4.883845720007185,0.2793676209116115,24.396541595458984
0.026850000023841858,0.3895214548972501,0.03720000013709068,0.7404313087463379,0.04522087797522545,-0.7151062488555908,0.22394999861717224,0.033399999141693115,0.3774014657146975,1,3280,4.864290786527848,0.6800209951512453,3.822739839553833
0.05934999883174896,0.3529598009835538,0.0807500034570694,0.5258704423904419,-0.005032877903431654,-0.5460295081138611,0.2750000059604645,0.08545000106096268,0.3304375675856928,1,2708,4.88053642357222,0.10639057107084804,10.269570350646973
0.03610000014305115,0.35538659390100324,0.052299998700618744,0.6610299944877625,-0.04176115244626999,-0.6102831959724426,0.21610000729560852,0.04410000145435333,0.3393843801529629,1,2816,4.888659242094407,0.016104158036466254,25.58348274230957
0.03200000151991844,0.3634676965612569,0.0466499999165535,0.7042483687400818,-0.0052027469500899315,-0.6344760060310364,0.2085999995470047,0.03620000183582306,0.3472072987199847,1,3291,4.870608534267326,0.2150313053251688,20.924745559692383
0.03350000083446503,0.5227939778270138,0.054499998688697815,0.7812865376472473,0.5592576861381531,-0.696463406085968,0.3046000003814697,0.03739999979734421,0.47600950212716286,1,3250,4.8531595167011465,0.33099451702099625,31.785463333129883
0.029650000855326653,0.2946006851484153,0.04479999840259552,0.6212056279182434,-0.012950911186635494,-0.6177474856376648,0.18960000574588776,0.04430000111460686,0.29697507141235246,1,2563,4.88053642357222,0.6782017427933947,13.06491756439209
0.026799999177455902,0.42451644176977144,0.037950001657009125,0.7866563200950623,-0.019502388313412666,-0.7170549631118774,0.23029999434947968,0.027499999850988388,0.4014251703296582,1,3515,4.755239907767609,0.6319904577814814,26.755895614624023
0.026000000536441803,0.3890389777125439,0.03505000099539757,0.7676452398300171,0.022100267931818962,-0.7165386080741882,0.2122500091791153,0.027899999171495438,0.37360671741077556,1,3341,4.871210224528229,0.27485408409312095,17.644145965576172
0.04439999908208847,0.2527222186467223,0.05779999867081642,0.47966286540031433,-0.07393992692232132,-0.5548710227012634,0.20190000534057617,0.07100000232458115,0.25404321720366324,1,2731,4.910921781747808,0.34989641188871745,9.93572998046875
0.043549999594688416,0.3770994224131707,0.06599999964237213,0.6064730882644653,-0.007905990816652775,-0.6018700003623962,0.26554998755455017,0.06504999846220016,0.36208763388115434,1,2712,4.901294737573364,0.4339824664870928,7.435794830322266
0.042649999260902405,0.5140316028271998,0.06355000287294388,0.73619544506073,0.010601790621876717,-0.6573200225830078,0.3073500096797943,0.04670000076293945,0.457789366658521,1,3247,4.888057551833505,0.061682988240192804,34.06835174560547
0.05739999935030937,0.2141806444636456,0.07154999673366547,0.40042006969451904,0.0,-0.43860337138175964,0.18334999680519104,0.07850000262260437,0.20643826395222803,1,3525,4.883244029746283,0.0325185308897854,15.7892427444458
0.04455000162124634,0.32414160465784325,0.06345000118017197,0.5536147952079773,-0.018550191074609756,-0.5820158123970032,0.24015000462532043,0.0689999982714653,0.3172774004964445,1,2912,4.8841348020878295,0.44148349218568317,9.24032974243164
0.028750000521540642,0.2533386097478668,0.04165000095963478,0.5914396643638611,-0.02015453763306141,-0.5941534638404846,0.16359999775886536,0.041999999433755875,0.25850339882848805,1,2506,4.858875574179723,0.30942927026905587,24.60167121887207
0.03765000030398369,0.5016464633543484,0.0580499991774559,0.7304109930992126,-0.01101953536272049,-0.6894476413726807,0.3158000111579895,0.04919999837875366,0.46231215579179363,1,3202,4.883244029746285,0.48141588756365183,20.26259422302246
0.03674999997019768,0.39447219282696366,0.048700001090765,0.7192429304122925,0.048511188477277756,-0.6347956657409668,0.21799999475479126,0.035599999129772186,0.36305731907879857,1,3331,4.862485715745139,0.1596125698489168,23.783954620361328
0.06624999642372131,0.2929233815111,0.10164999961853027,0.42450276017189026,-0.05573148652911186,-0.4970933794975281,0.3025999963283539,0.12224999815225601,0.29250689179716327,1,2816,4.903701498616976,0.260833615960282,4.718823432922363
0.029899999499320984,0.4279707279571818,0.046799998730421066,0.7483209371566772,-0.0049395132809877396,-0.681740939617157,0.24729999899864197,0.035599999129772186,0.4056073579798616,1,3184,4.853159516701147,0.3962886705075791,26.955699920654297
0.05855000019073486,0.5673848713248788,0.09645000100135803,0.668491780757904,-0.05941329523921013,-0.6257638931274414,0.4189999997615814,0.0832500010728836,0.5024943852469271,1,3083,4.87812966252861,0.4541665665174869,27.943496704101562
0.03175000101327896,0.45030649806995443,0.05490000173449516,0.7524769306182861,-0.02501668594777584,-0.6523115634918213,0.26089999079704285,0.03684999793767929,0.4212785885739463,1,2960,4.861884025484236,0.23060817686775625,22.31096839904785
0.03189999982714653,0.3360163477815669,0.04089999943971634,0.6837088465690613,0.005289796274155378,-0.6522108912467957,0.19429999589920044,0.0364999994635582,0.3238916203549904,1,3872,4.874820366093645,0.4806771002338045,15.574039459228516
0.04039999842643738,0.20291084546970573,0.057500001043081284,0.43547359108924866,-0.06646189093589783,-0.4930570721626282,0.16934999823570251,0.066600002348423,0.20942318596180426,1,2518,4.893472764181629,0.1381867168528571,3.3415982723236084
0.041200000792741776,0.7448957505888119,0.07039999961853027,0.8367098569869995,-0.0044489661231637,-0.7311437726020813,0.45329999923706055,0.040300000458955765,0.6234903365103543,1,3023,4.908515020704198,0.5001127055913533,40.30875778198242
0.5918999910354614,0.8034940758962885,0.5835000276565552,0.14536583423614502,0.0,-0.11406335979700089,0.7337499856948853,0.5475000143051147,0.15684208117033308,1,3524,4.905807414530135,0.2573006024317003,19.57093048095703
0.03009999915957451,0.4789945948281049,0.044849999248981476,0.7734524607658386,0.013557135127484798,-0.7220759391784668,0.27790001034736633,0.03550000116229057,0.44701255056878847,1,3451,4.88023557844177,0.0969871221875429,15.18356704711914
0.038600001484155655,0.37568607983185337,0.05860000103712082,0.6522343754768372,-0.042175550013780594,-0.6042546033859253,0.23755000531673431,0.05000000074505806,0.35721542085219815,1,2626,4.890765158007567,0.2437897569577243,6.664194583892822
0.028850000351667404,0.3518170857411963,0.041200000792741776,0.7131252288818359,-0.011518680490553379,-0.6588698029518127,0.20035000145435333,0.03355000168085098,0.340918379331523,1,2752,4.903701498616975,0.3437131038931627,27.31656265258789
0.032749999314546585,0.4103423723219937,0.04670000076293945,0.7206066250801086,0.024601193144917488,-0.6754690408706665,0.2410999983549118,0.03914999961853027,0.3882409469930984,1,3587,4.8660958573105555,0.0924663887269721,15.369885444641113
0.2037999927997589,0.2917317832608229,0.2276500016450882,0.23812639713287354,0.0,-0.24905163049697876,0.3786500096321106,0.2329999953508377,0.1965322002812032,1,3193,4.906108259660587,0.13430060827783274,29.38675308227539
0.05525000020861626,0.2832248349391135,0.07320000231266022,0.4820890724658966,-0.029036611318588257,-0.5029706358909607,0.22134999930858612,0.07734999805688858,0.2704394673720119,1,3179,4.89377360931208,0.6533629951113445,24.4157772064209
0.04769999906420708,0.40051052823162425,0.0750499963760376,0.6371253728866577,-0.031366124749183655,-0.5438383221626282,0.2540000081062317,0.056299999356269836,0.36597557743286374,1,2708,4.898587131399303,0.40317696579584184,23.046031951904297
0.02810000069439411,0.30855856218507566,0.04165000095963478,0.6523809432983398,-0.007627555634826422,-0.6417204141616821,0.19085000455379486,0.040150001645088196,0.3092339294749043,1,2634,4.878731352789513,0.24629319752914225,17.449312210083008
0.03044999949634075,0.44179132434187607,0.049550000578165054,0.7450292110443115,-0.0053054350428283215,-0.6809914708137512,0.26109999418258667,0.03815000131726265,0.41842351101777275,1,2965,4.903099808356073,0.4565643346574121,25.913345336914062
0.027699999511241913,0.31479650823059896,0.03579999879002571,0.695301353931427,0.05605369806289673,-0.6660447716712952,0.1785999983549118,0.032099999487400055,0.3092021935675103,1,3706,4.888057551833505,0.5671250204494851,28.298585891723633
0.028300000354647636,0.5072919556105745,0.047200001776218414,0.7998140454292297,0.003725159214809537,-0.720379114151001,0.2903999984264374,0.03229999914765358,0.4705846603376337,1,2653,4.883244029746284,0.03494902232999475,23.98849868774414
0.0502999983727932,0.17805719050666605,0.0658000037074089,0.37046414613723755,-0.024995826184749603,-0.42331287264823914,0.1624000072479248,0.07460000365972519,0.17869742663925434,1,3668,4.714195755134774,0.08094741130596561,16.006996154785156
0.04715000092983246,0.2575493671064447,0.06485000252723694,0.4797666668891907,-0.0010025468654930592,-0.5156833529472351,0.20295000076293945,0.07135000079870224,0.2549399451740036,1,2672,4.897684596007949,0.2934520621108935,9.199119567871094
0.05719999969005585,0.3508843730354957,0.07485000044107437,0.5554478168487549,-0.011327451094985008,-0.5253646373748779,0.24055001139640808,0.06875000149011612,0.31842334209325074,1,3493,4.8790321979199645,0.22363168838837677,35.64128112792969
0.037700001150369644,0.39607299271697655,0.044199999421834946,0.7004470825195312,0.36469554901123047,-0.6754772663116455,0.2282000035047531,0.04019999876618385,0.36699636423012527,1,3916,4.876324591745902,0.37311994127643733,17.878314971923828
0.05490000173449516,0.501281355959933,0.08195000141859055,0.6555355787277222,-0.0036466370802372694,-0.6168322563171387,0.3458000123500824,0.07195000350475311,0.4475892194732122,1,2976,4.903400653486524,0.20873582433797233,27.251197814941406
0.039650000631809235,0.23391221878636956,0.051600001752376556,0.4919217824935913,-0.026184070855379105,-0.5454745292663574,0.17544999718666077,0.05974999815225601,0.23605821497809318,1,3810,4.842028246874445,0.6541736807930078,5.623762130737305
0.02734999917447567,0.43296632691080367,0.04410000145435333,0.7736813426017761,0.004036155063658953,-0.6927364468574524,0.24295000731945038,0.03099999949336052,0.4107823618328732,1,3453,4.832100357569552,0.21765028241115625,18.874103546142578
0.038100000470876694,0.4466532905803084,0.05849999934434891,0.6755862236022949,-0.02185813896358013,-0.6769740581512451,0.3037000000476837,0.058800000697374344,0.42591304198044533,1,2944,4.895879525225241,0.06158978857969799,13.663308143615723
0.04805000126361847,0.32988925455979345,0.06379999965429306,0.5563241243362427,0.03260738030076027,-0.574737548828125,0.23624999821186066,0.06735000014305115,0.3152687874836476,1,3679,4.823977539047367,0.2855462750750277,9.891676902770996
0.046799998730421066,0.4984597760806766,0.06639999896287918,0.6987854242324829,0.0450742281973362,-0.6515350341796875,0.31470000743865967,0.055799998342990875,0.4461229305734363,1,3226,4.891066003138018,0.3304567361739137,43.11738586425781
0.044599998742341995,0.513061375602467,0.07374999672174454,0.6959078907966614,-0.14820827543735504,-0.6486422419548035,0.3460499942302704,0.062049999833106995,0.46911132516317805,1,2901,4.893171919051179,0.3318483084731668,9.068413734436035
0.32019999623298645,0.3792452492231271,0.325300008058548,0.18625937402248383,0.0,-0.17168501019477844,0.46015000343322754,0.31564998626708984,0.16989342177383202,1,3093,4.89587952522524,0.33947442865098576,42.343597412109375
0.03400000184774399,0.5469447608642033,0.04874999821186066,0.812537670135498,-0.015326093882322311,-0.7209901213645935,0.30070000886917114,0.031099999323487282,0.4861745736180134,1,3147,4.883845720007185,0.5164083760518314,47.43778610229492
0.03220000118017197,0.3728941559605298,0.05249999836087227,0.6778620481491089,-0.022119048982858658,-0.6313202381134033,0.23229999840259552,0.044599998742341995,0.36240185419624177,1,3326,4.872413605050034,0.06141473511040907,18.439292907714844
0.04814999923110008,0.26908529100712,0.0726500004529953,0.4779411554336548,-0.00889207236468792,-0.5053616762161255,0.22110000252723694,0.07810000330209732,0.2683933899814247,1,2434,4.89557868009479,0.17201943837580924,24.52532958984375
0.03009999915957451,0.37284873635485083,0.04500000178813934,0.7128732204437256,-0.0030956075061112642,-0.6558974981307983,0.21654999256134033,0.03629999980330467,0.35913527512675675,1,3270,4.8612823352233345,0.37384470608832177,8.488850593566895
0.039250001311302185,0.6320979668985696,0.06965000182390213,0.7966023087501526,-0.02382466197013855,-0.6942828893661499,0.38600000739097595,0.043699998408555984,0.5522749384432546,1,2956,4.883544874876735,0.004319709791160586,24.01041603088379
0.03564999997615814,0.5597948508247692,0.050599999725818634,0.8134239912033081,0.06481753289699554,-0.7167249917984009,0.30664998292922974,0.031550001353025436,0.49230491541664223,1,3308,4.850139302346826,0.221915478435871,31.359031677246094
0.03959999978542328,0.25999245749535166,0.057100001722574234,0.49873417615890503,-0.004366629291325808,-0.5679152607917786,0.20720000565052032,0.06930000334978104,0.26638763818871847,1,3812,4.8712102245282285,0.13268301031941399,8.492399215698242
0.03669999912381172,0.4828209118994907,0.06069999933242798,0.735167920589447,-0.01061985269188881,-0.6569652557373047,0.29319998621940613,0.04475000128149986,0.4447460862411631,1,3019,4.8979854411384,0.5707927211253621,22.597740173339844
0.032099999487400055,0.3544907687923912,0.04490000009536743,0.684969961643219,-0.028847210109233856,-0.6479811668395996,0.2101999968290329,0.03929999843239784,0.34202801763265644,1,3420,4.883845720007186,0.3161877326408663,16.82729148864746
0.04385000094771385,0.4251127959442644,0.05130000039935112,0.7133887410163879,-0.053379569202661514,-0.6377758383750916,0.23194999992847443,0.03880000114440918,0.3759000944181652,1,3524,4.8561679680056615,0.230917401181696,38.20612716674805
0.0771000012755394,0.3153135700871753,0.10175000131130219,0.4474557638168335,-0.023976542055606842,-0.44008803367614746,0.26170000433921814,0.09989999979734421,0.2816852433235867,1,2593,4.865795012180104,0.22954710353552232,21.312389373779297
0.027300000190734863,0.3035602746392937,0.043699998408555984,0.6627272963523865,-0.08310417085886002,-0.6142983436584473,0.18289999663829803,0.03709999844431877,0.30374999831197785,1,2807,4.850451910527085,0.589397531563149,31.149024963378906
0.0640999972820282,0.24132554026033495,0.08285000175237656,0.4039151966571808,0.023999668657779694,-0.44395971298217773,0.21514999866485596,0.0913499966263771,0.2302541898846021,1,3806,4.881138113833123,0.4659533081930717,37.04931640625
0.04050000011920929,0.3869432445206741,0.06539999693632126,0.643799901008606,-0.04344800114631653,-0.5881612300872803,0.25220000743865967,0.05465000122785568,0.36726158038461654,1,2676,4.882943184615832,0.364987434361003,28.73397445678711
0.03400000184774399,0.617543926474669,0.05779999867081642,0.801336944103241,-0.05301814526319504,-0.7383431196212769,0.3840000033378601,0.04235000163316727,0.5532196252031838,1,2671,4.898587131399303,0.0003367929037578765,9.374515533447266
0.028200000524520874,0.5668703385397289,0.05779999867081642,0.8164041638374329,0.015192313119769096,-0.7052524089813232,0.3343999981880188,0.033799998462200165,0.5193503816268579,1,2703,4.880235578441771,0.021857102235598114,39.736915588378906
0.022450000047683716,0.3683658809073898,0.032999999821186066,0.7852256894111633,0.01704590395092964,-0.7114754319190979,0.19574999809265137,0.02355000004172325,0.3590991210153435,1,3277,4.870909379397778,0.6513664631810764,20.317216873168945
0.05119999870657921,0.33527007015191457,0.06994999945163727,0.5401738286018372,-0.004410284571349621,-0.5662015676498413,0.25255000591278076,0.07540000230073929,0.3209432970372462,1,2740,4.898887976529754,0.6809057853106526,17.822168350219727
0.046149998903274536,0.2357436640755907,0.05824999883770943,0.4785926043987274,0.009969975799322128,-0.49924781918525696,0.17440000176429749,0.061500001698732376,0.2301263749169903,1,3544,4.832401202700004,0.4585974806835361,19.116243362426758
0.034949999302625656,0.5378015074107761,0.062449999153614044,0.7722108364105225,-0.04098452627658844,-0.6765086650848389,0.3236500024795532,0.041600000113248825,0.48896273017240455,1,2769,4.892570228790277,0.2193237677366341,34.87894058227539
0.08420000225305557,0.5135111678912386,0.09555000066757202,0.6037590503692627,0.0,-0.5304668545722961,0.3114500045776367,0.07694999873638153,0.39593652346886754,1,3290,4.893171919051178,0.2001025471978214,43.60136032104492
0.059700001031160355,0.525100812127658,0.08799999952316284,0.6480733156204224,0.01388531643897295,-0.621871292591095,0.37744998931884766,0.08060000091791153,0.46477218009403154,1,2677,4.879934733311319,0.2040469675143568,13.063313484191895
0.04704999923706055,0.5921278679171683,0.07989999651908875,0.7374465465545654,-0.012012053281068802,-0.6568606495857239,0.38580000400543213,0.05829999968409538,0.5203368335581062,1,2963,4.905807414530135,0.3216030211633233,23.861787796020508
0.05445000156760216,0.41929329530848536,0.07840000092983246,0.5933161973953247,0.015993984416127205,-0.596188485622406,0.3098999857902527,0.07909999787807465,0.3894263084682228,1,3021,4.890765158007567,0.37757537511489303,23.5753173828125
0.06915000081062317,0.47898968467105624,0.10180000215768814,0.5866267681121826,-0.25547847151756287,-0.5696924924850464,0.3713499903678894,0.09674999862909317,0.425472567182808,1,3075,4.897985441138401,0.25471344502438875,17.781763076782227
0.030700000002980232,0.40899232232107074,0.0478999987244606,0.7351480722427368,-0.01849054917693138,-0.6623788475990295,0.2358500063419342,0.035999998450279236,0.38838506183359245,1,2734,4.894074454442531,0.17464924001496462,17.939640045166016
0.03060000017285347,0.311984718997044,0.03804999962449074,0.6789423823356628,0.0,-0.6474403738975525,0.1777999997138977,0.03400000184774399,0.3030345551081753,1,3273,4.905807414530135,0.30161246519611995,37.53258514404297
0.05979999899864197,0.4797091816429467,0.0997999981045723,0.606844961643219,0.029303662478923798,-0.5801430344581604,0.37560001015663147,0.09189999848604202,0.43984497540511386,1,3121,4.895578680094789,0.3517687687761215,29.778804779052734
0.03754999861121178,0.43589372883475835,0.053950000554323196,0.7233242392539978,0.004624503664672375,-0.6472703218460083,0.2519499957561493,0.040449999272823334,0.4003659726340474,1,3170,4.775826310265638,0.4125545142517377,28.838186264038086
0.029500000178813934,0.36772453061805666,0.04340000078082085,0.7237660884857178,-0.015214042738080025,-0.6544585824012756,0.2078000009059906,0.0333000011742115,0.3531912007326401,1,2913,4.881438958963575,0.5057147758657223,36.77643966674805
0.06069999933242798,0.3888117073839862,0.09520000219345093,0.533845067024231,0.053388673812150955,-0.5518945455551147,0.3296999931335449,0.10019999742507935,0.37020109372825677,1,2852,4.910921781747808,0.4113283057796673,6.464860916137695
0.033900000154972076,0.3198549690043559,0.047600001096725464,0.651479184627533,-0.06693241000175476,-0.6013400554656982,0.19120000302791595,0.04035000130534172,0.30930900313518656,1,2661,4.860078954701528,0.22803821238839928,23.092679977416992
0.04740000143647194,0.32104375291296006,0.07280000299215317,0.5296251177787781,0.2349521666765213,-0.553100049495697,0.2529999911785126,0.07779999822378159,0.3163216090327152,1,3955,4.875121211224097,0.5693485236512199,19.08913803100586
0.03830000013113022,0.5163200366991002,0.0658000037074089,0.7465258240699768,-0.04257785528898239,-0.6536841988563538,0.3142000138759613,0.04560000076889992,0.46859736310543,1,3072,4.883244029746283,0.4775423369248072,23.162931442260742
0.03334999829530716,0.280154548524041,0.056699998676776886,0.5824221968650818,-0.060588542371988297,-0.5368593335151672,0.18815000355243683,0.04964999854564667,0.2815803834635485,1,2775,4.8979854411384,0.013994378113583172,17.824684143066406
0.03700000047683716,0.4896575180671783,0.06400000303983688,0.727554202079773,-0.006141479127109051,-0.6548934578895569,0.3068999946117401,0.04839999973773956,0.4533496958642143,1,3071,4.84262993713535,0.5447443569203502,34.669273376464844
0.047200001776218414,0.3274671523351256,0.07039999961853027,0.540772557258606,-0.09074334055185318,-0.5623251795768738,0.25130000710487366,0.07490000128746033,0.3202614452171133,1,2569,4.872714450180486,0.3989316033950061,9.195145606994629
0.413349986076355,0.28432023867772394,0.4043000042438507,0.10065830498933792,0.0,-0.09486763179302216,0.4890500009059906,0.39959999918937683,0.09662262093810967,1,3775,4.876324591745901,0.18389828739958247,4.987857818603516
0.050999999046325684,0.3166206042529785,0.07020000368356705,0.5346666574478149,0.25688162446022034,-0.5326231122016907,0.23019999265670776,0.0697999969124794,0.3007499959417618,1,3539,4.868502618354166,0.24658744892957973,35.523773193359375
0.033149998635053635,0.526774529039187,0.05225000157952309,0.7918403744697571,0.008231868036091328,-0.704049825668335,0.300849974155426,0.034949999302625656,0.477207435923924,1,3129,4.890765158007568,0.17743446798808038,18.463489532470703
0.03700000047683716,0.4258186598838829,0.05220000073313713,0.7059019804000854,0.11376509070396423,-0.6610389947891235,0.2558000087738037,0.04410000145435333,0.396987132039916,1,3523,4.857371348527466,0.45660442114435784,27.411800384521484
0.028049999848008156,0.46817916440303253,0.044849999248981476,0.7890797853469849,-0.0028551602736115456,-0.7085769772529602,0.26295000314712524,0.03099999949336052,0.43822029639590987,1,3138,4.898286286268851,0.17397155918723206,23.856246948242188
0.03525000065565109,0.3260438165103055,0.048500001430511475,0.6415947079658508,-0.04149705171585083,-0.6091861128807068,0.1996999979019165,0.04360000044107437,0.3150141217721572,1,3509,4.880536423572221,0.23361813109118257,26.879980087280273
0.058400001376867294,0.44948105429092716,0.08940000087022781,0.6101502180099487,-0.02220272645354271,-0.5620330572128296,0.31885001063346863,0.07720000296831131,0.4045254237994199,1,2845,4.890163467746664,0.6371927352677921,16.56629753112793
0.032749999314546585,0.4440996946589375,0.05624999850988388,0.7401167750358582,-0.01684523932635784,-0.6451663970947266,0.26080000400543213,0.03894999995827675,0.4160987863975475,1,3293,4.827047968203459,0.21868858687531156,22.52991485595703
0.041200000792741776,0.3988307768094219,0.06129999831318855,0.6560717225074768,0.0,-0.6111639738082886,0.2540000081062317,0.05274999886751175,0.3741865649192424,1,3425,4.888659242094408,0.06256897587411436,8.350379943847656
0.029850000515580177,0.37884226347649785,0.045899998396635056,0.7145619988441467,-0.0010192235931754112,-0.6568865776062012,0.22165000438690186,0.03689999878406525,0.3653351885120151,1,3323,4.849912198117761,0.48078373494030024,16.475749969482422
0.09745000302791595,0.23895410251988575,0.13130000233650208,0.3146357238292694,0.0020953910425305367,-0.39929085969924927,0.30584999918937683,0.1594499945640564,0.2274940519621231,1,2576,4.901294737573365,0.5926184953798065,2.7802884578704834
0.032099999487400055,0.3846558948837735,0.04410000145435333,0.723113477230072,-0.01639561727643013,-0.6628440022468567,0.2175000011920929,0.034950003027915955,0.3639112176364634,1,3573,4.856468813136114,0.09466878640875698,33.625667572021484
0.03660000115633011,0.45036146825106793,0.0617000013589859,0.6931459307670593,-0.053303759545087814,-0.6542448997497559,0.295199990272522,0.05350000038743019,0.4271827369123894,1,3065,4.888057551833504,0.06835681098142199,10.464577674865723
0.055149998515844345,0.46852518610696275,0.08515000343322754,0.6366637349128723,-0.09300895035266876,-0.5820345878601074,0.322299987077713,0.07154999673366547,0.4207920706249537,1,2767,4.905506569399684,0.2906112747124696,20.92552947998047
0.02449999935925007,0.5014645624908971,0.04190000146627426,0.8294342160224915,-0.005859910976141691,-0.7361045479774475,0.2756499946117401,0.025699999183416367,0.4678667199669625,1,2827,4.883544874876735,0.17460814728932672,15.815800666809082
0.45414999127388,0.42763842031226895,0.43619999289512634,0.11176317185163498,0.0,-0.08859176188707352,0.5210000276565552,0.41624999046325684,0.10932339802332794,1,2959,4.82005478930169,0.5011844674311429,33.24336624145508
0.04129999876022339,0.4308480805540864,0.06464999914169312,0.6650073528289795,-0.045565616339445114,-0.6294598579406738,0.2843000292778015,0.05719999969005585,0.4048128730303707,1,2990,4.883845720007186,0.5902879938828345,30.855066299438477
0.03545000031590462,0.5602434702990154,0.04935000091791153,0.8003952503204346,0.0065980893559753895,-0.7319391965866089,0.31885001063346863,0.035350002348423004,0.49783423784211933,1,3142,4.906108259660587,0.6401982141823872,26.348020553588867
0.02879999950528145,0.4170397940569276,0.04320000112056732,0.7497255802154541,-0.017763124778866768,-0.6939426064491272,0.23909999430179596,0.03420000150799751,0.3974524645753338,1,3306,4.89377360931208,0.14010507533911343,36.669071197509766
0.28529998660087585,0.6149421593946549,0.28984999656677246,0.3055446445941925,0.0,-0.26420003175735474,0.49799999594688416,0.26489999890327454,0.2768627737676885,1,3695,4.883244029746283,0.018970246355288878,14.369132995605469
0.04259999841451645,0.19848294117939286,0.0580499991774559,0.42696383595466614,-0.033009033650159836,-0.4791386127471924,0.16484999656677246,0.06620000302791595,0.20241432239973411,1,2775,4.887455861572602,0.5188035568109591,4.9829277992248535
0.03245000168681145,0.4553625484505196,0.04805000126361847,0.7748532891273499,0.02175859548151493,-0.6770290732383728,0.24949999153614044,0.03164999932050705,0.4183255356184445,1,3202,4.876926282006806,0.15987815911222436,30.130483627319336
0.030899999663233757,0.5044976042757999,0.053300000727176666,0.7707602381706238,-0.0026035928167402744,-0.7006458640098572,0.3027999997138977,0.03920000046491623,0.4695961980872944,1,2993,4.898887976529754,0.3548247817184442,11.92762565612793
0.02604999952018261,0.4047933688355088,0.039799999445676804,0.7763925194740295,0.01648668758571148,-0.6946096420288086,0.22085000574588776,0.027799999341368675,0.38679624342355834,1,3307,4.7813195083748505,0.33398173607217996,19.184175491333008
0.041600000113248825,0.32788715248725536,0.05620000138878822,0.5966758728027344,-0.005881167482584715,-0.5872957706451416,0.21615000069141388,0.05460000038146973,0.31440155709062595,1,3510,4.862184870614689,0.4834472075780618,33.97648620605469
0.033149998635053635,0.4028658617609504,0.045499999076128006,0.7411117553710938,0.017977425828576088,-0.659303605556488,0.2215999960899353,0.03294999897480011,0.3750248459658732,1,3294,4.898286286268852,0.699324219130954,35.90223693847656
0.03099999949336052,0.22730270998186675,0.03909999877214432,0.5760445594787598,0.0,-0.5668789744377136,0.14145000278949738,0.03804999962449074,0.22825607681604487,1,3536,4.793291335741326,0.37005608699289927,14.362092018127441
0.03750000149011612,0.3640018832992778,0.04854999855160713,0.6802557706832886,-0.012733718380331993,-0.6247342824935913,0.2101999968290329,0.03999999910593033,0.34030924815785585,1,3443,4.820355634432142,0.5113544491614282,39.455936431884766
0.05204999819397926,0.4944359060598398,0.08034999668598175,0.657245934009552,-0.0211628545075655,-0.6217488646507263,0.34450000524520874,0.07124999910593033,0.4475839555134235,1,2733,4.890765158007567,0.27482900059693505,26.76917266845703
0.04084999859333038,0.38054882852833405,0.06305000185966492,0.6449864506721497,-0.03719979152083397,-0.5877063870429993,0.24279999732971191,0.052400000393390656,0.3591549248267616,1,2630,4.889249169305503,0.4912383271140779,18.148983001708984
0.39480000734329224,0.3832030613423494,0.38370001316070557,0.1316394805908203,0.0,-0.11139415204524994,0.4799000024795532,0.3682499825954437,0.12422581439768193,1,3312,4.859778109571076,0.0918918629168235,34.634944915771484
0.2553499937057495,0.2640624359316944,0.2683500051498413,0.17626500129699707,0.0,-0.18111076951026917,0.38705000281333923,0.27105000615119934,0.1502460872518116,1,3870,4.903400653486524,0.24756133210947218,9.770912170410156
0.0393499992787838,0.4100333513827642,0.06019999831914902,0.6723273396492004,-0.030898453667759895,-0.6222152709960938,0.25850000977516174,0.05065000057220459,0.38531175902796,1,3134,4.879622125131059,0.16753033995136513,16.56621551513672
0.13619999587535858,0.3590097129101276,0.14114999771118164,0.3643597960472107,0.0,-0.33427664637565613,0.28290000557899475,0.13179999589920044,0.24778617486980992,1,3501,4.896180370355692,0.013360233963567891,15.63090705871582
0.03804999962449074,0.21327702742173146,0.056049998849630356,0.45271381735801697,0.0059908549301326275,-0.5182638764381409,0.1766500025987625,0.06655000150203705,0.22221474802722022,1,2489,4.898587131399303,0.1978345902801265,11.896408081054688
0.42080000042915344,0.4204091564852864,0.40654999017715454,0.13096097111701965,0.0,-0.1121908649802208,0.5092999935150146,0.39135000109672546,0.1263163454882084,1,3384,4.860368036782172,0.6187299220447082,30.50235939025879
0.026499999687075615,0.42785479211770977,0.03530000150203705,0.787397027015686,0.011141341179609299,-0.7371556162834167,0.23330000042915344,0.02775000035762787,0.4051310686400878,1,3658,4.858875574179724,0.663931753030344,14.65847396850586
0.03449999913573265,0.2594800359609418,0.047850001603364944,0.5435372591018677,-0.003231429262086749,-0.588652491569519,0.18479999899864197,0.05465000122785568,0.26401378943320164,1,3686,4.8095252097358925,0.6279154251598731,10.261056900024414
0.04919999837875366,0.24406876028981694,0.06210000067949295,0.4729675352573395,0.4139218330383301,-0.49512195587158203,0.18389999866485596,0.0658000037074089,0.23629450697027798,1,3533,4.898587131399303,0.08330160709743462,43.5305290222168
0.04780000075697899,0.2898291704851941,0.060600001364946365,0.5201426148414612,0.00176354986615479,-0.5573410987854004,0.21320000290870667,0.06729999929666519,0.2803971874435389,1,3967,4.863689096266945,0.14486599831562652,33.64572525024414
0.03500000014901161,0.4247869691727072,0.04749999940395355,0.7409859895706177,0.23494943976402283,-0.665610671043396,0.23659999668598175,0.03519999980926514,0.3914226440618226,1,3512,4.862485715745139,0.5795958130274163,33.40794372558594
0.03689999878406525,0.34009568131097456,0.05719999969005585,0.6054514646530151,0.1569535732269287,-0.6092895865440369,0.23559999465942383,0.05790000036358833,0.3359168155206139,1,3840,4.8657950121801035,0.6884849808351814,11.18173885345459
0.2298000007867813,0.2973301451502611,0.2329999953508377,0.20815636217594147,0.0,-0.20815636217594147,0.3555000126361847,0.2329999953508377,0.16881031197035254,1,3713,4.885951635920346,0.08420474979264536,21.407421112060547
0.054099999368190765,0.3654648460328853,0.07280000299215317,0.569981575012207,-0.035306405276060104,-0.5568406581878662,0.25575000047683716,0.07005000114440918,0.337309273978906,1,3363,4.882943184615832,0.5444950207310761,18.817127227783203
0.08585000038146973,0.32693145625739994,0.11124999821186066,0.43275368213653564,-0.02724630758166313,-0.44032198190689087,0.28630000352859497,0.11334999650716782,0.28836215252801434,1,2614,4.888659242094407,0.14545125098109268,26.77217674255371
0.15129999816417694,0.04958170112980296,0.20000000298023224,0.061070218682289124,0.02301386371254921,-0.14291834831237793,0.26669999957084656,0.23600000143051147,0.045925996972687996,1,3129,4.200432017160781,0.057150648197880405,17.313344955444336
0.037050001323223114,0.513989528897504,0.05415000021457672,0.7574449777603149,-0.02792087011039257,-0.6987901926040649,0.305400013923645,0.042149998247623444,0.4659017377658159,1,3006,4.886252481050798,0.6907622802543395,37.74565887451172
0.04540000110864639,0.4392797393394835,0.0689999982714653,0.6396728754043579,-0.09184884279966354,-0.6366508603096008,0.3107999861240387,0.06830000132322311,0.41377543214109663,1,2906,4.893472764181629,0.6666157723076227,22.10082244873047
0.02944999933242798,0.3652416492183169,0.04270000010728836,0.7138786911964417,-0.02872718684375286,-0.6627838015556335,0.210549995303154,0.03514999896287918,0.3528228463638014,1,2975,4.851956136179341,0.4581497446850472,25.50092124938965
0.029100000858306885,0.29324115778571974,0.04479999840259552,0.610927164554596,0.14917853474617004,-0.6257309913635254,0.19460000097751617,0.04699999839067459,0.29854369480701864,1,3854,4.863978178347589,0.47344675055496277,13.890995025634766
0.05739999935030937,0.5040849399671709,0.06729999929666519,0.6840180158615112,0.004314895253628492,-0.6327922344207764,0.2992500066757202,0.05615000054240227,0.42629180047106674,1,3459,4.885349945659443,0.3234765146809123,38.64287567138672
0.03674999997019768,0.4899599139639591,0.06340000033378601,0.7261191010475159,-0.025080813094973564,-0.659916877746582,0.3094500005245209,0.04910000041127205,0.454865761742721,1,2765,4.900693047312462,0.1895065527215487,5.23516845703125
0.02630000002682209,0.31235567388691937,0.03750000149011612,0.6850828528404236,0.20291945338249207,-0.6598639488220215,0.18299999833106995,0.03420000150799751,0.3112102555559014,1,3777,4.85376120696205,0.646481169893158,15.36953353881836
0.02539999969303608,0.4440244205021924,0.040449999272823334,0.7874171137809753,-0.011345638893544674,-0.7207937836647034,0.2493000030517578,0.029650000855326653,0.4229732353065724,1,3193,4.8844474102680895,0.015667208961562262,19.770177841186523
0.053449999541044235,0.46147782528131476,0.07729999721050262,0.6384634971618652,-0.08088486641645432,-0.6065657138824463,0.31564998626708984,0.06965000182390213,0.41680784099011575,1,3262,4.879333043050416,0.499756818372162,25.322118759155273
0.5561500191688538,0.3162975918545871,0.5323500037193298,0.05781272053718567,0.0,-0.041674163192510605,0.5786499977111816,0.5153999924659729,0.059518213639754916,1,3568,4.843833317657155,0.19806690965026408,29.138904571533203
0.023600000888109207,0.39431062584315923,0.03889999911189079,0.7766870856285095,-0.027325231581926346,-0.6962124109268188,0.21719999611377716,0.027300000190734863,0.38260576937337604,1,3176,4.863087406006042,0.4361430324022305,12.684674263000488
0.0421999990940094,0.29024702698037985,0.05460000038146973,0.573894739151001,-0.04833237826824188,-0.5478261113166809,0.18690000474452972,0.050599999725818634,0.27722034751023067,1,3710,4.8606806449624305,0.48005513075522455,28.382699966430664
0.04035000130534172,0.5312039149047374,0.06064999848604202,0.7458994388580322,-0.02300364524126053,-0.6851803660392761,0.32464998960494995,0.04724999889731407,0.4772336180164698,1,3241,4.893472764181629,0.23515013326507628,8.240455627441406
0.02889999933540821,0.46007053502142015,0.043049998581409454,0.7949820756912231,0.00012887641787528992,-0.7065939903259277,0.25040000677108765,0.028599999845027924,0.4270860174113468,1,3391,4.885951635920345,0.5749978084582481,34.544071197509766
0.04594999924302101,0.13000919026204522,0.05494999885559082,0.32014763355255127,-0.011230627074837685,-0.38978344202041626,0.12514999508857727,0.06445000320672989,0.13203304531300297,1,3729,4.875722901484999,0.35192897537075063,9.386100769042969
0.03880000114440918,0.3795058623455593,0.05640000104904175,0.6598591208457947,-0.04471046105027199,-0.6138308644294739,0.23569999635219574,0.04830000177025795,0.3585459088598128,1,2911,4.865494167049653,0.5513975353171714,30.6816349029541
0.039799999445676804,0.36099777464879634,0.04879999905824661,0.6608323454856873,-0.007070077117532492,-0.6279069781303406,0.2134999930858612,0.04360000044107437,0.33661338151644477,1,3637,4.880837268702672,0.6956157286031319,11.069378852844238
0.05739999935030937,0.37610149739138743,0.08630000054836273,0.5402531623840332,-0.016065847128629684,-0.5580025315284729,0.3041999936103821,0.09080000221729279,0.3576536185272415,1,2846,4.902798963225622,0.46197257081824794,9.240334510803223
0.03954999893903732,0.5048633894341127,0.05480000004172325,0.7533053159713745,0.001409641350619495,-0.6837397217750549,0.2917500138282776,0.04104999825358391,0.45154901285601334,1,3014,4.903400653486524,0.05071064376158718,27.42486572265625
0.022700000554323196,0.1108987050587732,0.026200000196695328,0.44811540842056274,0.0,-0.4961538314819336,0.07779999822378159,0.029649998992681503,0.11889867343420689,1,3890,4.8354096540045175,0.44967636822426016,8.339515686035156
0.0272000003606081,0.5003046192753544,0.0406000018119812,0.8204829096794128,0.01638561487197876,-0.7413188815116882,0.2732999920845032,0.02694999985396862,0.46176193947929867,1,3162,4.8609814900928825,0.5637619106696509,16.583887100219727
0.03680000081658363,0.5408558771976113,0.05429999902844429,0.7820989489555359,-0.027591854333877563,-0.7031975984573364,0.311599999666214,0.038100000470876694,0.4828174634892506,1,3096,4.895578680094789,0.4823096517661388,31.80780029296875
0.027550000697374344,0.39482446191323767,0.037950001657009125,0.7749210000038147,0.04525890573859215,-0.6945673823356628,0.21055001020431519,0.02669999934732914,0.37405902029515137,1,3383,4.895277834964338,0.2802858950383895,31.606014251708984
0.03125,0.36143194785077193,0.043549999594688416,0.7010329961776733,0.01441188808530569,-0.656410276889801,0.20995000004768372,0.03689999878406525,0.34755975403556905,1,3509,4.8657950121801035,0.28501833973727,16.153852462768555
0.03635000064969063,0.29396906029289144,0.048650000244379044,0.603891909122467,-0.003584757214412093,-0.5843656659126282,0.1854500025510788,0.04580000042915344,0.2864615416467229,1,3405,4.842329092004897,0.6842755719392507,18.162612915039062
0.03254999965429306,0.37711434962135865,0.04924999922513962,0.7028747797012329,-0.008989628404378891,-0.6350499987602234,0.22065000236034393,0.03849999979138374,0.3599091129276347,1,2775,4.908515020704198,0.5871995863661396,28.553617477416992
0.025100000202655792,0.4345245440938695,0.04129999876022339,0.7901004552841187,-0.0008610152290202677,-0.7068843245506287,0.24050000309944153,0.028200000524520874,0.41427084995587227,1,3260,4.8979854411384,0.5540083338114659,27.228290557861328
0.04450000077486038,0.42491268524855264,0.0674000009894371,0.6434460878372192,-0.008566456846892834,-0.6217733025550842,0.289000004529953,0.06270000338554382,0.3985558278288674,1,3280,4.877828817398159,0.5385904363919232,12.264415740966797
0.06560000032186508,0.3820940210969704,0.09160000085830688,0.5324103832244873,-0.04299507662653923,-0.5274696946144104,0.296099990606308,0.09035000205039978,0.3481583680867403,1,3126,4.903400653486524,0.6661744757133525,22.975404739379883
0.035999998450279236,0.35641754417174376,0.05220000073313713,0.6536312699317932,0.04199187085032463,-0.6192560195922852,0.22200000286102295,0.04650000110268593,0.34255042456699464,1,3444,4.86699839270191,0.5949674939477684,44.702022552490234
0.029400000348687172,0.40162018268845023,0.04659999907016754,0.7271068692207336,0.0052897329442203045,-0.6710201501846313,0.23669999837875366,0.03739999979734421,0.38619041283618094,1,3432,4.807242404395439,0.11812403407736449,30.84842300415039
0.035999998450279236,0.5217443544366736,0.053700000047683716,0.7803780436515808,-0.021658897399902344,-0.693493127822876,0.29670000076293945,0.03660000115633011,0.4681987261626238,1,3188,4.752575279469326,0.6008587483204845,34.22482681274414
0.02070000022649765,0.3458222482290867,0.02944999933242798,0.7663310766220093,-0.0074045080691576,-0.7298784852027893,0.18860000371932983,0.024949999526143074,0.3440193471701698,1,2846,4.890765158007567,0.3568311727475989,20.71500015258789
0.019899999722838402,0.2906506578623097,0.03215000033378601,0.718191385269165,-0.0032449669670313597,-0.6711838245391846,0.16339999437332153,0.026799999177455902,0.29687046466007266,1,2699,4.891066003138019,0.5447542593938722,8.492667198181152
0.31520000100135803,0.4080882042097497,0.3075999915599823,0.18551531434059143,0.0,-0.1609383523464203,0.42559999227523804,0.2924000024795532,0.16403939700652553,1,3186,4.89587952522524,0.2647785623514092,33.67283248901367
0.03200000151991844,0.5407351856849879,0.047200001776218414,0.8192715644836426,0.011719792149960995,-0.7249016165733337,0.2959499955177307,0.029399998486042023,0.4844308456440183,1,3226,4.839922330961286,0.3353038614360674,19.91785430908203
0.03060000017285347,0.37666998580252126,0.04699999839067459,0.6919413805007935,0.016052059829235077,-0.6618096828460693,0.2309499979019165,0.04205000028014183,0.36655885782541353,1,2788,4.883833956957379,0.2053919724336697,13.54053783416748
0.028999999165534973,0.42638102026625513,0.04170000180602074,0.7762906551361084,0.04310763254761696,-0.695564866065979,0.23225000500679016,0.029249999672174454,0.3998686882875274,1,3443,4.863689096266945,0.0913925734312474,27.353559494018555
0.07715000212192535,0.2922636821238136,0.0864500030875206,0.4469321668148041,0.0,-0.4199932813644409,0.21164999902248383,0.08089999854564667,0.24746072969156258,1,3409,4.87602374661545,0.08153917513051101,25.216938018798828
0.034299999475479126,0.45587506584487464,0.050200000405311584,0.7563226222991943,0.003001920646056533,-0.6731238961219788,0.2569499909877777,0.03564999997615814,0.4188114941986335,1,3306,4.879633888180868,0.4274223770272224,22.099443435668945
0.040699999779462814,0.5169157370794536,0.05635000020265579,0.7646523118019104,-0.0002986211911775172,-0.6751224994659424,0.29054999351501465,0.038750000298023224,0.4554443417862101,1,3361,4.879633888180867,0.5433388517595703,30.241548538208008
0.040150001645088196,0.46978367816708216,0.06674999743700027,0.6931537389755249,0.0,-0.643667459487915,0.30790001153945923,0.055799998342990875,0.4378256518095547,1,3819,4.898887976529754,0.43350585152492427,7.438049793243408
0.37514999508857727,0.4639024470018598,0.37689998745918274,0.18054364621639252,0.0,-0.155548095703125,0.515749990940094,0.3579999804496765,0.17224751276700062,1,3333,4.877227127137256,0.6220944137406603,26.2745361328125
0.023800000548362732,0.4292031783913111,0.03689999878406525,0.8010026812553406,-0.00010227847815258428,-0.7270710468292236,0.23350000381469727,0.025800000876188278,0.4103121328632111,1,3404,4.84924853000528,0.40197860952650943,38.33287048339844
0.031700000166893005,0.4947389656799134,0.04740000143647194,0.7787500023841858,-0.03775792568922043,-0.7144578695297241,0.28460001945495605,0.03539999946951866,0.4558536845748348,1,3135,4.90009135705156,0.0008833599856464813,20.167356491088867
0.42309999465942383,0.3692999001229991,0.41624999046325684,0.1242571622133255,0.0,-0.11105182021856308,0.5202500224113464,0.40525001287460327,0.12101017890926388,1,3468,4.814049649742471,0.36120867581784766,41.25544738769531
0.01720000058412552,0.23631505175507078,0.02590000070631504,0.7286258339881897,-0.010562485083937645,-0.6563847064971924,0.12484999746084213,0.019600000232458115,0.24497633083662482,1,2661,4.885650790789894,0.620468336615744,21.067598342895508
0.050700001418590546,0.5085571987893398,0.07824999839067459,0.6710337996482849,-0.061515774577856064,-0.6351981163024902,0.35074999928474426,0.06904999911785126,0.45939334744963745,1,3014,4.903701498616975,0.19803741439993516,7.437851428985596
0.030950000509619713,0.47418624945857546,0.052949998527765274,0.7629746794700623,-0.014909472316503525,-0.6805430054664612,0.27854999899864197,0.037450000643730164,0.4431985265819459,1,3206,4.898286286268851,0.27452626937353275,41.8574333190918
0.0515500009059906,0.48801666707183283,0.07935000211000443,0.6572694778442383,-0.06382372975349426,-0.6184178590774536,0.3365499973297119,0.06960000097751617,0.4418970317015114,1,3149,4.8844356472182815,0.3068098412777909,11.336624145507812
0.03400000184774399,0.5918018753116072,0.04989999905228615,0.8290169835090637,0.013394572772085667,-0.7361882328987122,0.32840001583099365,0.030700000002980232,0.5197881684457082,1,3156,4.903701498616975,0.3850121517420072,28.28727149963379
0.04399999976158142,0.5374687382466234,0.06650000065565109,0.715492308139801,-0.052325498312711716,-0.6847967505455017,0.35545000433921814,0.05894999951124191,0.4863845203074805,1,3039,4.903701498616975,0.47634633605689825,13.065091133117676
0.03139999881386757,0.45482522232620737,0.04639999940991402,0.7695244550704956,0.003030522493645549,-0.6920013427734375,0.2549000084400177,0.03319999948143959,0.42196423054852883,1,3500,4.882341494354929,0.23849919525370922,29.196035385131836
0.03500000014901161,0.39237999035223103,0.061500001698732376,0.645531415939331,0.10322311520576477,-0.6317365169525146,0.27250000834465027,0.05869999900460243,0.3858277324043867,1,4040,4.887756706703055,0.6506297671060952,0.0
0.024000000208616257,0.3813050860232301,0.034049998968839645,0.7596867084503174,-0.002081590238958597,-0.7248485088348389,0.21344999969005585,0.02914999984204769,0.37227309446027135,1,2995,4.898286286268851,0.042736335308695694,13.051899909973145
0.023250000551342964,0.2937921672405442,0.03815000131726265,0.6959919333457947,-0.021902818232774734,-0.6302399039268494,0.16820000112056732,0.030150000005960464,0.29652037135801795,1,2713,4.905506569399684,0.10067122656523775,17.075815200805664
0.05025000125169754,0.48263923382668766,0.06400000303983688,0.6929824352264404,0.021965760737657547,-0.6379066109657288,0.28949999809265137,0.05250000208616257,0.4222090189242712,1,3440,4.886252481050797,0.37426336008965744,30.3002872467041
0.03784999996423721,0.32990070958130363,0.06055000051856041,0.5988670587539673,-0.016964467242360115,-0.5770909786224365,0.22579999268054962,0.05665000155568123,0.3242699067752821,1,2629,4.900693047312462,0.08868082374443242,19.91670036315918
0.06589999794960022,0.3152540072761109,0.10339999943971634,0.45450085401535034,-0.05236898735165596,-0.4828707277774811,0.29649999737739563,0.1111999973654747,0.3062135084583954,1,2579,4.895578680094789,0.2979807072746904,12.0200834274292
0.052549999207258224,0.36399000415578137,0.06965000182390213,0.5787469744682312,-0.008271763101220131,-0.5626373291015625,0.2488500028848648,0.06640000641345978,0.3356945618959958,1,3486,4.850213043248213,0.2914626956822075,32.27014923095703
0.033900000154972076,0.32977214661082566,0.05184999853372574,0.6223958730697632,-0.030165405943989754,-0.6157836318016052,0.2180500030517578,0.0507499985396862,0.326417802092393,1,3728,4.870909379397777,0.5574114887012422,2.7802884578704834
0.05270000174641609,0.3470257716067388,0.07289999723434448,0.5615731477737427,0.17645059525966644,-0.5372897386550903,0.24220000207424164,0.06800000369548798,0.3225129544647222,1,3637,4.850752755657536,0.4284920335497452,35.468048095703125
0.03759999945759773,0.4348266588174825,0.05429999902844429,0.7135261297225952,-0.06410238146781921,-0.6520346403121948,0.25780001282691956,0.04309999942779541,0.40211014505049447,1,2906,4.817358946177435,0.6342256978548432,26.410947799682617
0.058400001376867294,0.4974330739197055,0.09205000102519989,0.6349983215332031,-0.0419834665954113,-0.5920673608779907,0.359250009059906,0.08020000159740448,0.4455532561023502,1,2959,4.898286286268851,0.6473769129175052,25.95282554626465
0.03269999846816063,0.3708916994453916,0.04010000079870224,0.7292426228523254,0.05704348534345627,-0.6680463552474976,0.20149999856948853,0.031550001353025436,0.3477593559124768,1,3560,4.892871073920727,0.5738654680172639,12.422167778015137
0.04919999837875366,0.5235290077970202,0.08240000158548355,0.6780200004577637,-0.003316044108942151,-0.6353175640106201,0.3695000112056732,0.07090000063180923,0.47628669738702745,1,2874,4.901294737573365,0.64725714930065,2.930767774581909
0.4020499885082245,0.25884403626527347,0.39660000801086426,0.09597127884626389,0.0,-0.08822344243526459,0.47334998846054077,0.39045000076293945,0.0911790457024452,1,3545,4.861583180353785,0.37621741906015627,37.79218673706055
0.04764999821782112,0.37998180396498593,0.06665000319480896,0.5892342925071716,-0.010310620069503784,-0.6110300421714783,0.27605000138282776,0.07135000079870224,0.36234363946863907,1,2748,4.884447410268089,0.3948560289845482,11.918169021606445
0.043549999594688416,0.47671588813685795,0.0674000009894371,0.6889736652374268,-0.03227534145116806,-0.6426299214363098,0.30979999899864197,0.05705000087618828,0.43735940155554565,1,2871,4.897985441138401,0.36424411664828815,3.8187737464904785
0.04475000128149986,0.39587966927396495,0.06620000302791595,0.6221625208854675,0.06935214251279831,-0.6079940795898438,0.2715499997138977,0.06324999779462814,0.3742812695393105,1,2943,4.880837268702674,0.35212868912935535,17.71213150024414
0.028300000354647636,0.3743609218350325,0.03750000149011612,0.7395659685134888,0.20762738585472107,-0.6949979662895203,0.20839999616146088,0.031199999153614044,0.35938344672181555,1,3826,4.8095252097358925,0.032861905979827744,23.14923858642578
0.040049999952316284,0.20847235409278783,0.056699998676776886,0.45418503880500793,0.09634087234735489,-0.4886133074760437,0.16504999995231628,0.06194999814033508,0.2127235256172073,1,3813,4.858262120869012,0.6608521506385184,37.66073226928711
0.03034999966621399,0.5395578401214891,0.043150000274181366,0.8045810461044312,0.011296357959508896,-0.7564554810523987,0.31119999289512634,0.03370000049471855,0.49266184383617334,1,3372,4.892570228790276,0.05232088369096044,21.64655876159668
0.030899999663233757,0.41814243495929615,0.041600000113248825,0.7525309324264526,0.019024623557925224,-0.6977842450141907,0.2337000072002411,0.032999999821186066,0.392656851847621,1,3594,4.868201773223715,0.40618340617849913,18.439342498779297
0.04084999859333038,0.4269139021568002,0.05620000138878822,0.7014467716217041,0.06616828590631485,-0.6327997446060181,0.2498999983072281,0.04385000094771385,0.3893858221472584,1,3301,4.854050289042693,0.2722419274502885,30.14853286743164
0.026499999687075615,0.4205867102130838,0.04280000180006027,0.7506198883056641,-0.02038886584341526,-0.7047257423400879,0.24709999561309814,0.03519999980926514,0.4063019245374564,1,2918,4.883544874876734,0.11283008350167134,25.22075843811035
0.03709999844431877,0.5888287760583173,0.0580499991774559,0.8056560754776001,-0.00796789862215519,-0.7059642672538757,0.3367999792098999,0.036249998956918716,0.5163793387018791,1,3052,4.885349945659442,0.4100586653922962,37.87181091308594
0.024949999526143074,0.37864016476634677,0.03310000151395798,0.7773867249488831,-0.0014594359090551734,-0.7184177041053772,0.20200000703334808,0.025299999862909317,0.3644300952048046,1,3101,4.851956136179341,0.6050660818273096,12.020110130310059
0.031599998474121094,0.5325074495614311,0.05009999871253967,0.8037397265434265,0.0005196906276978552,-0.7149765491485596,0.3014500141143799,0.03280000016093254,0.4830386742998418,1,3049,4.868263751075295,0.6437739551205486,21.04718780517578
0.05119999870657921,0.6311646637632796,0.08425000309944153,0.7592698335647583,0.011280559934675694,-0.6412985920906067,0.3855000138282776,0.05274999886751175,0.5319744371833875,1,3142,4.895277834964338,0.6931478666317539,42.52656555175781
0.05559999868273735,0.5302682589945039,0.09125000238418579,0.6636112332344055,-0.0233878493309021,-0.6099177002906799,0.3765999972820282,0.07615000009536743,0.47302544950989217,1,3084,4.895277834964337,0.28410421309799105,10.741066932678223
0.021549999713897705,0.3839874470705641,0.03020000085234642,0.8101065158843994,0.005791392643004656,-0.737277090549469,0.1996999979019165,0.02095000073313713,0.37205994069383325,1,3165,4.875722901484999,0.3071888180281659,7.826218605041504
0.02930000051856041,0.4382980489980961,0.049300000071525574,0.7541322112083435,-0.006431135348975658,-0.6756579279899597,0.2547000050544739,0.0357000008225441,0.41561235311909595,1,2887,4.897684596007949,0.48890219906788224,16.268850326538086
0.039000000804662704,0.46169741635916206,0.05739999935030937,0.7186147570610046,0.0402856208384037,-0.6576200723648071,0.27790001034736633,0.045499999076128006,0.4233665447137057,1,3336,4.813810782463598,0.04614952215022605,32.506290435791016
0.033900000154972076,0.524158033951141,0.05674999952316284,0.7702702879905701,-0.03553837537765503,-0.6941937208175659,0.3144000172615051,0.040800001472234726,0.4798877627383221,1,3045,4.885349945659443,0.49003014407203527,32.99704360961914
0.04064999893307686,0.3686008921790945,0.05510000139474869,0.6598074436187744,0.03540464863181114,-0.599126935005188,0.21979999542236328,0.045049998909235,0.34271425339914297,1,3297,4.877527972267708,0.17607951174683745,23.554466247558594
0.04969999939203262,0.5435005125442001,0.06885000318288803,0.739166796207428,0.02273641899228096,-0.6384877562522888,0.3120499849319458,0.046799998730421066,0.4632648155917072,1,3345,4.870006844006424,0.40682251482234244,57.160762786865234
0.03530000150203705,0.40896143821703484,0.048500001430511475,0.7304480075836182,-0.04836459830403328,-0.6490592956542969,0.22789999842643738,0.03550000116229057,0.3780455803663869,1,2968,4.715270483293356,0.09608587449350703,27.980270385742188
0.050200000405311584,0.4419703090522989,0.0807500034570694,0.6193082928657532,-0.017835287377238274,-0.602363646030426,0.3253999948501587,0.07649999856948853,0.4139594158387895,1,2823,4.903701498616976,0.40055538152611603,11.078383445739746
0.05000000074505806,0.21318386865803818,0.062449999153614044,0.42698249220848083,-0.007585414685308933,-0.46997666358947754,0.17319999635219574,0.06955000013113022,0.209323453473875,1,3693,4.875722901484999,0.6760260463584488,10.694026947021484
0.02449999935925007,0.43805475210483136,0.0377499982714653,0.8127791881561279,0.0006334218196570873,-0.7215049862861633,0.2333499938249588,0.02410000003874302,0.4143837787604543,1,3167,4.896180370355691,0.593384276421814,22.042280197143555
0.04154999926686287,0.43659671274121903,0.06224999949336052,0.693341851234436,-0.007206703536212444,-0.6189747452735901,0.2644999921321869,0.0478999987244606,0.3999261370854937,1,3460,4.901294737573365,0.3888017543000394,13.146309852600098
0.045049998909235,0.47456961228607125,0.06449999660253525,0.7145068645477295,-0.0019155123736709356,-0.6220887899398804,0.27684998512268066,0.04610000178217888,0.4205905346843002,1,3254,4.897383750877497,0.15809805136255894,38.4770622253418
0.042500000447034836,0.2948602837335875,0.05380000174045563,0.5799663662910461,0.15249520540237427,-0.5544513463973999,0.18770000338554382,0.04989999905228615,0.28023319660618984,1,3521,4.885650790789894,0.12574960393449375,40.78002166748047
0.03920000046491623,0.2668682855069625,0.057100001722574234,0.5245079398155212,0.13508214056491852,-0.5514532327651978,0.19750000536441803,0.06159999966621399,0.26854170359158425,1,3964,4.869705998875972,0.1645325458558221,7.882299900054932
0.04340000078082085,0.47921342563495556,0.06069999933242798,0.7010192275047302,-0.027784861624240875,-0.6638050079345703,0.3003999888896942,0.052799999713897705,0.43530237778314385,1,3154,4.875422056354548,0.19635456683853025,22.047605514526367
0.0625,0.3538245549280405,0.08380000293254852,0.5209380388259888,0.3963295817375183,-0.5294777750968933,0.27239999175071716,0.08579999953508377,0.326147740812825,1,3591,4.867600082962812,0.6294307361662372,42.79122543334961
0.02630000002682209,0.3791900011153527,0.03985000029206276,0.7496384978294373,-0.009397637099027634,-0.6832273602485657,0.21175000071525574,0.030300000682473183,0.3667879516697038,1,3255,4.887155016442152,0.14690653700544332,4.632850646972656
0.0361500009894371,0.18724208385790556,0.04830000177025795,0.4453125,-0.020941980183124542,-0.5078960657119751,0.14800000190734863,0.0568000003695488,0.1940976189908618,1,3797,4.806204150251119,0.1320418674317395,4.983006477355957
0.025200000032782555,0.32265892031822074,0.038100000470876694,0.6774193644523621,-0.04123764485120773,-0.6767076849937439,0.19760000705718994,0.03799999877810478,0.3254486276774593,1,2623,4.88023557844177,0.1458890971430129,2.7837002277374268
0.05130000039935112,0.561389491110754,0.09120000153779984,0.6933648586273193,-0.035441480576992035,-0.6243048310279846,0.39430001378059387,0.0714000016450882,0.5015532882535538,1,2909,4.895277834964338,0.38379365861271264,6.530082702636719
0.02800000086426735,0.3786600287867087,0.0406000018119812,0.7445043325424194,-0.007907216437160969,-0.676365077495575,0.2102999985218048,0.030799999833106995,0.3633112921747751,1,3420,4.872100996869776,0.22304450772871887,27.513381958007812
0.03700000047683716,0.3733139692941215,0.05050000175833702,0.6546310782432556,0.014513090252876282,-0.648878812789917,0.23714999854564667,0.0494999997317791,0.35781478273331707,1,3481,4.887455861572602,0.05007537312522492,27.55076026916504
0.03550000116229057,0.5337650453880071,0.06520000100135803,0.7542483806610107,0.26150256395339966,-0.6745694875717163,0.33550000190734863,0.04699999839067459,0.49036827776642483,1,2752,4.870006844006423,0.035925873669722774,40.372432708740234
0.03254999965429306,0.4522037344855294,0.04455000162124634,0.754611611366272,0.0025883205235004425,-0.7066666483879089,0.25920000672340393,0.036249998956918716,0.4204224140569399,1,3142,4.86489247678875,0.014378506377157985,34.4980354309082
0.04154999926686287,0.40294057088483604,0.06350000202655792,0.6436097025871277,-0.05438271164894104,-0.6181599497795105,0.26910001039505005,0.05835000053048134,0.3820472664484666,1,2840,4.889862622616214,0.5239528317793518,4.62953519821167
0.02669999934732914,0.34951227242319144,0.03629999980330467,0.7423791289329529,0.005999486427754164,-0.6792578101158142,0.19005000591278076,0.028099998831748962,0.3382649989788197,1,3187,4.8766254368763535,0.5685170803764688,11.929007530212402
0.04349999874830246,0.2840333711582044,0.0617000013589859,0.5238950848579407,-0.04808657616376877,-0.5492237210273743,0.21205000579357147,0.06624999642372131,0.2809970620990909,1,2775,4.870006844006424,0.6092660629741641,13.540416717529297
0.03644999861717224,0.47185654815145994,0.050200000405311584,0.7599332332611084,0.018740804865956306,-0.6800000071525574,0.2635500133037567,0.03595000132918358,0.4270169002043114,1,3425,4.896180370355691,0.5683810751787494,17.314491271972656
0.033399999141693115,0.5692668924843942,0.05355000123381615,0.8033143281936646,0.0140959732234478,-0.7221429347991943,0.3319000005722046,0.03620000183582306,0.5109434360951577,1,3391,4.885349945659443,0.12189790540215917,37.85370635986328
0.5422999858856201,0.42331754122666404,0.5103499889373779,0.0661739706993103,0.0,-0.042315609753131866,0.5554499626159668,0.48649999499320984,0.06707412969127599,1,3743,4.818624304550823,0.29183854903592465,34.24759292602539
0.03334999829530716,0.4044626111356613,0.05040000006556511,0.7050498127937317,-0.0033143782056868076,-0.6575505137443542,0.2439499944448471,0.0421999990940094,0.3849456153576868,1,3250,4.87812966252861,0.4426453185805209,31.168888092041016
0.0393499992787838,0.36343321153012764,0.06159999966621399,0.6435251832008362,-0.0477106049656868,-0.5752456784248352,0.2284500002861023,0.049550000578165054,0.3449228782311058,1,3031,4.875422056354547,0.594335581369947,44.67832565307617
0.029750000685453415,0.5318708945359691,0.04764999821782112,0.8094096183776855,0.010344225913286209,-0.7273637652397156,0.3018999993801117,0.03180000185966492,0.4859661696991492,1,3070,4.903701498616975,0.4314540482113359,33.088951110839844
0.026100000366568565,0.5268496289506022,0.04820000007748604,0.8094677925109863,0.008840504102408886,-0.7291374206542969,0.3077000081539154,0.03240000084042549,0.49154863295926543,1,2925,4.83601134426542,0.25126757573462466,42.35591125488281
0.026249999180436134,0.3606502082025834,0.04050000011920929,0.7370004057884216,0.0,-0.6661170721054077,0.2020999938249588,0.03060000017285347,0.35109866600998785,1,3309,4.876625436876354,0.24747422376754769,10.730244636535645
0.04749999940395355,0.42751925957535664,0.06830000132322311,0.6410698890686035,-0.025008097290992737,-0.6136877536773682,0.28529998660087585,0.06239999830722809,0.39442018213167396,1,2896,4.906108259660587,0.11917335830087228,11.153385162353516
0.3425000011920929,0.2508088817204641,0.33454999327659607,0.11088608205318451,0.0,-0.10314320027828217,0.4114999771118164,0.3293500244617462,0.09930686933863053,1,3428,4.877828817398159,0.3596173728249126,46.64806365966797
0.02930000051856041,0.5511700945662198,0.045099999755620956,0.8305797576904297,0.01564105786383152,-0.7421383857727051,0.30469998717308044,0.028200000524520874,0.4979589219581325,1,2385,4.864579868608491,0.23805006743299806,38.824462890625
0.03669999912381172,0.30876682885606144,0.05920000001788139,0.5721358060836792,0.13707521557807922,-0.5793960690498352,0.2222999930381775,0.060499999672174454,0.3100408690714018,1,3959,4.884748255398541,0.47379670385974804,11.035663604736328
0.030150000005960464,0.4616070356807662,0.04989999905228615,0.7618969678878784,-0.005990740843117237,-0.6873922944068909,0.26934999227523804,0.036400001496076584,0.4336642741171586,1,3292,4.866384939391199,0.09084028049081838,17.13799285888672
0.04230000078678131,0.21901815911963696,0.05299999937415123,0.4620334208011627,-0.000940931320656091,-0.5255147814750671,0.1703999936580658,0.06270000338554382,0.22036555184868306,1,3869,4.809035712128339,0.36721691377538557,12.020064353942871
0.029249999672174454,0.4202392580172359,0.04610000178217888,0.7444603443145752,0.0053940629586577415,-0.6822333335876465,0.24404999613761902,0.035750001668930054,0.40067965193883637,1,3385,4.845638388439863,0.2766695344329736,28.23581886291504
0.04780000075697899,0.3118565437422361,0.0694499984383583,0.5250551700592041,-0.06751370429992676,-0.5539498925209045,0.24195000529289246,0.07535000145435333,0.30576288228894083,1,3025,4.90009135705156,0.46884121324186756,17.196514129638672
0.042899999767541885,0.44608314025077456,0.061500001698732376,0.6740955114364624,0.0012693017488345504,-0.6492728590965271,0.2892000079154968,0.056299999356269836,0.41318747467089006,1,3323,4.889862622616214,0.42351325836785836,29.46013641357422
0.04619999974966049,0.44111842264671897,0.06920000165700912,0.6676629185676575,-0.04602758213877678,-0.6025273203849792,0.27900001406669617,0.05559999868273735,0.4015097267636193,1,2870,4.903099808356073,0.08299065597793132,26.533836364746094
0.053599998354911804,0.35488060161082513,0.07145000249147415,0.5618187785148621,0.008084705099463463,-0.5564866662025452,0.25075000524520874,0.07034999877214432,0.3295579203332677,1,2952,4.891066003138018,0.45988406981121577,11.036397933959961
0.031150000169873238,0.5704666367523086,0.051100000739097595,0.8062015771865845,0.012306286953389645,-0.737241268157959,0.33785000443458557,0.036249998956918716,0.5175609271950465,1,3239,4.900693047312462,0.047002645887152084,18.69426155090332
0.03310000151395798,0.3924390887296209,0.05480000004172325,0.6738055944442749,-0.019910737872123718,-0.6450777053833008,0.2540000081062317,0.0494999997317791,0.38176728011124184,1,2925,4.910921781747808,0.47234316225394324,11.648837089538574
0.09099999815225601,0.3928984954417041,0.11490000039339066,0.47595882415771484,0.0,-0.47897064685821533,0.32615000009536743,0.11580000072717667,0.3349700077252068,1,3355,4.908515020704198,0.418250377706085,28.993539810180664
0.03189999982714653,0.3996992897388588,0.04729999974370003,0.732211172580719,0.007619697134941816,-0.6543660759925842,0.2264000028371811,0.03500000014901161,0.37706856173660996,1,3493,4.856468813136113,0.643038897253762,19.262895584106445
0.33550000190734863,0.23041183433385706,0.3274500072002411,0.10376566648483276,0.0,-0.09437872469425201,0.39569997787475586,0.3212999999523163,0.09170087832122951,1,3885,4.898286286268851,0.32920300040759254,8.498357772827148
0.04430000111460686,0.31165253648021324,0.056299999356269836,0.5997474789619446,-0.057798855006694794,-0.5429267287254333,0.19005000591278076,0.04755000025033951,0.28979122384441935,1,3367,4.875121211224096,0.03741976267237368,28.41086196899414
0.03754999861121178,0.28309751056601135,0.050850000232458115,0.579194188117981,-0.03711480274796486,-0.5691590905189514,0.18520000576972961,0.04935000091791153,0.2774147511026844,1,3523,4.8198276850726245,0.42389810040554254,25.04390525817871
0.03959999978542328,0.44969322897271097,0.05609999969601631,0.7198035717010498,0.12334339320659637,-0.6480551958084106,0.26269999146461487,0.04280000180006027,0.40949719088135134,1,3408,4.860379799831981,0.016959112717823133,28.866796493530273
0.03514999896287918,0.520273209318746,0.057100001722574234,0.7551690936088562,-0.0729558914899826,-0.6975235342979431,0.3204500079154968,0.04470000043511391,0.4780962922362346,1,3160,4.895879525225241,0.18783841479797025,12.42778205871582
0.4289500117301941,0.24798862150663314,0.41084998846054077,0.0755075216293335,0.0,-0.06454920768737793,0.46755000948905945,0.4018999934196472,0.07190844784034303,1,3730,4.898286286268851,0.04566957601551225,18.463695526123047
0.033250000327825546,0.11131491159068266,0.03725000098347664,0.3685009479522705,0.0,-0.41522762179374695,0.09014999866485596,0.041600000113248825,0.11527502646341861,1,3916,4.842028246874448,0.5384779551926676,24.43777084350586
0.04190000146627426,0.5873684961740345,0.07779999822378159,0.7359381914138794,-0.04614100605249405,-0.6772453784942627,0.4043000042438507,0.061500001698732376,0.5324083667982984,1,2685,4.903099808356073,0.27699307560223985,3.704791784286499
0.04560000076889992,0.2746743230321191,0.06255000084638596,0.5092406272888184,0.029829971492290497,-0.5345116257667542,0.2062000036239624,0.06704999506473541,0.269932121814165,1,3703,4.870307689136875,0.004525931869772903,28.98525047302246
0.03344999998807907,0.4474654318930957,0.05530000105500221,0.7312711477279663,6.236348417587578e-05,-0.6585893034934998,0.26864999532699585,0.04170000180602074,0.4200962441980276,1,3102,4.905506569399684,0.03030924262952095,14.12071418762207
0.0750499963760376,0.4183356312471165,0.09160000085830688,0.5439532399177551,0.0,-0.5367302894592285,0.303849995136261,0.08974999934434891,0.3593889835177665,1,3388,4.86489247678875,0.6614925505143731,6.537526607513428
0.029899999499320984,0.5661139643754418,0.05130000039935112,0.8177271485328674,-0.00982044916599989,-0.7288583517074585,0.32710000872612,0.03280000016093254,0.5133736577339254,1,3095,4.890464312877116,0.3103942381587895,31.1489315032959
0.020600000396370888,0.28116253595317164,0.030950000509619713,0.7117165923118591,-0.0062736510299146175,-0.6707446575164795,0.1570499986410141,0.02645000070333481,0.2866130169633315,1,2545,4.908515020704198,0.5726202261403618,4.631196022033691
0.027799999341368675,0.43776026894557807,0.043949998915195465,0.7743275165557861,-0.03900099918246269,-0.696530282497406,0.24570000171661377,0.03125,0.4140227837881504,1,3318,4.877828817398159,0.2946929062453624,10.458166122436523
0.039500001817941666,0.5730850806448649,0.06800000369548798,0.7641229033470154,-0.013288873247802258,-0.6792452931404114,0.35600000619888306,0.047600001096725464,0.5119521955713077,1,3307,4.89557868009479,0.04217565133269474,22.98427391052246
0.02785000018775463,0.3365861956049049,0.03970000147819519,0.7052445411682129,-0.004332312382757664,-0.6582741737365723,0.19265000522136688,0.0333000011742115,0.3292582188372978,1,3391,4.821269932873303,0.680437877088343,22.199848175048828
0.031950000673532486,0.46050902582778613,0.051600001752376556,0.7623828649520874,-0.020562872290611267,-0.6722769141197205,0.26330000162124634,0.03550000116229057,0.427766649346181,1,3214,4.89347276418163,0.28473376899704206,6.472580432891846
0.0406000018119812,0.5694787348976003,0.061900001019239426,0.7716823220252991,0.010283553041517735,-0.6912718415260315,0.3391000032424927,0.043699998408555984,0.501925698258044,1,3275,4.895578680094789,0.1858303874223527,34.60739517211914
0.034699998795986176,0.39834327792369795,0.054099999368190765,0.6992159485816956,-0.01146651804447174,-0.6300854682922363,0.23839999735355377,0.0421999990940094,0.37701767708000006,1,3537,4.836613034526323,0.5729948420743801,17.643945693969727
0.024700000882148743,0.2357787706458533,0.030150000005960464,0.6600315570831299,0.0,-0.6266253590583801,0.13134999573230743,0.026900000870227814,0.238017460086252,1,3940,4.81944133599098,0.3457369502098555,35.106117248535156
0.03759999945759773,0.40402327101199903,0.05510000139474869,0.6561446785926819,-0.0009458126733079553,-0.6612358093261719,0.2702000141143799,0.05609999969601631,0.3886603125499122,1,2855,4.89587952522524,0.6557296016294187,27.978853225708008
0.04659999907016754,0.49270581004658465,0.0693499967455864,0.7070735692977905,-0.004349264316260815,-0.623711347579956,0.2992500066757202,0.051350001245737076,0.43716200879616096,1,3188,4.8979854411384,0.006775569127623227,21.40029525756836
0.029899999499320984,0.3951399164520826,0.045499999076128006,0.7347959876060486,0.01150621846318245,-0.6640206575393677,0.22534999251365662,0.034449998289346695,0.3768754867104337,1,3250,4.908214175573746,0.5994159806157718,15.789265632629395
0.04800000041723251,0.5012103228500341,0.07840000092983246,0.6711153388023376,-0.01195113081485033,-0.6344988346099854,0.350600004196167,0.0689999982714653,0.45933015197215593,1,2904,4.873015295310936,0.22181104041774613,4.71881103515625
0.051350001245737076,0.28181185740557557,0.0625,0.5168148279190063,0.0,-0.5168148279190063,0.19619999825954437,0.0625,0.2643337259119252,1,3950,4.905807414530135,0.14692742780695756,32.95621109008789
0.04104999825358391,0.19967591460180573,0.05104999989271164,0.4587313234806061,-0.014113699086010456,-0.4893723428249359,0.14890000224113464,0.05525000020861626,0.19949584969120562,1,3726,4.81892514968127,0.23176003778086396,4.982968807220459
0.06120000034570694,0.44514679439476257,0.09019999951124191,0.5930105447769165,-0.07782858610153198,-0.5688336491584778,0.32819998264312744,0.08385000377893448,0.40186938627580404,1,3182,4.898286286268851,0.5614720006295897,11.933345794677734
0.024250000715255737,0.539958692509963,0.04154999926686287,0.8431312441825867,0.0001360554451821372,-0.7568398118019104,0.3001999855041504,0.025550000369548798,0.49891006327539333,1,3004,4.890765158007568,0.42781346871400705,13.146230697631836
0.041200000792741776,0.3953421526341986,0.06530000269412994,0.6159014701843262,-0.05895061790943146,-0.6309691667556763,0.28859999775886536,0.06859999895095825,0.3849743344359474,1,2882,4.888659242094407,0.5867721605547905,22.846126556396484
0.038750000298023224,0.3855764306318798,0.054749999195337296,0.6671352982521057,0.008784664794802666,-0.624871551990509,0.23714999854564667,0.04735000059008598,0.36290630624217857,1,3562,4.874820366093647,0.10793379348735443,20.517065048217773
0.03020000085234642,0.4315753856536609,0.04179999977350235,0.7788829207420349,0.020262252539396286,-0.6952242255210876,0.23250000178813934,0.02889999933540821,0.4011032351305991,1,2962,4.885650790789895,0.6314374117242237,16.02374839782715
0.053599998354911804,0.564654530696581,0.0925000011920929,0.6952884197235107,-0.004559778142720461,-0.6125654578208923,0.38499999046325684,0.06920000165700912,0.49643679220410974,1,2852,4.893171919051178,0.37671631754350865,23.64030647277832
0.033799998462200165,0.4124212135380111,0.051500000059604645,0.7037037014961243,0.018895715475082397,-0.6604582071304321,0.2518500089645386,0.043800000101327896,0.39222649373335383,1,2968,4.886252481050797,0.3391295858510208,42.35056686401367
0.028300000354647636,0.47736931878812383,0.04500000178813934,0.774264931678772,-0.012651520781219006,-0.7235872149467468,0.28060001134872437,0.0357000008225441,0.4500183882297878,1,3027,4.898887976529754,0.014480135040113362,16.27079200744629
0.054099999368190765,0.3119965436378732,0.07485000044107437,0.5169270634651184,0.0002008769370149821,-0.5137242078781128,0.2329999953508377,0.07419999688863754,0.29509415260578015,1,3444,4.828791061134588,0.28246805728793123,29.479650497436523
0.0523499995470047,0.5405998060118882,0.07625000178813934,0.7024649977684021,-0.028363598510622978,-0.636775016784668,0.34360000491142273,0.06004999950528145,0.4706744934768793,1,2983,4.897684596007949,0.6393184618609831,38.4584846496582
0.05144999921321869,0.39972839340828237,0.07729999721050262,0.589764416217804,-0.013044553808867931,-0.5831198692321777,0.2935500144958496,0.07575000077486038,0.3758196420596469,1,3097,4.893472764181629,0.3395134365436586,16.92011070251465
0.03889999911189079,0.2024339413239592,0.05480000004172325,0.43969205021858215,0.16042102873325348,-0.5087404847145081,0.16830000281333923,0.06549999862909317,0.21013901059315587,1,3943,4.854663742353405,0.0043189883161665055,18.868865966796875
0.03700000047683716,0.4596358133153905,0.05490000173449516,0.7332904934883118,-0.008028406649827957,-0.6617375016212463,0.26969999074935913,0.04150000214576721,0.4219674382438526,1,3140,4.867900928093263,0.5074077624193214,35.1138801574707
0.03254999965429306,0.2777952877193164,0.04349999874830246,0.6051247119903564,0.00942380353808403,-0.6025582551956177,0.1754000037908554,0.043150000274181366,0.27607682715572834,1,3254,4.890163467746665,0.5886566526744166,5.630047798156738
0.4618000090122223,0.13817409234765554,0.4415999948978424,0.03838540241122246,0.0,-0.03332787752151489,0.4720500111579895,0.4371500015258789,0.037148746790360544,1,3926,4.888358396963956,0.17111231507278546,31.632675170898438
0.059050001204013824,0.43023277124918513,0.08349999785423279,0.5860287547111511,-0.03863869607448578,-0.5885686278343201,0.3224000036716461,0.08415000140666962,0.3942143305890684,1,2905,4.900392202182011,0.10235234532606219,39.88929748535156
0.032999999821186066,0.4274436947645583,0.049300000071525574,0.735650360584259,0.016049928963184357,-0.6674536466598511,0.24719999730587006,0.03765000030398369,0.400490535083214,1,3183,4.863689096266945,0.25632767198127193,22.241512298583984
0.04255000129342079,0.20333422511660088,0.056299999356269836,0.44381895661354065,0.0,-0.48014774918556213,0.16030000150203705,0.06175000220537186,0.20472958685130047,1,3791,4.865193321919202,0.08447297631632034,21.311491012573242
0.05460000038146973,0.47970215376064784,0.08709999918937683,0.6329824328422546,0.0,-0.6005961298942566,0.34904998540878296,0.07845000177621841,0.4376280119213468,1,4171,4.896180370355691,0.010246318153277478,28.219074249267578
0.03830000013113022,0.36268258509195317,0.0551999993622303,0.6541743874549866,-0.03936171159148216,-0.6030204892158508,0.22290000319480896,0.04659999907016754,0.3436647243776083,1,2759,4.882943184615833,0.3686231927824155,13.892499923706055
0.042500000447034836,0.5294874139742485,0.07209999859333038,0.7204999923706055,-0.023744875565171242,-0.6535319685935974,0.3440999984741211,0.05590000003576279,0.48033333152587765,1,2852,4.871800151739325,0.3304311116380625,30.073657989501953
0.02759999968111515,0.35666244809772374,0.039500001817941666,0.7236673831939697,-0.019301045686006546,-0.6730132102966309,0.2020999938249588,0.03240000084042549,0.3465622754602812,1,3194,4.877828817398159,0.13513410183544206,24.180702209472656
0.028550000861287117,0.33935116300470053,0.039500001817941666,0.7056620121002197,0.006840551272034645,-0.6610169410705566,0.1935499906539917,0.033399999141693115,0.3304560019816013,1,3240,4.888057551833504,0.3922830163883705,20.297504425048828
0.03200000151991844,0.37378520519818137,0.04479999840259552,0.7047768235206604,-0.002549827564507723,-0.6586666703224182,0.21770000457763672,0.037700001150369644,0.3574265330865226,1,3406,4.832401202700003,0.21521000059725004,20.773557662963867
0.03660000115633011,0.4420882864421296,0.054999999701976776,0.7347990274429321,0.4561806917190552,-0.642276406288147,0.2524999976158142,0.038600001484155655,0.4055745096226989,1,3171,4.883544874876734,0.008011707889328146,24.22323226928711
0.034299999475479126,0.618729731806157,0.056299999356269836,0.8233502507209778,-0.0559689886868,-0.7290012240409851,0.35920000076293945,0.03480000048875809,0.5442953017113858,1,3237,4.905807414530135,0.1457819386671515,38.629783630371094
0.030400000512599945,0.4651999517567363,0.052299998700618744,0.7533469796180725,-0.013516562059521675,-0.6836055517196655,0.2782999873161316,0.03914999961853027,0.43883416389983326,1,2660,4.862786560875591,0.11773018672733826,15.788944244384766
0.06894999742507935,0.5303975937072664,0.11079999804496765,0.6187531352043152,-0.07153558731079102,-0.5709583759307861,0.4056999981403351,0.09555000066757202,0.46464419152363906,1,2997,4.906108259660587,0.20826096129627503,25.778827667236328
0.30684998631477356,0.5320559200669832,0.2868500053882599,0.21262109279632568,0.0,-0.16552725434303284,0.4006499946117401,0.2601499855518341,0.18155583837980524,1,3376,4.910921781747808,0.39143231334111006,22.848669052124023
0.031700000166893005,0.3987091966346824,0.039799999445676804,0.7428797483444214,0.05013059452176094,-0.693963885307312,0.22030000388622284,0.032499998807907104,0.37420298433756927,1,3846,4.854964587483856,0.6393962761557384,11.47582721710205
0.039250001311302185,0.4181904086587124,0.06064999848604202,0.6627627611160278,-0.04513592645525932,-0.6405925750732422,0.27684998512268066,0.05615000054240227,0.39741894665952604,1,2617,4.885650790789894,0.2655254927541383,19.306915283203125
0.030400000512599945,0.5655132448059246,0.04554999992251396,0.8371713161468506,0.018516944721341133,-0.7431632280349731,0.30915001034736633,0.027400000020861626,0.5051999405316225,1,3201,4.892871073920727,0.5751961239843673,38.04528045654297
0.03720000013709068,0.2986814786158727,0.04729999974370003,0.6083765029907227,-0.007391117978841066,-0.5949475765228271,0.1862500011920929,0.04535000026226044,0.2888873714797764,1,2655,4.8841465651376375,0.43396715386143814,4.724647521972656
0.04755000025033951,0.4384757989367042,0.07320000231266022,0.6484386324882507,-0.038588717579841614,-0.5987392067909241,0.2916499972343445,0.062199998646974564,0.40308602159774853,1,2470,4.885349945659444,0.2821687569196425,4.982975482940674
0.02645000070333481,0.30731340282883496,0.03894999995827675,0.6932367086410522,0.006213801447302103,-0.6363211870193481,0.17524999380111694,0.03175000101327896,0.3044554324760146,1,3301,4.887455861572603,0.20921057264918053,3.3431150913238525
0.03454999998211861,0.5557409916721857,0.05270000174641609,0.7988148927688599,0.0006086226203478873,-0.7162471413612366,0.3187500238418579,0.03564999997615814,0.49701547748200736,1,3173,4.898286286268851,0.13822729182061344,32.41260528564453
0.037450000643730164,0.569693685872731,0.05445000156760216,0.802225649356842,-0.027303379029035568,-0.7090569138526917,0.31984999775886536,0.035100001841783524,0.4995906124043919,1,3360,4.871811914789132,0.5096788723042164,35.367103576660156
0.021150000393390656,0.44346169497725124,0.03460000082850456,0.8229483366012573,0.013785126619040966,-0.7479052543640137,0.23989999294281006,0.02329999953508377,0.4257075384090759,1,3186,4.888057551833505,0.16604387350338345,22.11677360534668
0.02604999952018261,0.35973542542926623,0.04024999961256981,0.7295929193496704,0.17755019664764404,-0.6717634797096252,0.20499999821186066,0.0320499986410141,0.35197747841257315,1,3481,4.852256981309793,0.41028826457874723,31.803241729736328
0.031599998474121094,0.4321085481052398,0.04969999939203262,0.7318548560142517,-0.0010748718632385135,-0.6766428351402283,0.25769999623298645,0.039900001138448715,0.4096038035587723,1,3355,4.87812966252861,0.11455686601032167,2.9307591915130615
0.04235000163316727,0.3735444027814236,0.059950001537799835,0.6285046935081482,0.028504667803645134,-0.6054623126983643,0.2439499944448471,0.055649999529123306,0.35323911268411085,1,3342,4.835097045824258,0.06741813653426076,35.722267150878906
0.43915000557899475,0.38725398338038464,0.4262999892234802,0.11535356938838959,0.0,-0.09758677333593369,0.5184999704360962,0.4112499952316284,0.11251964795926364,1,3291,4.865494167049654,0.47916016429247443,32.213409423828125
0.041099999099969864,0.47911302332282824,0.05900000035762787,0.7272449731826782,-0.0001109241638914682,-0.6547183990478516,0.2827500104904175,0.04464999958872795,0.4316533865141854,1,3176,4.891066003138018,0.023738003315343037,22.852294921875
0.032099999487400055,0.45917965306147773,0.0531499981880188,0.7452574372291565,-0.038174159824848175,-0.6747743487358093,0.2736999988555908,0.03995000198483467,0.43092852571003615,1,2883,4.903400653486524,0.27953186864112356,38.02462387084961
0.0272000003606081,0.37979822743906744,0.039000000804662704,0.760376513004303,-0.00812604185193777,-0.6812423467636108,0.20569999516010284,0.02800000086426735,0.3632956152215921,1,3387,4.834268251334291,0.5318537309345585,22.449016571044922
0.050999999046325684,0.49442000119095725,0.07015000283718109,0.6825013160705566,-0.046432409435510635,-0.6342543959617615,0.3134499788284302,0.05914999917149544,0.43714185090826885,1,2960,4.905506569399684,0.5945381870588284,29.386577606201172
0.02669999934732914,0.24026088154039166,0.036249998956918716,0.6200394034385681,0.0,-0.5975576043128967,0.14390000700950623,0.03375000134110451,0.24382056587700426,1,3745,4.84052402122219,0.1611400184579589,10.462424278259277
0.18449999392032623,0.39882227347980603,0.21105000376701355,0.3232104182243347,0.008924689143896103,-0.28735437989234924,0.3812499940395355,0.19499999284744263,0.2595818863572983,1,2803,4.908214175573746,0.34895218176467946,9.768702507019043
0.03804999962449074,0.4251533890845382,0.0588500015437603,0.6971484422683716,-0.030213410034775734,-0.6295830011367798,0.258899986743927,0.04619999974966049,0.3962861580472042,1,3112,4.882943184615832,0.6749147032635039,31.00242805480957
0.041999999433755875,0.4516319239048899,0.06064999848604202,0.7071849703788757,0.013398920185863972,-0.6308019757270813,0.2678999900817871,0.04594999924302101,0.4090741421946232,1,3398,4.894074454442531,0.3408103671967446,15.505064964294434
0.028699999675154686,0.4724538642759586,0.04050000011920929,0.7991660833358765,-0.002350355964154005,-0.7294589281082153,0.258899986743927,0.02889999933540821,0.4379283919891248,1,3362,4.870909379397777,0.3415789721554384,26.570707321166992
0.06194999814033508,0.5323124115574497,0.10400000214576721,0.6433470249176025,-0.04976312816143036,-0.5783926248550415,0.3893499970436096,0.08449999988079071,0.4695538298386692,1,3153,4.898887976529753,0.5362702536159376,27.61573028564453
0.043299999088048935,0.4523128555654657,0.0694499984383583,0.6614848375320435,-0.06866508722305298,-0.6338956356048584,0.30994999408721924,0.06315000355243683,0.4240063988122489,1,2775,4.89347276418163,0.17343521626913005,6.663819789886475
0.03790000081062317,0.49990171150632234,0.05999999865889549,0.7468428611755371,0.40132829546928406,-0.6642417311668396,0.29739999771118164,0.04309999942779541,0.4538370002659339,1,3385,4.890464312877116,0.09711321630196545,29.235036849975586
0.04969999939203262,0.4745230791664652,0.07964999973773956,0.6451729536056519,-0.0508270300924778,-0.6215252876281738,0.3412500023841858,0.07360000163316727,0.43884243249007243,1,2884,4.903701498616975,0.1188052019882585,40.94807052612305
0.37700000405311584,0.23592556118492947,0.36340001225471497,0.08651725202798843,0.0,-0.07159733772277832,0.41944998502731323,0.3526500165462494,0.07876735523752096,1,2975,4.863388251136494,0.1252486174913927,31.632568359375
0.0364999994635582,0.33299218955046483,0.05640000104904175,0.6123778223991394,-0.013114473782479763,-0.5959161520004272,0.2227499932050705,0.05355000123381615,0.32693544992271883,1,2582,4.892570228790276,0.03727208650508962,4.630913257598877
0.03344999998807907,0.3995661855690585,0.04430000111460686,0.7399085164070129,0.10216932743787766,-0.6631819009780884,0.21875,0.03269999846816063,0.3713819986248674,1,3453,4.846240078700765,0.2887389890469977,27.074161529541016
0.03959999978542328,0.24055116436871418,0.059300001710653305,0.4815100431442261,0.03036409430205822,-0.5286168456077576,0.1923000067472458,0.06729999929666519,0.24684045508687358,1,4064,4.839922330961287,0.046056681708715796,17.284820556640625
0.048900000751018524,0.5151330726952129,0.0731000006198883,0.708462655544281,-0.060406558215618134,-0.6246951818466187,0.31644999980926514,0.05400000140070915,0.4522660659033876,1,2721,4.898286286268851,0.22259010059049422,12.720587730407715
0.04149999842047691,0.5436127984081411,0.06485000252723694,0.7411764860153198,-0.015259183011949062,-0.6799505949020386,0.34039998054504395,0.050599999725818634,0.48787876639087,1,3095,4.898286286268852,0.059013259911649296,43.92949295043945
0.04280000180006027,0.6917666708581343,0.07519999891519547,0.796053946018219,-0.03370284661650658,-0.7114628553390503,0.4460499882698059,0.05065000057220459,0.5950636983908062,1,2862,4.898286286268851,0.03612216044397765,26.178129196166992
0.06055000051856041,0.4349926986889553,0.08829999715089798,0.5792675614356995,-0.014621966518461704,-0.5852025747299194,0.3374499976634979,0.08990000188350677,0.4004151548513214,1,3312,4.888057551833506,0.5977247239984981,16.62059211730957
0.01940000057220459,0.31890611906343846,0.032099999487400055,0.7322534322738647,0.15911716222763062,-0.6998597383499146,0.1817999929189682,0.02810000069439411,0.3247640377673072,1,3464,4.819464862090594,0.15045792078956588,28.665546417236328
0.0272000003606081,0.3649720106881618,0.03929999843239784,0.7405893802642822,0.012969505973160267,-0.6746689081192017,0.20229999721050262,0.030150000005960464,0.3525496577078957,1,3173,4.865193321919201,0.5988784281221308,13.065208435058594
0.026599999517202377,0.4495568438870906,0.03864999860525131,0.8002211451530457,0.01169067807495594,-0.7267102599143982,0.2441999912261963,0.02710000053048134,0.4222092435161148,1,3020,4.860981490092883,0.26138956518861567,15.789229393005371
0.02905000001192093,0.3043197221110429,0.04089999943971634,0.6536738276481628,-0.004032259341329336,-0.637170135974884,0.18455000221729279,0.03864999860525131,0.30261339210335914,1,3553,4.819464862090594,0.6758585730979415,17.076026916503906
0.04190000146627426,0.4713171167941968,0.05979999899864197,0.7087838649749756,-0.02282029390335083,-0.6565192341804504,0.28839999437332153,0.049150001257658005,0.4284818715844324,1,2790,4.896180370355692,0.10613991589036698,31.28050994873047
0.044349998235702515,0.48808862707452727,0.06094999983906746,0.728152334690094,-0.017346570268273354,-0.6438276171684265,0.28130000829696655,0.0442500002682209,0.4307128682138962,1,3467,4.875121211224096,0.6637660983855581,31.947376251220703
0.028599999845027924,0.45904807771676165,0.04430000111460686,0.7776262164115906,-0.006802819203585386,-0.7094129323959351,0.2606000006198883,0.032600000500679016,0.4311649012804648,1,3381,4.898887976529754,0.6385489750697657,26.102108001708984
0.17890000343322754,0.0840174711527055,0.18610000610351562,0.08329366147518158,-0.052098244428634644,-0.10031420737504959,0.22759999334812164,0.19259999692440033,0.057052809379006655,1,4262,4.885049100528991,0.35109585909260344,32.95621109008789
0.03265000134706497,0.5318936132784423,0.04814999923110008,0.8029913902282715,-0.01880742609500885,-0.7220779061317444,0.2983500063419342,0.032600000500679016,0.4797220115281673,1,2974,4.893171919051178,0.04010598147682165,24.410985946655273
0.4404999911785126,0.37685093262466707,0.429749995470047,0.11481162905693054,0.0,-0.09867866337299347,0.5238499641418457,0.4159500002861023,0.11241141115593808,1,3274,4.864591631658301,0.21923058580921018,40.0894660949707
0.0421999990940094,0.6302280475318168,0.07209999859333038,0.7729066014289856,0.051070358604192734,-0.6973767280578613,0.4043999910354614,0.05180000141263008,0.5531269489765855,1,2935,4.903701498616976,0.16605584034089205,51.44226837158203
0.048900000751018524,0.3807474062837616,0.07240000367164612,0.5852823853492737,-0.06067529320716858,-0.5866400003433228,0.27790001034736633,0.07270000129938126,0.361862225908135,1,3751,4.8760237466154495,0.319715870135889,1.3122206926345825
0.03564999997615814,0.36453683876024046,0.05094999819993973,0.6750624775886536,0.01000225730240345,-0.6208372116088867,0.21780000627040863,0.042249999940395355,0.34645747956481865,1,3408,4.821871623134205,0.1129331127724047,20.780689239501953
0.04470000043511391,0.23091230106438887,0.06069999933242798,0.4663127362728119,0.0,-0.49469301104545593,0.17954999208450317,0.0653500035405159,0.2299637318057026,1,3956,4.889561777485762,0.6526636266338924,18.45619010925293
0.050200000405311584,0.27981255592446896,0.07304999977350235,0.49667951464653015,-0.0017376597970724106,-0.49120670557022095,0.21410000324249268,0.07199999690055847,0.2711487208677181,1,2593,4.905807414530135,0.0081826604801849,2.93078351020813
0.04574999958276749,0.5355667872269447,0.07055000215768814,0.7273675799369812,-0.025871843099594116,-0.648655354976654,0.33105000853538513,0.05225000157952309,0.47345183476154334,1,3168,4.908214175573746,0.2776051169996345,5.6297221183776855
0.058400001376867294,0.33299143634926054,0.08834999799728394,0.5021028518676758,-0.020843682810664177,-0.5160893201828003,0.2768000066280365,0.09175000339746475,0.3195843666361915,1,2723,4.887455861572603,0.5344774147979114,9.77023696899414
0.04820000007748604,0.5980258643219504,0.07280000299215317,0.7514581680297852,-0.005170614458620548,-0.669579029083252,0.36785000562667847,0.05219999700784683,0.5146187832970721,1,3370,4.893472764181629,0.12013700326098442,26.239259719848633
0.03175000101327896,0.41029005915289657,0.05119999870657921,0.6986526250839233,0.007286665495485067,-0.6693040728569031,0.2584500014781952,0.0458500012755394,0.39649384460045367,1,2669,4.880536423572222,0.5301297124325361,7.437987327575684
0.04529999941587448,0.5257091981373964,0.07349999994039536,0.7112675905227661,0.02857055701315403,-0.6446700692176819,0.3402000069618225,0.05739999935030937,0.47259359228408715,1,3204,4.887756706703053,0.07241163269293471,2.783670663833618
0.025299999862909317,0.412306394857822,0.03620000183582306,0.7864271402359009,0.019633734598755836,-0.721484899520874,0.22374999523162842,0.026750000193715096,0.39373750081023823,1,3387,4.849850220266182,0.520238841727582,24.301942825317383
0.033799998462200165,0.3941245339170141,0.051500000059604645,0.698458194732666,-0.009460884146392345,-0.642795205116272,0.23684999346733093,0.04205000028014183,0.37514442435021744,1,2989,4.829755574377522,0.4256701542204544,13.654584884643555
0.02969999983906746,0.3627519761210902,0.044199999421834946,0.7034372687339783,-0.006155119277536869,-0.6564322113990784,0.21310000121593475,0.03709999844431877,0.35190616405889474,1,3448,4.843231627396252,0.03866275466414204,11.895491600036621
0.050850000232458115,0.5483996515128348,0.07779999822378159,0.6913126111030579,-0.02548561431467533,-0.6594813466072083,0.37915000319480896,0.06920000165700912,0.49024621703813387,1,3271,4.903701498616975,0.12157842524024565,11.573344230651855
0.0284000001847744,0.3965220222263991,0.03905000165104866,0.7548980116844177,0.002384500578045845,-0.6978723406791687,0.2194499969482422,0.030650001019239426,0.3775496529274507,1,3166,4.865494167049653,0.15298047241852009,5.623783111572266
0.033649999648332596,0.5473869629872322,0.05889999866485596,0.77236407995224,-0.03136293217539787,-0.7034239768981934,0.3382999897003174,0.0434500016272068,0.5015877362740837,1,3116,4.898887976529754,0.13050060875030567,23.738252639770508
0.04535000026226044,0.29784465545215144,0.05844999849796295,0.5312879681587219,-0.0619562603533268,-0.5814536809921265,0.22085000574588776,0.06759999692440033,0.29155306291293104,1,2689,4.885349945659443,0.49067427777816286,14.197773933410645
0.05460000038146973,0.4928107724488435,0.06549999862909317,0.69351726770401,0.08459582179784775,-0.6266742944717407,0.28540000319480896,0.051649998873472214,0.41888179393780517,1,3439,4.900993892442913,0.3094691240593601,47.283016204833984
0.033900000154972076,0.29818006582600787,0.043049998581409454,0.6418887376785278,0.0,-0.606220006942749,0.17559999227523804,0.03830000013113022,0.28848576888474076,1,4039,4.888358396963956,0.624647451442153,34.62739944458008
0.062300000339746475,0.3307206996646292,0.08089999854564667,0.5014492869377136,0.3502844572067261,-0.5239776372909546,0.2590000033378601,0.0860000029206276,0.30710059018208696,1,3627,4.898587131399302,0.18270935838595392,36.99051284790039
0.03974999859929085,0.47055476975070587,0.05719999969005585,0.7314609885215759,0.006960469298064709,-0.6549540162086487,0.27434998750686646,0.04255000129342079,0.4256334729919711,1,3216,4.855566277744758,0.6198351500075611,52.020999908447266
0.03294999897480011,0.4932881455759531,0.05454999953508377,0.7534366846084595,-0.005391922313719988,-0.692068874835968,0.2997500002384186,0.042149998247623444,0.45896187632859214,1,2943,4.906108259660587,0.5898536578162773,14.368241310119629
0.03889999911189079,0.44156369211977714,0.0568000003695488,0.7124183177947998,-0.09510751813650131,-0.6436637043952942,0.2619999945163727,0.04399999976158142,0.40570718914846404,1,2912,4.885951635920345,0.6941955854322701,18.46411895751953
0.04809999838471413,0.5557953369870188,0.07940000295639038,0.7381448745727539,-0.030965082347393036,-0.6154497861862183,0.33355000615119934,0.05025000125169754,0.4808214571054323,1,3111,4.908214175573746,0.44338775211172987,28.037569046020508
0.03750000149011612,0.3943875676886254,0.04989999905228615,0.7000747919082642,-0.06113077327609062,-0.639971137046814,0.2273000031709671,0.04010000079870224,0.36591087060965877,1,2897,4.88023557844177,0.446283725551463,23.09341049194336
0.03994999825954437,0.34281118697626617,0.05649999901652336,0.6101784706115723,-0.020612671971321106,-0.6025325655937195,0.22779999673366547,0.055149998515844345,0.33076824688427486,1,2700,4.888659242094407,0.22519240346614122,16.639387130737305
0.03500000014901161,0.23320126212363876,0.04969999939203262,0.49874159693717957,0.06035777926445007,-0.5647032856941223,0.17864999175071716,0.05974999815225601,0.24153574327801275,1,3975,4.855867122875209,0.5494983187673916,24.71950912475586
0.03819999843835831,0.7093469565423992,0.0681999996304512,0.8325897455215454,0.01438805740326643,-0.7269269227981567,0.43130001425743103,0.039400000125169754,0.6055939141736648,1,2770,4.890464312877116,0.10381700205761957,30.86578369140625
0.03644999861717224,0.3568808379409641,0.05169999971985817,0.6683022379875183,-0.014315307140350342,-0.6086298227310181,0.21250000596046448,0.042249999940395355,0.338357081197093,1,2993,4.900993892442914,0.4631813241503978,18.463939666748047
0.05400000140070915,0.5468637507502804,0.07829999923706055,0.6848758459091187,0.031365543603897095,-0.6531561613082886,0.373199999332428,0.0697999969124794,0.4826087014232908,1,2988,4.900693047312463,0.17376234439951976,44.587886810302734
0.04724999889731407,0.544667799870417,0.07810000330209732,0.7066666483879089,-0.043153274804353714,-0.6473244428634644,0.36480000615119934,0.06270000338554382,0.4885714280205963,1,2914,4.906108259660586,0.07203323798447514,6.530091285705566
0.03680000081658363,0.4303083656497104,0.05285000056028366,0.7046194076538086,0.05545245110988617,-0.6642845869064331,0.26200002431869507,0.04540000110864639,0.4024028047845424,1,3230,4.890464312877116,0.05274074776875548,7.612024307250977
0.03790000081062317,0.43586204416180396,0.05829999968409538,0.699999988079071,-0.03433119133114815,-0.6433159708976746,0.2685999870300293,0.04740000143647194,0.4066176263236029,1,3004,4.900392202182011,0.12991639553611,19.284605026245117
0.07169999927282333,0.4679153384869694,0.10400000214576721,0.5710052847862244,-0.08789582550525665,-0.5622434616088867,0.3711499869823456,0.10135000199079514,0.416143940438135,1,2909,4.877227127137256,0.6464943289844902,20.786540985107422
0.04100000113248825,0.6116960549209938,0.06560000032186508,0.7904855608940125,0.009014062583446503,-0.6940298676490784,0.36320000886917114,0.042500000447034836,0.5311361462791551,1,3385,4.884447410268088,0.37212931467992005,30.852754592895508
0.039650000631809235,0.5953897173549537,0.06480000168085098,0.7854099273681641,0.0019098923075944185,-0.6920883655548096,0.35610002279281616,0.042799998074769974,0.5228056804620945,1,3008,4.903099808356073,0.6936313831779084,30.28036880493164
0.02865000069141388,0.419274369870807,0.040950000286102295,0.7660018801689148,0.01843636855483055,-0.700438916683197,0.23245000839233398,0.030799999833106995,0.3962987351183867,1,3224,4.867600082962813,0.5087672779103403,18.150657653808594
0.04259999841451645,0.27949693891725647,0.05889999866485596,0.5291025042533875,-0.00667845644056797,-0.5512381196022034,0.20360000431537628,0.06270000338554382,0.27580581922326775,1,3529,4.864591631658299,0.35825351034337216,16.582504272460938
0.029500000178813934,0.5247785982126957,0.05480000004172325,0.7834036350250244,0.02971191145479679,-0.7052178382873535,0.31700000166893005,0.03849999979138374,0.4883109317396052,1,2640,4.869705998875973,0.11906888471495658,29.507923126220703
0.03819999843835831,0.38091795713418486,0.06440000236034393,0.6163742542266846,-0.06491012871265411,-0.6220657229423523,0.27639999985694885,0.06560000032186508,0.3755344408972386,1,3257,4.893773609312081,0.13719132666736766,16.163660049438477
0.043699998408555984,0.21139202106009042,0.05530000105500221,0.45827633142471313,0.06090722605586052,-0.4860594570636749,0.1598999947309494,0.05939999967813492,0.20957874843731245,1,4213,4.879633888180867,0.6652460221776482,35.7111701965332
0.05595000088214874,0.5797703768333904,0.09094999730587006,0.6891725063323975,-0.12885577976703644,-0.637107253074646,0.41029998660087585,0.0754999965429306,0.5094339558470635,1,2653,4.898587131399302,0.5367084823312764,13.049975395202637
0.03514999896287918,0.47389161745594754,0.054249998182058334,0.7475270628929138,-0.013601470738649368,-0.6736841797828674,0.27824997901916504,0.04020000249147415,0.436281963294167,1,3040,4.903701498616976,0.38527674392289146,17.364042282104492
0.02474999986588955,0.32541109379993105,0.03435000032186508,0.7351933717727661,-0.006516945548355579,-0.6753308176994324,0.1772499978542328,0.027049999684095383,0.31989208865920127,1,3424,4.8681782471241,0.5125562549805383,12.256063461303711
0.05555000156164169,0.35755618454981936,0.09224999696016312,0.5244489312171936,-0.003519657766446471,-0.5306537747383118,0.3008500039577484,0.09385000169277191,0.34704370340503776,1,2880,4.874206912782934,0.36731550648444056,11.069656372070312
0.040049999952316284,0.4060727696287102,0.055399999022483826,0.6929119825363159,-0.06291892379522324,-0.6211318373680115,0.23704999685287476,0.0430000014603138,0.3731491490523347,1,3062,4.900693047312462,0.15700710367768833,26.045360565185547
0.048700001090765,0.5181261864343291,0.0738999992609024,0.6890080571174622,-0.03652171790599823,-0.6484300494194031,0.3465000092983246,0.06379999965429306,0.465835450176426,1,2791,4.890163467746665,0.5615926858961482,14.143682479858398
0.042399998754262924,0.41317809293360463,0.05245000123977661,0.7068257927894592,0.04403949901461601,-0.6270222067832947,0.2287999987602234,0.03929999843239784,0.37006900342489546,1,3396,4.865193321919201,0.2417990018658398,42.022403717041016
0.042750000953674316,0.381504956475918,0.057349998503923416,0.6600473523139954,0.007751547731459141,-0.5977555513381958,0.22779999673366547,0.0466499999165535,0.3508618973477674,1,3549,4.887756706703055,0.6935785495333737,12.678289413452148
0.030150000005960464,0.3369797982835662,0.04075000062584877,0.6930455565452576,0.02002362720668316,-0.6530438661575317,0.19415000081062317,0.03519999980926514,0.32690066675724294,1,3597,4.825481764699623,0.6051003981496619,29.779436111450195
0.04935000091791153,0.4105415730249874,0.06665000319480896,0.6358822584152222,0.014326837845146656,-0.5951404571533203,0.26260000467300415,0.05844999849796295,0.37296755140356125,1,3445,4.87602374661545,0.6117214926392724,31.81915283203125
0.0929500013589859,0.19296199064797537,0.1256999969482422,0.2718221843242645,0.003731226082891226,-0.372049480676651,0.2746500074863434,0.15725000202655792,0.18896878033269324,1,2674,4.895578680094789,0.12778551529057647,6.537713050842285
0.04455000162124634,0.5449210999368955,0.07074999809265137,0.7341691255569458,0.017574016004800797,-0.654583215713501,0.33889999985694885,0.05195000022649765,0.4831621478423513,1,2879,4.900693047312462,0.4161959141058803,11.47757625579834
0.03579999879002571,0.6377624298179834,0.06710000336170197,0.803078293800354,-0.012650028802454472,-0.7116459012031555,0.3982999920845032,0.04349999874830246,0.5650881240014587,1,3078,4.895578680094789,0.3230405829352825,19.733440399169922
0.052949998527765274,0.1758805168440844,0.0628499984741211,0.38153189420700073,0.0,-0.3945086896419525,0.14474999904632568,0.06479999423027039,0.1690155850333916,1,4154,4.876324591745902,0.42510026058189787,2.6231212615966797
0.03085000067949295,0.34783541800776185,0.03954999893903732,0.7085338830947876,0.008352750912308693,-0.6630458235740662,0.19519999623298645,0.0333000011742115,0.333356202405613,1,3388,4.863087406006041,0.10372714917422965,17.689199447631836
0.16290000081062317,0.29092658426659856,0.17305000126361847,0.27428334951400757,0.0,-0.2819502055644989,0.3089500069618225,0.17595000565052032,0.20255863479765898,1,3777,4.881138113833123,0.0965537187638984,0.9286423921585083
0.03644999861717224,0.3338695845323457,0.05779999867081642,0.6177875995635986,-0.015392142347991467,-0.5840230584144592,0.22010000050067902,0.052000001072883606,0.3265768665040849,1,2705,4.896180370355691,0.5588414046418572,10.14908504486084
0.026399999856948853,0.21067828347451806,0.03714999929070473,0.5466883778572083,0.0,-0.5863029360771179,0.1424500048160553,0.041749998927116394,0.22076879276093667,1,4107,4.844196140639186,0.2756450044074714,17.20487403869629
0.039500001817941666,0.42618718391839006,0.05525000020861626,0.6987168788909912,0.0005781170330010355,-0.6436633467674255,0.25485000014305115,0.04520000144839287,0.3930691799468031,1,2616,4.879020434870157,0.26788156563448795,25.71756935119629
0.026350000873208046,0.580286158368243,0.04755000025033951,0.8414109349250793,-0.004338185302913189,-0.7491096258163452,0.33149999380111694,0.028550000861287117,0.5283704345444714,1,3313,4.900693047312462,0.4797902967814306,12.032828330993652
0.04989999905228615,0.3832940392067542,0.06825000047683716,0.607470691204071,-0.04137908294796944,-0.5762843489646912,0.2538999915122986,0.06199999898672104,0.35280057867424647,1,2955,4.900993892442914,0.5988695142271521,28.154752731323242
0.0284000001847744,0.3757231561849131,0.0421999990940094,0.7397630214691162,-0.0035396369639784098,-0.6643468141555786,0.20925000309944153,0.031300000846385956,0.3604415663457472,1,3005,4.849537612085924,0.5375756273019938,26.37090301513672
0.04089999943971634,0.43245339192098836,0.0632999986410141,0.6870361566543579,-0.005757775157690048,-0.6168280839920044,0.2671000063419342,0.049550000578165054,0.3995897947473859,1,3208,4.876023746615451,0.6648994382969895,31.93898582458496
0.025849999859929085,0.35117056320619844,0.03590000048279762,0.7129764556884766,-0.039720628410577774,-0.7026914954185486,0.20559999346733093,0.034449998289346695,0.34690223042578644,1,2947,4.864290786527848,0.388996812624004,19.00341796875
0.035599999129772186,0.3035832864579484,0.05119999870657921,0.6110183596611023,-0.03096199780702591,-0.5806716084480286,0.19300000369548798,0.04659999907016754,0.29691726083938585,1,3393,4.867299237832361,0.5349076662414429,25.670944213867188
0.04684999957680702,0.47574893287244846,0.07315000146627426,0.6798251271247864,0.06431540101766586,-0.6156069040298462,0.30744999647140503,0.05860000103712082,0.4310085956068046,1,3074,4.895578680094789,0.3408015550854283,8.488912582397461
0.026000000536441803,0.4816825152063367,0.04399999976158142,0.8035951852798462,-0.011381273157894611,-0.7205462455749512,0.27090001106262207,0.029500000178813934,0.4523988146428035,1,3110,4.89136684826847,0.5916804483068461,14.230828285217285
0.04320000112056732,0.4033042008035811,0.06889999657869339,0.6287878751754761,-0.0064757284708321095,-0.6044776439666748,0.27950000762939453,0.06369999796152115,0.38389470156011285,1,2571,4.893472764181631,0.3049173660721297,2.0752112865448
0.025599999353289604,0.35580150753616446,0.04149999842047691,0.7014572620391846,0.00918109342455864,-0.6776699423789978,0.2160000056028366,0.03790000081062317,0.35435734834283533,1,2786,4.901294737573365,0.31678085485149887,9.89156436920166
0.03759999945759773,0.45247252813365674,0.0575999990105629,0.7173844575881958,-0.00048385668196715415,-0.6517006754875183,0.2731499969959259,0.04495000094175339,0.41840850133742974,1,3227,4.898286286268851,0.266062652514504,12.962693214416504
0.02800000086426735,0.34697069508579453,0.042899999767541885,0.6972704529762268,0.0007302475278265774,-0.6541717052459717,0.20520000159740448,0.03660000115633011,0.3409274733388889,1,3417,4.819753944171238,0.12517927365982806,34.08388137817383
0.033399999141693115,0.5277017707830476,0.047600001096725464,0.8068040013313293,0.12819255888462067,-0.7175493240356445,0.2894499897956848,0.030950000509619713,0.4726352858497718,1,3349,4.8916676933989205,0.025453268830225917,37.364715576171875
0.038600001484155655,0.43882368612998945,0.05909999832510948,0.6844919323921204,-0.02438589744269848,-0.6549912095069885,0.28349998593330383,0.05310000106692314,0.413100624754704,1,2964,4.898286286268851,0.06804630265586498,7.3788604736328125
0.054249998182058334,0.6729522990020244,0.08034999668598175,0.7598680853843689,-0.012677808292210102,-0.6831936836242676,0.4268999993801117,0.05824999883770943,0.5613104621772917,1,3219,4.903099808356073,0.6788815320537164,42.93424606323242
0.04735000059008598,0.47057596946253827,0.0754999965429306,0.6719576716423035,-0.06286328285932541,-0.6063607931137085,0.30810001492500305,0.0604499988257885,0.42769560562738895,1,2978,4.902798963225622,0.28164549545038164,14.880809783935547
0.03180000185966492,0.3925177974670011,0.045099999755620956,0.7173463702201843,-0.04384765401482582,-0.6702613830566406,0.2284500002861023,0.03759999945759773,0.3737027626637124,1,3393,4.858574729049272,0.0010654441184001495,19.997034072875977
0.040800001472234726,0.5168017815816319,0.0658000037074089,0.7318782210350037,-0.0024213138967752457,-0.660080075263977,0.32135000824928284,0.04975000023841858,0.4676845460299961,1,2906,4.910921781747808,0.12274797129492176,24.010284423828125
0.026750000193715096,0.3691765600456024,0.04365000128746033,0.708958089351654,-0.022177450358867645,-0.6716810464859009,0.22224999964237213,0.03784999996423721,0.3638994864627773,1,2752,4.898887976529754,0.27767928307504897,21.919422149658203
0.04580000042915344,0.5345018500341322,0.07150000333786011,0.7126691341400146,-0.10819602012634277,-0.6591992378234863,0.3481000065803528,0.058400001376867294,0.4793712123450259,1,2902,4.86284853872717,0.6789265714857126,17.960670471191406
0.03370000049471855,0.32383789783713,0.046799998730421066,0.6350539922714233,-0.0024057989940047264,-0.6272401809692383,0.20430000126361847,0.04560000076889992,0.31744232577259696,1,3894,4.859477264440626,0.4611942735646648,21.825666427612305
0.028550000861287117,0.5869636031544335,0.04675000160932541,0.8360475897789001,4.436936433194205e-05,-0.7553316354751587,0.3353999853134155,0.02995000034570694,0.5294678280979906,1,2884,4.890464312877116,0.2693258687852266,9.109842300415039
0.0471000000834465,0.6717121315655644,0.08384999632835388,0.7761791944503784,-0.010342167690396309,-0.6749685406684875,0.43209999799728394,0.05445000156760216,0.5741979574216859,1,3032,4.874519520963195,0.059905209131525194,9.240325927734375
0.04639999940991402,0.15879028508938509,0.054999999701976776,0.3558155596256256,0.011367812752723694,-0.457459956407547,0.14775000512599945,0.07020000368356705,0.1620238188401546,1,3928,4.872413605050034,0.17086260731370917,32.8017692565918
0.05274999886751175,0.15931090634103356,0.0637499988079071,0.34109219908714294,0.0,-0.40295013785362244,0.14980000257492065,0.07360000163316727,0.15800387164464458,1,4165,4.781534849554107,0.6745575554245321,34.052490234375
0.043299999088048935,0.47336568218350467,0.05999999865889549,0.7110174894332886,0.009482502937316895,-0.6513655185699463,0.2842000126838684,0.04800000041723251,0.425739020454583,1,3399,4.8739178307022915,0.1982849050305946,29.360563278198242
0.033250000327825546,0.4300602108337086,0.051750000566244125,0.7258608937263489,-0.004303136374801397,-0.6632503867149353,0.2556000053882599,0.0406000018119812,0.40504898574223525,1,2872,4.890464312877116,0.474266329654236,22.441368103027344
0.0393499992787838,0.5663953106395904,0.06334999948740005,0.7765111327171326,0.004324252251535654,-0.6819779276847839,0.3350500166416168,0.04215000197291374,0.5008550076149952,1,3217,4.888358396963957,0.5830122721736772,49.20195007324219
0.047600001096725464,0.46274169794122905,0.07500000298023224,0.6497203707695007,0.033479850739240646,-0.6245306730270386,0.3244999945163727,0.06889999657869339,0.42914707939114094,1,2536,4.892871073920727,0.31364923440176995,14.770139694213867
0.03830000013113022,0.33490428654610205,0.05860000103712082,0.6332807540893555,-0.011963460594415665,-0.5589010119438171,0.2071000039577484,0.04650000110268593,0.31966560863182975,1,2574,4.897684596007948,0.2508239432056567,15.390762329101562
0.03959999978542328,0.5071536107527856,0.06319999694824219,0.7261455655097961,0.01474623754620552,-0.6703181862831116,0.32019999623298645,0.05079999938607216,0.46394948025592064,1,3273,4.895277834964338,0.02565003493399376,24.07516098022461
0.027000000700354576,0.3383079640585199,0.04230000078678131,0.6692082285881042,-0.010349788703024387,-0.6692082285881042,0.21344999969005585,0.04230000078678131,0.33969566416530905,1,2694,4.898286286268851,0.14126090413844894,9.251383781433105
0.03440000116825104,0.43821424087918887,0.04859999939799309,0.7407922148704529,-0.010919631458818913,-0.6750250458717346,0.25049999356269836,0.037300001829862595,0.4059405806925617,1,3359,4.848107127335053,0.4982083532083297,33.62493133544922
0.046300001442432404,0.3709138287178061,0.06804999709129333,0.6013864874839783,-0.038474734872579575,-0.5775260329246521,0.2540999948978424,0.06324999779462814,0.3502477496962955,1,2874,4.896180370355691,0.08061483557262772,25.672094345092773
0.032999999821186066,0.4163402526685894,0.0551999993622303,0.7049071192741394,-0.03626931458711624,-0.6464937329292297,0.257099986076355,0.04450000077486038,0.39782932033834073,1,2986,4.906108259660586,0.06310388752588403,13.540355682373047
0.04450000077486038,0.6177885459677581,0.07129999995231628,0.7614801526069641,0.006819902453571558,-0.6942538619041443,0.3950999975204468,0.05350000038743019,0.540164449535753,1,2769,4.882642339485381,0.5948240896444125,41.51784133911133
0.048250000923871994,0.4555055277839233,0.07329999655485153,0.6517785787582397,-0.05322886258363724,-0.6163308024406433,0.30880001187324524,0.06509999930858612,0.41829730423350353,1,3010,4.906108259660587,0.14424760510217416,11.036065101623535
0.0364999994635582,0.22147281401329819,0.05389999970793724,0.4780758023262024,0.016456423327326775,-0.5261538624763489,0.1736000031232834,0.06129999831318855,0.22921486853433326,1,3880,4.8123065568113415,0.3020713482855254,11.042622566223145
0.04089999943971634,0.4972709614147936,0.056049998849630356,0.7570567727088928,0.0004302720772102475,-0.663413941860199,0.2770000100135803,0.03830000013113022,0.4391635108162498,1,3223,4.862184870614689,0.02908187918693339,35.393436431884766
0.03359999880194664,0.4478289884189539,0.05209999904036522,0.7317624092102051,0.013461573049426079,-0.6747307777404785,0.2682499885559082,0.04154999926686287,0.41991848486911765,1,3219,4.877828817398159,0.5382193206408021,29.657920837402344
0.05999999865889549,0.7087473076033957,0.09839999675750732,0.7407472133636475,-0.08230383694171906,-0.6690211892127991,0.49619999527931213,0.0738999992609024,0.591954020427583,1,2789,4.895277834964338,0.431677735834501,35.52377700805664
0.05590000003576279,0.3850718492492347,0.06419999897480011,0.6038551330566406,0.5128313899040222,-0.5797054171562195,0.24130000174045563,0.05959999933838844,0.3403046613009928,1,3921,4.888057551833505,0.6909772758926723,48.77931594848633
0.05570000037550926,0.36230842833277266,0.08269999921321869,0.5371109247207642,0.052080996334552765,-0.5548977255821228,0.2888999879360199,0.08699999749660492,0.3457586376252064,1,2785,4.4238394803846335,0.6102170207827458,20.691396713256836
0.0284000001847744,0.4324789418851632,0.0442500002682209,0.776577889919281,-0.001364900846965611,-0.6870579719543457,0.23854999244213104,0.029999999329447746,0.4070327148764057,1,3205,4.885349945659443,0.640630532609051,36.06717300415039
0.4945499897003174,0.3694497530465861,0.47655001282691956,0.08658203482627869,0.0,-0.06755366921424866,0.5455999970436096,0.45864999294281006,0.08670434237621422,1,3459,4.890765158007567,0.22942291739783582,31.63218116760254
0.0333000011742115,0.48191701307412427,0.049150001257658005,0.7590661644935608,0.002097798278555274,-0.7036478519439697,0.28255000710487366,0.03869999945163727,0.4453881382766056,1,2896,4.902798963225622,0.2627553792681723,23.200603485107422
0.04399999976158142,0.4207307068174254,0.06620000302791595,0.665507435798645,0.1003328263759613,-0.5983009338378906,0.26339998841285706,0.05290000140666962,0.38680630215258166,1,3222,4.871811914789132,0.4988247898191942,24.621747970581055
0.041999999433755875,0.5152130775906163,0.05550000071525574,0.7571277618408203,0.04511895775794983,-0.6798384785652161,0.2911999821662903,0.04024999961256981,0.4527331554271392,1,3476,4.879333043050416,0.4187058832458793,38.389217376708984
0.0669500008225441,0.4166001943238637,0.09650000184774399,0.5483494400978088,-0.007759035099297762,-0.5494338870048523,0.33184999227523804,0.09679999947547913,0.3796640201707793,1,2771,4.892570228790276,0.48886538477160146,13.654641151428223
0.031300000846385956,0.4780536886714318,0.05784999951720238,0.7561274766921997,-0.02571917697787285,-0.6641021966934204,0.2865999937057495,0.039799999445676804,0.4479670794506832,1,2985,4.896180370355691,0.12526454439080592,44.23396682739258
0.02449999935925007,0.4348811348637408,0.03739999979734421,0.7987135648727417,-0.006535557098686695,-0.7280988693237305,0.23770000040531158,0.026599999517202377,0.4143006690622351,1,3256,4.84924853000528,0.09430083752032292,26.709333419799805
0.06129999831318855,0.572469123570988,0.09894999861717224,0.6826828122138977,-0.03401346132159233,-0.5890353918075562,0.38260000944137573,0.07214999943971634,0.48774549428727565,1,2823,4.894676144703435,0.41584290340100727,18.975379943847656
0.023499999195337296,0.33657798862603694,0.03220000118017197,0.7553398013114929,-0.022789519280195236,-0.6976525783538818,0.18080000579357147,0.025200000032782555,0.3305949103612187,1,3547,4.587118895019485,0.04079552309512369,22.40665054321289
0.05824999883770943,0.579446740138861,0.06714999675750732,0.726348340511322,0.004672745708376169,-0.6662939786911011,0.3352999985218048,0.0531499981880188,0.4763633317215357,1,3376,4.888358396963957,0.15443724266377845,41.87632751464844
0.039500001817941666,0.5569289230569306,0.06939999759197235,0.743287205696106,-0.03856658563017845,-0.6782195568084717,0.36195001006126404,0.053300000727176666,0.5058454067673837,1,3225,4.893171919051178,0.6501823344144125,17.98100471496582
0.030799999833106995,0.4325795633315211,0.041749998927116394,0.7680297493934631,0.002864796668291092,-0.7013056874275208,0.2378000020980835,0.031200001016259193,0.40299089774731434,1,3051,4.877828817398158,0.39037273030377106,31.632604598999023
0.04179999977350235,0.48076579484665727,0.07334999740123749,0.678692638874054,-0.009465077891945839,-0.6397348046302795,0.3338499963283539,0.06390000134706497,0.45104427014249227,1,3596,4.908214175573746,0.5200809843772513,12.292609214782715
0.041749998927116394,0.4217848579587783,0.06395000219345093,0.6595744490623474,-0.06769827008247375,-0.6247615814208984,0.2768999934196472,0.0568000003695488,0.39600574791251253,1,2665,4.908515020704198,0.06606084320152306,14.547969818115234
0.06300000101327896,0.47891129487163386,0.10040000081062317,0.6020897030830383,-0.017352309077978134,-0.571306586265564,0.36800000071525574,0.09139999747276306,0.4324577920026521,1,2677,4.903099808356073,0.054721627484250246,25.163166046142578
0.03350000083446503,0.43032190476046644,0.04600000008940697,0.7453237175941467,0.02106679044663906,-0.6812196969985962,0.2425999939441681,0.03539999946951866,0.3994858539114564,1,3350,4.890464312877116,0.43410195211344127,27.81756019592285
0.0580499991774559,0.6036153579980167,0.097850002348423,0.6947981715202332,0.00759437819942832,-0.6287232041358948,0.42925000190734863,0.07729999721050262,0.5244896006238605,1,2940,4.900693047312462,0.2477191039471326,18.451824188232422
0.042149998247623444,0.44695936540684045,0.060600001364946365,0.6901494264602661,-0.027741219848394394,-0.6411015391349792,0.27709999680519104,0.05079999938607216,0.4100132838390035,1,3370,4.901294737573365,0.4988513767483578,11.573328971862793
0.03550000116229057,0.4467279307627411,0.05480000004172325,0.7206490635871887,0.00449997466057539,-0.6629766225814819,0.2703999876976013,0.04389999806880951,0.4172295104775404,1,3242,4.885650790789894,0.5213228582537189,20.16320037841797
0.037450000643730164,0.43078263965183,0.055799998342990875,0.6898528337478638,-0.08314597606658936,-0.6602739691734314,0.2727000117301941,0.050050001591444016,0.405925262595607,1,2794,4.892570228790276,0.12917333822234578,8.350249290466309
0.04464999958872795,0.565504073087356,0.07445000112056732,0.7351958155632019,-0.07196544110774994,-0.659890353679657,0.3633500039577484,0.05544999986886978,0.502666526131699,1,3034,4.877527972267707,0.37634500027749407,10.45827579498291
0.03840000182390213,0.29609194426161883,0.056299999356269836,0.5687775015830994,-0.011880138888955116,-0.5690776705741882,0.20499999821186066,0.05635000020265579,0.2928679286506135,1,2451,4.878129662528611,0.5211803990255713,20.166519165039062
0.04205000028014183,0.3141514789976802,0.062049999833106995,0.5529254674911499,-0.03181604668498039,-0.579250693321228,0.2328999936580658,0.06705000251531601,0.3109881716409246,1,3769,4.873316140441389,0.6915449073826437,9.25092601776123
0.03974999859929085,0.412547042859023,0.05939999967813492,0.6676660776138306,-0.03860146552324295,-0.6328800916671753,0.26420000195503235,0.052650000900030136,0.388474016616742,1,3149,4.887455861572603,0.5048783774443356,29.808591842651367
0.026249999180436134,0.3970295604206646,0.043299999088048935,0.7397491335868835,0.002907003276050091,-0.6857764720916748,0.23229999840259552,0.03474999964237213,0.38631770927005893,1,3194,4.885349945659443,0.1294594498044659,16.021366119384766
0.025599999353289604,0.5237122936502674,0.04360000044107437,0.8244746327400208,0.0009827875765040517,-0.7426210045814514,0.295199990272522,0.0284000001847744,0.48591548053493056,1,2558,4.8817398040940265,0.014271786392239028,19.899383544921875
0.06094999983906746,0.5191780787049096,0.09485000371932983,0.6431425213813782,-0.05534303933382034,-0.5920868515968323,0.3702000081539154,0.0803999975323677,0.4572901465727333,1,2862,4.900392202182011,0.4411701966720286,19.992942810058594
0.054099999368190765,0.38889312318540786,0.07925000041723251,0.5830104351043701,-0.02935713715851307,-0.5535839796066284,0.2757999897003174,0.0726500004529953,0.3591549147356583,1,3352,4.876926282006805,0.131260808627222,24.760883331298828
0.03734999895095825,0.7446555169763367,0.06185000017285347,0.8565107583999634,0.042594894766807556,-0.7537818551063538,0.4405499994754791,0.034049998968839645,0.6256412905122692,1,3310,4.891066003138018,0.29891220843145805,40.110382080078125
0.07199999690055847,0.18197423790123918,0.08569999784231186,0.3236640989780426,-0.11925825476646423,-0.3384793698787689,0.17339999973773956,0.08860000222921371,0.1669291285228963,1,4249,4.89347276418163,0.19702452296337492,12.684919357299805
0.03519999980926514,0.6439335646130175,0.052949998527765274,0.8384905457496643,0.13765834271907806,-0.7468627095222473,0.3654000163078308,0.032099999487400055,0.5570473720690299,1,3368,4.892871073920727,0.08111923040384328,41.9610595703125
0.03554999828338623,0.3886437958692247,0.05525000020861626,0.6646726131439209,-0.014115259982645512,-0.6385344862937927,0.2504499852657318,0.050450000911951065,0.37457857623700214,1,2806,4.8979854411384,0.6593799049588559,7.825911521911621
0.06825000047683716,0.25095871889551025,0.09184999763965607,0.38921162486076355,-0.025116905570030212,-0.46435341238975525,0.25110000371932983,0.1103999987244606,0.2449796945950375,1,2624,4.87602374661545,0.3646770397242173,5.2352213859558105
0.05009999871253967,0.4583303473827407,0.07829999923706055,0.6376227736473083,-0.07034634798765182,-0.6118478178977966,0.3251500129699707,0.07194999605417252,0.4233641974731893,1,3179,4.897684596007949,0.44871152574485396,21.795331954956055
0.06004999950528145,0.34527533407724686,0.08365000039339066,0.512486457824707,0.0489659383893013,-0.5381642580032349,0.2786000072956085,0.08980000019073486,0.32611700623662665,1,3211,4.900392202182011,0.5243997656057267,32.20024490356445
0.02710000053048134,0.40438045551526697,0.04625000059604645,0.7468165159225464,-0.021471677348017693,-0.6689926385879517,0.23319999873638153,0.033799998462200165,0.3899608885315719,1,2530,4.886842408261892,0.007312391808815266,4.633288860321045
0.02410000003874302,0.2505070599881738,0.03620000183582306,0.6453585624694824,-0.010122451931238174,-0.606948971748352,0.14800000190734863,0.03189999982714653,0.2561406128489903,1,2575,4.888057551833506,0.5330944818175297,5.922146797180176
0.02979999966919422,0.40162908250138213,0.043299999088048935,0.7467961311340332,0.0008880887180566788,-0.6771066784858704,0.2249000072479248,0.032600000500679016,0.3807920886736128,1,3417,4.842629937135349,0.33444005930014753,27.22512435913086
0.029650000855326653,0.5887598998733431,0.049949999898672104,0.8361784219741821,0.008712689392268658,-0.7394366264343262,0.3334500193595886,0.029749998822808266,0.52774562234649,1,3311,4.87602374661545,0.030083552190201424,42.689640045166016
0.053700000047683716,0.4192971688196068,0.07090000063180923,0.6211764216423035,-0.0007785576744936407,-0.5907647609710693,0.27559998631477356,0.06440000236034393,0.37714283357469375,1,3404,4.898887976529753,0.27477202100789055,35.22509765625
0.028049999848008156,0.4462837186042261,0.04235000163316727,0.7833453416824341,-0.001977751264348626,-0.707628607749939,0.24735000729560852,0.030050000175833702,0.4192822325019543,1,3307,4.881438958963575,0.08006710500192604,12.96518325805664
0.04520000144839287,0.4074066035947805,0.05665000155568123,0.682418942451477,-0.0029662102460861206,-0.6078906059265137,0.23229999840259552,0.04385000094771385,0.3642015028266969,1,3402,4.877527972267708,0.6752811585070839,27.783111572265625
0.04520000144839287,0.5851466000584239,0.06785000115633011,0.7545056343078613,-0.008490211330354214,-0.6829809546470642,0.36020001769065857,0.05040000006556511,0.510322883127864,1,3197,4.87812966252861,0.3411354876749221,28.382734298706055
0.04280000180006027,0.4912464269574467,0.06310000270605087,0.7058099508285522,0.028072554618120193,-0.6635115146636963,0.3119499981403351,0.05380000174045563,0.4472711460042022,1,3112,4.8841348020878295,0.00956580293547249,24.532249450683594
0.037950001657009125,0.37170059710116643,0.04569999873638153,0.6863987445831299,0.06757708638906479,-0.6466267108917236,0.21295000612735748,0.03959999978542328,0.3455252241975768,1,3659,4.852018114030922,0.012212594704064328,35.12605667114258
0.0385500006377697,0.4469799434837627,0.05860000103712082,0.7034865617752075,-0.001051763421855867,-0.6497833728790283,0.27605000138282776,0.04805000126361847,0.4149981787168348,1,2806,4.888057551833505,0.26156146973327876,6.660637855529785
0.02449999935925007,0.3450746947527345,0.03454999998211861,0.759560227394104,-0.010295366868376732,-0.6838974952697754,0.18404999375343323,0.0251499991863966,0.3360829021761949,1,3107,4.854663742353404,0.5822685831406265,9.38584041595459
0.4404999911785126,0.39231092043066695,0.42454999685287476,0.10764987021684647,0.0,-0.08294636756181717,0.5013500452041626,0.40389999747276306,0.10402068468800305,1,3427,4.87602374661545,0.20120487645781027,20.011489868164062
0.03894999995827675,0.5308854896101882,0.0604499988257885,0.7722294926643372,-0.006785721518099308,-0.6677658557891846,0.30344998836517334,0.039000000804662704,0.4708587885812141,1,3029,4.892570228790276,0.4951954081203961,37.27978515625
0.1561499983072281,0.2601065452768251,0.16245000064373016,0.25776153802871704,0.0,-0.27323564887046814,0.28459998965263367,0.16795000433921814,0.1836911228531487,1,3353,4.872714450180485,0.042471046297882675,21.254669189453125
0.06435000151395798,0.38680078125205714,0.08479999750852585,0.5510431528091431,0.0,-0.5335533618927002,0.27880001068115234,0.08069999516010284,0.34572428302747,1,3608,4.8979854411384,0.15986810178156685,20.72408103942871
0.03480000048875809,0.6072544061031383,0.06750000268220901,0.785222589969635,-0.03980560228228569,-0.7042716145515442,0.3889999985694885,0.046799998730421066,0.5485146412050015,1,3091,4.888659242094409,0.09214464172282288,19.63384246826172
0.050700001418590546,0.5819736411494807,0.06689999997615814,0.7596566677093506,-0.005184506066143513,-0.6611800789833069,0.328000009059906,0.04479999840259552,0.48670945503425267,1,2857,4.21980644356185,0.3774807791261776,47.38957977294922
0.041850000619888306,0.32189533799289965,0.06055000051856041,0.5858530402183533,-0.04527302458882332,-0.5626580119132996,0.2163500040769577,0.05649999901652336,0.31024779275526404,1,2810,4.903099808356073,0.678884947517222,8.488922119140625
0.04455000162124634,0.40980204833048106,0.06509999930858612,0.6324450373649597,-0.01662425324320793,-0.6229912042617798,0.28025001287460327,0.06310000270605087,0.38622755586073476,1,3090,4.895277834964338,0.24296858048519276,20.714210510253906
0.05180000141263008,0.27824118524624086,0.06319999694824219,0.5158604383468628,0.0,-0.5030470490455627,0.1911500096321106,0.06104999780654907,0.25943900001125214,1,3799,4.893171919051179,0.3631091329533622,5.63079833984375
0.029249999672174454,0.398649363705633,0.044849999248981476,0.7443259358406067,-0.008013889193534851,-0.6673465967178345,0.2248000055551529,0.03294999897480011,0.3797756623558737,1,2983,4.876023746615451,0.06460453365402874,22.04252815246582
0.03175000101327896,0.48217384381883555,0.04749999940395355,0.7853577136993408,-0.009891526773571968,-0.699129045009613,0.2682499885559082,0.03225000202655792,0.44222359020447355,1,3242,4.8429190192159925,0.20015318128088067,29.606740951538086
0.02810000069439411,0.429771779168947,0.03909999877214432,0.7765698432922363,0.015108505263924599,-0.7167180180549622,0.23694999516010284,0.02979999966919422,0.40524942332153546,1,3200,4.857070503397015,0.3733596548720629,19.11668586730957
0.02879999950528145,0.41852942075223715,0.046799998730421066,0.7291204333305359,-0.013967926613986492,-0.6878959536552429,0.2531000077724457,0.039650000631809235,0.40387891178385793,1,2703,4.908515020704197,0.4617804060503451,3.9313721656799316
0.03415000066161156,0.3750888175985838,0.05014999955892563,0.6811059713363647,0.0012752446345984936,-0.639403223991394,0.2280000001192093,0.04325000196695328,0.35931928230636706,1,3204,4.848345994613926,0.684309326329716,10.741212844848633
0.02879999950528145,0.45809715552019104,0.04650000110268593,0.7790017127990723,-0.0007673539803363383,-0.6949819326400757,0.25839999318122864,0.032099999487400055,0.4294117567222263,1,3100,4.857371348527467,0.6366085047142084,8.731719970703125
0.023399999365210533,0.32592514385382343,0.03554999828338623,0.7306317090988159,-0.018093369901180267,-0.6724257469177246,0.18150000274181366,0.02824999950826168,0.32388165427484306,1,3034,4.89587952522524,0.628423034202039,29.306848526000977
0.023099999874830246,0.3403401218028753,0.034449998289346695,0.7603664398193359,0.005361666437238455,-0.6824885010719299,0.18254999816417694,0.02484999969601631,0.33439355162253115,1,3316,4.863075642956234,0.25684045847278447,14.373045921325684
0.18490000069141388,0.23536077908787298,0.19384999573230743,0.2068650722503662,0.0,-0.2103065699338913,0.2971000075340271,0.1952499896287918,0.1539527659541944,1,3218,4.6219023224831,0.5833784551552035,29.6856689453125
0.03849999979138374,0.3586280775184348,0.054499998688697815,0.6705411076545715,0.05816197022795677,-0.5853936672210693,0.20839999616146088,0.041099999099969864,0.3348232117129013,1,2809,4.908214175573746,0.026510479415819854,15.431656837463379
0.052000001072883606,0.39691255678689563,0.062300000339746475,0.6375583410263062,0.11426477134227753,-0.5833472609519958,0.23675000667572021,0.052400000393390656,0.3504086763561003,1,3856,4.876023746615451,0.5299632068399169,43.2216796875
0.02370000071823597,0.3903007255755524,0.03714999929070473,0.7876068353652954,0.013145814649760723,-0.6983353495597839,0.20915000140666962,0.02484999969601631,0.37663488031426423,1,3432,4.789970276256554,0.32228563227412377,15.464726448059082
0.05274999886751175,0.3929569588934808,0.08574999868869781,0.5856283903121948,-0.0201382078230381,-0.5356079339981079,0.2835499942302704,0.07410000264644623,0.3663207468312945,1,2607,4.880837268702673,0.13804537625848856,15.991082191467285
0.05054999887943268,0.4231325852566935,0.0714000016450882,0.646216094493866,-0.02410602755844593,-0.5746201872825623,0.26429998874664307,0.0568000003695488,0.3790646531376304,1,2815,4.905506569399684,0.6170171881405799,40.70779037475586
0.0430000014603138,0.48893253657915925,0.05909999832510948,0.732454776763916,-0.03212995082139969,-0.654133141040802,0.2826499938964844,0.04364999756217003,0.4338617913678265,1,3179,4.878430507659061,0.10412260000192264,40.03822326660156
0.03485000133514404,0.36760414418653126,0.05014999955892563,0.6659373044967651,0.05663495510816574,-0.6399210095405579,0.22840000689029694,0.04580000042915344,0.3537845609690089,1,3495,4.846841768961669,0.5111135922015971,25.90274429321289
0.06729999929666519,0.31668462453301227,0.09745000302791595,0.45604807138442993,-0.16214364767074585,-0.49787449836730957,0.2906999886035919,0.10859999805688858,0.30373622803486083,1,2927,4.872413605050035,0.20244280755504196,23.037181854248047
0.03985000029206276,0.5079619327716189,0.06565000116825104,0.7260606288909912,-0.02831575646996498,-0.6598886251449585,0.3203999996185303,0.050850000232458115,0.4640746044743308,1,3366,4.898286286268851,0.4507081182294095,10.268241882324219
0.03310000151395798,0.5229045772150425,0.05180000141263008,0.7945289015769958,-0.020929483696818352,-0.7014409303665161,0.295199990272522,0.033799998462200165,0.47297948497434017,1,2928,4.89587952522524,0.6957085727071686,25.778852462768555
0.032600000500679016,0.41945088206531395,0.0430000014603138,0.7604348659515381,0.00528431823477149,-0.6811271905899048,0.22670000791549683,0.03085000067949295,0.38779619499821993,1,3448,4.894976989833886,0.11018808780404643,33.67234420776367
0.045049998909235,0.27055827962524504,0.06159999966621399,0.5064647197723389,-0.0013620234094560146,-0.5359698534011841,0.20389999449253082,0.06679999828338623,0.2668353396151,1,2818,4.896180370355692,0.5714261879852801,7.210941314697266
0.07020000368356705,0.20108330584949982,0.09709999710321426,0.3133324980735779,-0.008651196956634521,-0.46182623505592346,0.26374998688697815,0.1378999948501587,0.20936615302928474,1,2576,4.900993892442914,0.48179435961643147,4.6273674964904785
0.03655000030994415,0.35597628603211195,0.05550000071525574,0.6323835849761963,-0.1286497712135315,-0.6177685856819153,0.23489999771118164,0.05290000140666962,0.3465346468170387,1,2699,4.891667693398922,0.08170287808401888,8.690888404846191
0.04904999956488609,0.5469218851141485,0.07985000312328339,0.704189121723175,0.018705224618315697,-0.6402748227119446,0.36410000920295715,0.06319999694824219,0.48673570083906414,1,2603,4.890163467746665,0.6276902745508076,22.534645080566406
0.044349998235702515,0.17978693448729977,0.053050000220537186,0.4174611270427704,0.05682967230677605,-0.45393720269203186,0.14124999940395355,0.0580499991774559,0.17846417931204644,1,3604,4.8922693836598246,0.5528571566296561,17.28136444091797
0.053849998861551285,0.443917810950234,0.07840000092983246,0.6221234202384949,-0.06595481932163239,-0.5964483022689819,0.31014999747276306,0.07225000113248825,0.4044084259683367,1,3129,4.890464312877116,0.16506091349464813,5.846374988555908
0.40895000100135803,0.2422724121961537,0.39434999227523804,0.07988981902599335,0.0,-0.06679289042949677,0.45080000162124634,0.3840999901294708,0.07494944779080265,1,3440,4.878731352789513,0.11400653630856217,33.410335540771484
0.5735499858856201,0.3606379213489281,0.5411499738693237,0.06533317267894745,0.0,-0.05968724563717842,0.6098499894142151,0.5350500345230103,0.06821079135754768,1,3645,4.901294737573364,0.5335143745116199,28.221670150756836
0.27904999256134033,0.25432647412988874,0.27665001153945923,0.14625056087970734,0.0,-0.14323315024375916,0.36914998292922974,0.2749499976634979,0.12350317305782488,1,3701,4.888358396963956,0.16514524534478803,40.108314514160156
0.029850000515580177,0.3956404378654833,0.043549999594688416,0.7332314252853394,0.00401528412476182,-0.677765429019928,0.22675000131130219,0.0348999984562397,0.3778310304870001,1,3239,4.902798963225622,0.5452825108515424,13.061965942382812
0.02785000018775463,0.35496043039802694,0.03889999911189079,0.7346349954605103,0.013073032721877098,-0.6680179238319397,0.19544999301433563,0.029899999499320984,0.3423519581381213,1,3128,4.88023557844177,0.4367110682760348,14.221972465515137
0.059300001710653305,0.18892356630932225,0.08145000040531158,0.3224709630012512,0.022888191044330597,-0.48252856731414795,0.2333499938249588,0.11954999715089798,0.20014069271566362,1,2659,4.886854171311699,0.21506150078825392,17.285640716552734
0.040300000458955765,0.45044220504981575,0.06870000064373016,0.6720503568649292,0.0015098166186362505,-0.632718563079834,0.305400013923645,0.05990000069141388,0.4255749608558229,1,3484,4.848345994613926,0.6897408992348484,11.583930969238281
0.04639999940991402,0.4378357518808302,0.06880000233650208,0.6538681983947754,-0.023623425513505936,-0.6149972081184387,0.28859999775886536,0.06040000170469284,0.4031802052974576,1,3134,4.898286286268851,0.5777826049471232,28.287277221679688
0.03880000114440918,0.21862455069007686,0.05270000174641609,0.4798831045627594,0.0,-0.5149562954902649,0.16459999978542328,0.057850003242492676,0.22164162799264128,1,4057,4.897684596007949,0.44046964167835645,4.629458904266357
0.0385500006377697,0.56243785184026,0.06795000284910202,0.751207709312439,-0.012500446289777756,-0.6842839121818542,0.36250001192092896,0.051500000059604645,0.5103938858612641,1,3180,4.889561777485762,0.4626305645116514,19.91557502746582
0.030300000682473183,0.3981085926034813,0.04740000143647194,0.7243292927742004,-0.03183699771761894,-0.6619115471839905,0.2329999953508377,0.03725000098347664,0.3812073910398287,1,2751,4.865193321919201,0.07200096549579016,21.069826126098633
0.027799999341368675,0.32610078159551076,0.04410000145435333,0.697437047958374,0.006438391283154488,-0.6185120940208435,0.18709999322891235,0.03334999829530716,0.32011242294900466,1,3081,4.807118448692281,0.35240028887967734,28.525426864624023
0.025450000539422035,0.3914505841355654,0.040449999272823334,0.7616643309593201,-0.018451789394021034,-0.6870406270027161,0.2180500030517578,0.029500000178813934,0.3783359013941202,1,2797,4.898887976529755,0.09384551659668439,28.33977508544922
0.0239499993622303,0.3436953072059836,0.033250000327825546,0.7579799890518188,0.0016250673215836287,-0.6946039199829102,0.18449999392032623,0.02539999969303608,0.3361740998562578,1,3277,4.802605771735511,0.34112589793654835,5.630753517150879
0.01119999960064888,0.09908077941717872,0.015250000171363354,0.5485933423042297,0.0,-0.5976253151893616,0.06054999679327011,0.017650000751018524,0.11129366021563904,1,4091,4.844735853048508,0.47125838805028386,11.46900463104248
0.04490000009536743,0.6006780996660612,0.07329999655485153,0.7638323307037354,0.01841132715344429,-0.6679502129554749,0.36820000410079956,0.049300000071525574,0.5213624020366403,1,2971,4.888358396963956,0.6475988731973056,41.306644439697266
0.039799999445676804,0.5211101577833568,0.06499999761581421,0.738101601600647,-0.02084272727370262,-0.6651210784912109,0.323199987411499,0.048700001090765,0.4722445061484616,1,3065,4.900392202182011,0.32386435208790953,19.08916664123535
0.044199999421834946,0.29269082098037885,0.05990000069141388,0.5447705388069153,-0.015020845457911491,-0.5482654571533203,0.2053000032901764,0.060499999672174454,0.28362497334396214,1,3469,4.855265432614306,0.1953380524018159,35.11941146850586
0.04360000044107437,0.43723851462903063,0.07069999724626541,0.6615827679634094,-0.019334910437464714,-0.6065665483474731,0.28870001435279846,0.058800000697374344,0.40690267181024264,1,3113,4.893773609312081,0.005062642395908923,37.30245590209961
0.038600001484155655,0.41189251484881834,0.061799999326467514,0.6780487895011902,-0.06238384172320366,-0.613508403301239,0.257999986410141,0.0494999997317791,0.38730648344875174,1,2832,4.885951635920345,0.11069675505645438,22.886005401611328
0.027650000527501106,0.3404430650490552,0.03449999913573265,0.7304469347000122,0.09432954341173172,-0.6868618130683899,0.18584999442100525,0.028950000181794167,0.3292529282818421,1,3834,4.835710499134968,0.15151787104931647,11.069409370422363
0.04600000008940697,0.425116263061146,0.06639999896287918,0.6428880095481873,-0.0624927394092083,-0.6220830678939819,0.2849999964237213,0.06194999814033508,0.3950351255357081,1,2872,4.901294737573364,0.23199607510267262,21.522966384887695
0.07814999669790268,0.2313483112888784,0.09175000339746475,0.3709034323692322,0.0,-0.365929514169693,0.1976500153541565,0.09070000052452087,0.20349466482301937,1,3864,4.890163467746665,0.1031083956017812,13.884142875671387
0.07214999943971634,0.28054194104981567,0.093299999833107,0.415438711643219,0.0017545348964631557,-0.47444024682044983,0.2617500126361847,0.10809999704360962,0.26495949971156996,1,3524,4.86037979983198,0.28344179846175943,32.29206466674805
0.03229999914765358,0.5012960052816171,0.04450000077486038,0.7907682657241821,0.004685759544372559,-0.7259852290153503,0.28029999136924744,0.032749999314546585,0.45670622020394874,1,3122,4.850151065396633,0.17600428299780724,30.385433197021484
0.03240000084042549,0.35121529401999596,0.048900000751018524,0.689191997051239,-0.011144736781716347,-0.6138203144073486,0.20434999465942383,0.03759999945759773,0.3371183971777066,1,3536,4.868201773223714,0.5864203653538124,17.18534278869629
0.03085000067949295,0.3558175760769788,0.04295000061392784,0.7077183127403259,0.00442626653239131,-0.6499592661857605,0.2024500072002411,0.03464999794960022,0.3414733579126682,1,3423,4.8254700016498155,0.6639570608256099,23.20065689086914
0.0393499992787838,0.2525370113995209,0.050850000232458115,0.5396106839179993,-0.02399277314543724,-0.5396106839179993,0.1700499951839447,0.050850000232458115,0.24802329527544564,1,2655,4.893171919051179,0.47440950169170737,24.871234893798828
0.023900000378489494,0.339414183974605,0.03669999912381172,0.7418004274368286,-0.011678716167807579,-0.6721750497817993,0.18719999492168427,0.02775000035762787,0.33453387429234854,1,2736,4.871811914789132,0.5696157160626778,13.891668319702148
0.05480000004172325,0.6195855789790387,0.09205000102519989,0.7210163474082947,-0.08154774457216263,-0.63923180103302,0.4182499945163727,0.06780000030994415,0.5331119051445615,1,3103,4.890464312877117,0.03422417258611421,20.007572174072266
0.02655000053346157,0.3852841799158717,0.043049998581409454,0.7313375473022461,0.0029895806219428778,-0.6794490218162537,0.22554999589920044,0.03500000014901161,0.37581354955021856,1,3314,4.872776428032065,0.1413980168916067,44.620304107666016
0.03750000149011612,0.4391848888662899,0.05014999955892563,0.7400606274604797,0.009884796105325222,-0.6590175032615662,0.24399998784065247,0.03644999861717224,0.39890446439522653,1,3437,4.8660958573105555,0.38931306495063056,21.014795303344727
0.026900000870227814,0.39393365639005945,0.0414000004529953,0.7640334963798523,0.012754448689520359,-0.6783841252326965,0.21604999899864197,0.02889999933540821,0.3768373718003125,1,3172,4.877527972267708,0.38254425220584853,20.713809967041016
0.04834999889135361,0.16850317833461134,0.060350000858306885,0.36892321705818176,-0.013319771736860275,-0.427962064743042,0.1506499946117401,0.0694499984383583,0.16914316822052644,1,3517,4.727468230024055,0.5826847108693325,13.539593696594238
0.04814999923110008,0.2842226132648161,0.06984999775886536,0.500759482383728,-0.028226030990481377,-0.5218209624290466,0.2222999930381775,0.07395000010728836,0.279466237126461,1,2760,4.818010851240109,0.6915413460672681,22.910675048828125
0.06310000270605087,0.11199173736142601,0.07985000312328339,0.22892066836357117,-0.03992355242371559,-0.3000219166278839,0.14830000698566437,0.09305000305175781,0.11178930974409299,1,2609,4.900693047312462,0.6183341754413801,5.922312259674072
0.04464999958872795,0.5680951477483819,0.07195000350475311,0.7411993145942688,-0.05249052122235298,-0.6657763123512268,0.35860002040863037,0.053300000727176666,0.502193243675755,1,3000,4.878430507659061,0.2034563796625959,7.442984580993652
0.03709999844431877,0.4058849101744469,0.055799998342990875,0.6765234470367432,-0.019101137295365334,-0.6427085399627686,0.25655001401901245,0.0494999997317791,0.38530490184554633,1,3274,4.89136684826847,0.06759163346215524,20.65294075012207
0.03765000030398369,0.5345493144475566,0.05530000105500221,0.769784152507782,0.019507938995957375,-0.7002303600311279,0.3136500120162964,0.040800001472234726,0.4789923451988874,1,3143,4.885049100528992,0.07662830047779201,32.532222747802734
0.026100000366568565,0.4326394429128009,0.042100001126527786,0.7791635990142822,0.01175620499998331,-0.704146146774292,0.24250000715255737,0.03009999915957451,0.4123738148932389,1,3205,4.890765158007567,0.23915251041900742,10.465056419372559
0.021400000900030136,0.34756661284962853,0.031300000846385956,0.7580201625823975,0.025932947173714638,-0.7194083333015442,0.19179999828338623,0.026399999856948853,0.345446948318117,1,3713,4.872413605050035,0.35082476648970107,15.42853832244873
0.020999999716877937,0.358220225771711,0.03060000017285347,0.7688848972320557,0.013928339816629887,-0.7307522892951965,0.19670000672340393,0.025699999183416367,0.35506645793558633,1,3798,4.846891983763441,0.22184404421939108,29.114526748657227
0.4781000018119812,0.39727103832199584,0.4607999920845032,0.09869193285703659,0.0,-0.0788145661354065,0.539650022983551,0.44269999861717224,0.09810438454510913,1,3310,4.89557868009479,0.6754641513073415,29.308841705322266
0.4331499934196472,0.43160132855346983,0.4231500029563904,0.1334291249513626,0.0,-0.11433206498622894,0.5324000120162964,0.4070500135421753,0.13062280341287466,1,3283,4.875121211224098,0.5032815820214049,41.2880973815918
0.06515000015497208,0.25408314495966505,0.08739999681711197,0.4086248576641083,-0.03931000083684921,-0.4553668797016144,0.23354999721050262,0.09804999828338623,0.24440836879750583,1,2685,4.8477443043530215,0.5614577499007726,15.802494049072266
0.033900000154972076,0.5500135831461557,0.052299998700618744,0.7929490804672241,-0.023826662451028824,-0.7193453311920166,0.3203999996185303,0.03700000047683716,0.49580125806537945,1,3094,4.898587131399303,0.02642516188025046,25.28983497619629
0.05350000038743019,0.4755273705185107,0.0674000009894371,0.7005330324172974,0.06486181169748306,-0.592256486415863,0.26319998502731323,0.04634999856352806,0.40179727785662783,1,3460,4.898887976529753,0.3604432256014519,61.865386962890625
0.031849998980760574,0.3771825014869576,0.045099999755620956,0.7145125865936279,0.00633555743843317,-0.6544061303138733,0.2159000039100647,0.03595000132918358,0.35901443371730524,1,2994,4.885349945659442,0.5116232124814822,14.62921142578125
0.34220001101493835,0.49366358109028063,0.34139999747276306,0.20953543484210968,0.0,-0.18335126340389252,0.49469998478889465,0.32330000400543213,0.1950682650690933,1,3338,4.885951635920346,0.26554726957959207,10.694186210632324
0.03970000147819519,0.4572243035882423,0.0649000033736229,0.6986462473869324,-0.04182028770446777,-0.6328147053718567,0.28859999775886536,0.05119999870657921,0.42402953093258533,1,2801,4.895879525225241,0.439073305368025,10.730262756347656
0.034449998289346695,0.3885886989273541,0.049300000071525574,0.702470064163208,-0.026381894946098328,-0.6437217593193054,0.22744999825954437,0.03974999859929085,0.36698383816884383,1,2957,4.885349945659443,0.0057802626152867465,10.261303901672363
0.031950000673532486,0.3796822721600685,0.0466499999165535,0.7121655941009521,0.007078161463141441,-0.649050235748291,0.219200000166893,0.03684999793767929,0.3617816335289353,1,3320,4.876625436876353,0.5610198693593448,19.003854751586914
0.035999998450279236,0.5192205694196612,0.056449998170137405,0.7531306147575378,-0.02373567596077919,-0.6988931894302368,0.31850001215934753,0.044849999248981476,0.47544450563678897,1,3212,4.905506569399684,0.04644237435440657,32.461631774902344
0.05115000158548355,0.46616227941103905,0.07209999859333038,0.6550616025924683,-0.07977854460477829,-0.6216216683387756,0.30900001525878906,0.06440000236034393,0.42008245013301937,1,3025,4.837816415048127,0.2042738310176646,35.90899658203125
0.34165000915527344,0.3254401012894662,0.3337000012397766,0.1392202526330948,0.0,-0.1230536550283432,0.4273499846458435,0.3228999972343445,0.1253149237256,1,2903,4.59880887723131,0.6932668337389429,38.361114501953125
0.46935001015663147,0.2133764898846353,0.4496000111103058,0.05650080367922783,0.0,-0.046700216829776764,0.49364998936653137,0.44084998965263367,0.05521087537763459,1,3691,4.877828817398159,0.4717720911063744,38.288028717041016
0.03550000116229057,0.39899401376381316,0.04569999873638153,0.7222222685813904,0.028460418805480003,-0.6600967049598694,0.2232000082731247,0.035999998450279236,0.36986302983078195,1,3482,4.875121211224097,0.05965214933729779,18.048320770263672
0.04699999839067459,0.3914560724887358,0.07649999856948853,0.6035102605819702,-0.029976481571793556,-0.5691961050033569,0.2786499857902527,0.06889999657869339,0.371217025971667,1,2585,4.887756706703054,0.1593047075203028,21.51686668395996
0.061500001698732376,0.4323457899806352,0.09440000355243683,0.5808295607566833,-0.05473894253373146,-0.5497257113456726,0.3249000012874603,0.08615000545978546,0.3930903804283353,1,2725,4.238699517754195,0.35129901100494876,4.631393909454346
0.0430000014603138,0.5033749850224991,0.07660000026226044,0.6930301785469055,-0.020599620416760445,-0.6344547867774963,0.3425000011920929,0.06210000067949295,0.46495688690989734,1,2991,4.910921781747808,0.009247161603806231,15.504695892333984
0.024399999529123306,0.2980174869270067,0.03334999829530716,0.6937965154647827,-0.023745588958263397,-0.6730392575263977,0.17065000534057617,0.03085000067949295,0.2989308698389741,1,2804,4.902798963225622,0.11590716269106094,11.037672996520996
0.07890000194311142,0.33997793212777505,0.10795000195503235,0.4537026286125183,-0.0736088752746582,-0.4781242609024048,0.3057500123977661,0.11490000039339066,0.3109488014220044,1,2666,4.900993892442914,0.44059444017719873,20.08578109741211
0.039799999445676804,0.22571731691403796,0.051600001752376556,0.5021276473999023,0.0,-0.5096222162246704,0.15884999930858612,0.052650000900030136,0.2238931799945555,1,4125,4.89587952522524,0.412776569206753,3.341616153717041
0.057100001722574234,0.6110458418447213,0.0738999992609024,0.7264533638954163,-0.06012578681111336,-0.6765864491462708,0.3831000030040741,0.06069999933242798,0.5123966987817898,1,3197,4.890163467746664,0.5715219889708532,51.0959587097168
0.0478999987244606,0.3641302322981072,0.06689999997615814,0.581085205078125,0.028059808537364006,-0.5916997194290161,0.26080000400543213,0.06909999996423721,0.3464875342647926,1,3948,4.900693047312462,0.5561092265297143,8.689812660217285
0.053199999034404755,0.2394131623484019,0.07169999927282333,0.43297162652015686,0.20006348192691803,-0.4811866879463196,0.20469999313354492,0.08100000023841858,0.2361588276797236,1,4025,4.881138113833125,0.09171199532189289,32.739261627197266
0.02810000069439411,0.41479486189593917,0.03889999911189079,0.7853382229804993,0.07915863394737244,-0.6999614238739014,0.22040000557899475,0.026499999687075615,0.38940956859984005,1,3321,4.873616985571839,0.3425313451489954,23.623136520385742
0.03334999829530716,0.35616693426809465,0.04650000110268593,0.6825904250144958,-0.059975773096084595,-0.6380618810653687,0.21044999361038208,0.03970000147819519,0.34143170016022895,1,2786,4.900993892442913,0.028881254352643215,35.50981140136719
0.5992000102996826,0.5284471987727181,0.5582000017166138,0.07084524631500244,0.0,-0.057373251765966415,0.6261500120162964,0.5433000326156616,0.07444066355896828,1,3555,4.898887976529755,0.44257647924814825,4.987561225891113
0.03485000133514404,0.43625014478612345,0.04740000143647194,0.7530593872070312,-0.0035829199478030205,-0.6700887084007263,0.2399500012397766,0.033799998462200165,0.39964459358380366,1,3319,4.868201773223715,0.20416067733515664,23.838321685791016
0.03474999964237213,0.30026241527850006,0.04874999821186066,0.601712167263031,-0.05643476918339729,-0.6023654341697693,0.19644999504089355,0.04884999990463257,0.2970615781643385,1,2684,4.903099808356073,0.4457232202883563,14.362619400024414
0.4322499930858612,0.2498812298959487,0.43070000410079956,0.08549745380878448,0.0,-0.07500673830509186,0.5005500316619873,0.42170000076293945,0.08316051583905652,1,3771,4.906108259660587,0.5469271518200338,3.931333065032959
0.035100001841783524,0.5630936356399878,0.05909999832510948,0.794801652431488,-0.0059043169021606445,-0.6946525573730469,0.328000009059906,0.03750000149011612,0.5034662114882786,1,3038,4.892570228790276,0.014979698935121077,28.55800437927246
0.05950000137090683,0.3817886439067756,0.08614999800920486,0.5606361627578735,-0.010880841873586178,-0.5225824117660522,0.2747499942779541,0.07734999805688858,0.34749442201055947,1,2985,4.890464312877116,0.35055762978275595,5.630291938781738
0.0385500006377697,0.45303144232595494,0.05620000138878822,0.7273622155189514,-0.01865982636809349,-0.6481452584266663,0.2632499933242798,0.04154999926686287,0.4132082432250575,1,2939,4.888659242094407,0.6619204027950691,35.641502380371094
0.03720000013709068,0.25812890501730895,0.048700001090765,0.5389195680618286,0.03933800384402275,-0.5757839679718018,0.1808999925851822,0.05420000106096268,0.25853623851044905,1,3966,4.801101546083253,0.6250597703860936,26.77033233642578
0.04190000146627426,0.2427330920217467,0.057750001549720764,0.49155303835868835,0.000303536478895694,-0.520647406578064,0.18320000171661377,0.062449999153614044,0.2429088763268471,1,3387,4.800538307574316,0.5121878105878406,7.3788604736328125
0.3797000050544739,0.03609378105960972,0.3772999942302704,0.015102987177670002,0.0,-0.014174684882164001,0.38815000653266907,0.3765999972820282,0.013698370289548265,1,3772,4.901294737573364,0.4725542448742873,5.397013187408447
0.03779999911785126,0.5429426291814063,0.052149999886751175,0.792304277420044,0.02779797837138176,-0.7051590085029602,0.30159997940063477,0.034949999302625656,0.47812441614907036,1,3263,4.888960087224859,0.37689186156483756,29.12844467163086
0.045099999755620956,0.3766296513750308,0.06300000101327896,0.5957697033882141,0.005880429875105619,-0.6234309673309326,0.27160000801086426,0.06880000233650208,0.3619704959139719,1,3001,4.875784879336577,0.6219871776225947,11.898056983947754
0.04724999889731407,0.561583909568797,0.0734499990940094,0.7219477891921997,-0.09589435905218124,-0.6657184958457947,0.3659999966621399,0.05910000205039978,0.4976218706715799,1,3195,4.900693047312462,0.5185798767755175,30.241546630859375
0.029249999672174454,0.4778888551301019,0.04960000142455101,0.785055935382843,0.0006568921380676329,-0.6907248497009277,0.27114999294281006,0.03265000134706497,0.44507338882189884,1,3150,4.908515020704197,0.25614755753135066,5.623762130737305
0.03714999929070473,0.3086370288064363,0.05810000002384186,0.591476321220398,-0.027714120224118233,-0.5620878338813782,0.20724999904632568,0.053199999034404755,0.30386613268601803,1,2678,4.849850220266184,0.106698394070604,20.51646614074707
0.020400000736117363,0.34700315812482363,0.0333000011742115,0.7439613342285156,-0.02315596677362919,-0.7127453088760376,0.1985500007867813,0.02914999984204769,0.34918235701185163,1,2515,4.883845720007186,0.6720279748139263,15.803768157958984
0.1421000063419342,0.28696276219782557,0.15154999494552612,0.29811954498291016,0.0,-0.28260356187820435,0.27094998955726624,0.14649999141693115,0.20347158001167664,1,3883,4.898887976529754,0.4256440920711938,20.604230880737305
0.027899999171495438,0.48997113540442205,0.052799999713897705,0.7936558723449707,-0.0033176271244883537,-0.6825969219207764,0.2799000144004822,0.03220000118017197,0.4575175627410939,1,2901,4.881438958963575,0.04686810606040215,11.717805862426758
0.02459999918937683,0.4667083402590339,0.041749998927116394,0.8077124357223511,-0.015268388204276562,-0.7223607897758484,0.2590000033378601,0.027550000697374344,0.44138961563742685,1,3436,4.873968045504063,9.050454818182452e-05,17.136659622192383
0.04024999961256981,0.31015322096680586,0.059700001031160355,0.5805540084838867,-0.06750146299600601,-0.5567928552627563,0.20970000326633453,0.055649999529123306,0.30192069610218886,1,2621,4.886252481050796,0.24054931185397777,12.800722122192383
0.03139999881386757,0.505317096891357,0.05510000139474869,0.7721518874168396,0.3154676854610443,-0.690536379814148,0.3009999990463257,0.03869999945163727,0.4685602001855751,1,2981,4.8326902847806466,0.2241673047526368,40.32197189331055
0.04964999854564667,0.36145078096814937,0.07124999910593033,0.6009632349014282,0.006333228200674057,-0.5311729311943054,0.23270000517368317,0.057999998331069946,0.33141521323180895,1,2620,4.892871073920727,0.5596798099728225,28.993846893310547
0.03474999964237213,0.4511111742254739,0.05104999989271164,0.7384564876556396,0.011242087930440903,-0.675460934638977,0.2635500133037567,0.039650000631809235,0.4181399566495322,1,3105,4.887155016442151,0.22192909272755446,33.44905090332031
0.03840000182390213,0.33031819440069854,0.053700000047683716,0.6122754216194153,0.0031364751048386097,-0.6008918285369873,0.21539999544620514,0.05180000141263008,0.31986443177151913,1,3481,4.82005478930169,0.5374649633792741,38.099021911621094
0.03480000048875809,0.32152621954479266,0.04645000025629997,0.6523623466491699,-0.000883324071764946,-0.6080995202064514,0.19059999287128448,0.04010000079870224,0.30895030801222517,1,2640,4.89587952522524,0.32463199412783816,12.03498649597168
0.037050001323223114,0.4908078787185482,0.05620000138878822,0.7236805558204651,-0.01647801697254181,-0.6946482062339783,0.31189998984336853,0.05000000074505806,0.455795321890262,1,2958,4.900993892442914,0.558563018440093,28.822914123535156
0.03344999998807907,0.3960145026247585,0.04684999957680702,0.7030771970748901,0.010709277354180813,-0.6694302558898926,0.23659999668598175,0.04125000163912773,0.3767114394822028,1,3264,4.867588319913004,0.4940514860036249,26.94035530090332
0.03139999881386757,0.5251519203706997,0.05900000035762787,0.7845446467399597,-0.014275233261287212,-0.6807359457015991,0.31060001254081726,0.03750000149011612,0.4830208817342506,1,2882,4.900993892442913,0.5165048058129563,32.8302116394043
0.0357000008225441,0.37958804943513147,0.052400000393390656,0.675305962562561,0.5016114711761475,-0.6324096918106079,0.23270000517368317,0.045099999755620956,0.3617896713084623,1,3604,4.868803463484618,0.38131479254246947,31.31671905517578
0.03044999949634075,0.49367245271612914,0.04390000179409981,0.8089258670806885,0.018174774944782257,-0.7171391844749451,0.26649999618530273,0.028149999678134918,0.4499150526921958,1,3216,4.867962905944844,0.6724409737544985,30.922866821289062
0.02630000002682209,0.43960379054974075,0.04470000043511391,0.7635366916656494,0.45483168959617615,-0.7039734721183777,0.2572999894618988,0.03449999913573265,0.4220762696412206,1,3043,4.892570228790276,0.11935894340677922,10.468544960021973
0.03449999913573265,0.2106942787575961,0.04600000008940697,0.5202358365058899,-0.002135493792593479,-0.5101171731948853,0.14180000126361847,0.04475000128149986,0.21203845231012303,1,2638,4.903701498616976,0.5430919362246152,8.339523315429688
0.48785001039505005,0.07531670908681067,0.4717000126838684,0.020590689033269882,0.0,-0.01974230445921421,0.49070000648498535,0.4708999991416931,0.020320204502328337,1,3949,4.885049100528991,0.14440250838840163,13.764716148376465
0.04194999858736992,0.685649226442181,0.06674999743700027,0.8064173460006714,-0.01752186380326748,-0.7285481691360474,0.4250499904155731,0.04554999992251396,0.5864928821411827,1,3352,4.883845720007185,0.2682571513734707,17.28118324279785
0.03914999961853027,0.5350658579721843,0.05869999900460243,0.7640134692192078,-0.013825569301843643,-0.6855918765068054,0.31470000743865967,0.042100001126527786,0.47724090263835206,1,2769,4.903099808356073,0.4777915579055757,26.571481704711914
0.02630000002682209,0.3377504341344445,0.04830000177025795,0.6675707101821899,-0.05389612913131714,-0.633396565914154,0.2152000069618225,0.042899999767541885,0.340918095894023,1,2694,4.24411473010232,0.016753889101194352,13.88379192352295
0.02329999953508377,0.41352299189881836,0.037700001150369644,0.7897638082504272,-0.011030003428459167,-0.7154716849327087,0.2273000031709671,0.02669999934732914,0.39907162431097665,1,3166,4.887756706703054,0.10214324196359503,23.54986572265625
0.04165000095963478,0.3902995404042736,0.06350000202655792,0.6267594695091248,-0.09969927370548248,-0.6177001595497131,0.2687000036239624,0.061650000512599945,0.3740290276628522,1,2721,4.903701498616975,0.46843026090651074,11.036550521850586
0.037950001657009125,0.29218681501369514,0.056449998170137405,0.5592648386955261,0.0,-0.5728339552879333,0.20785000920295715,0.05874999985098839,0.29174277509330804,1,3901,4.898887976529753,0.013883692500742728,7.6039228439331055
0.054099999368190765,0.27054034057770593,0.07840000092983246,0.4516226649284363,0.06773097813129425,-0.5064526200294495,0.23929999768733978,0.09040000289678574,0.26919367485668094,1,3947,4.8841465651376375,0.073831860786576,31.087623596191406
0.0442500002682209,0.4218526970073856,0.06105000153183937,0.6677275896072388,-0.05072447285056114,-0.6220399141311646,0.2619999945163727,0.05219999700784683,0.3865143693672313,1,3036,4.884447410268089,0.05763940597067885,34.23154830932617
0.023250000551342964,0.10694383632936838,0.02694999985396862,0.4361150562763214,0.0,-0.47720658779144287,0.07615000009536743,0.029899999499320984,0.11447075478997773,1,4042,4.868502618354166,0.40841684725144545,11.035999298095703
0.04360000044107437,0.43280648862292637,0.05950000137090683,0.6872561573982239,0.06327798217535019,-0.6269592642784119,0.25949999690055847,0.04809999838471413,0.39264487323548797,1,3294,4.880837268702672,0.06413338049614681,43.2348747253418
0.030700000002980232,0.4027598760088564,0.042899999767541885,0.739130437374115,-0.02851891703903675,-0.68327796459198,0.2280000001192093,0.03420000150799751,0.381395955518509,1,3489,4.865193321919202,0.33607251088482804,21.412059783935547
0.0364999994635582,0.1346601568129061,0.04259999841451645,0.39972901344299316,0.0,-0.4160383939743042,0.10329999774694443,0.04429999738931656,0.13665843298504132,1,3843,4.705721876680366,0.6554455320407232,38.768436431884766
0.0406000018119812,0.4404548933866995,0.05990000069141388,0.6765994429588318,-0.0732523500919342,-0.6546057462692261,0.2869499921798706,0.05535000190138817,0.4124421083448436,1,3232,4.874218675832742,0.32223046761803653,36.05156326293945
0.0272000003606081,0.44743145784507177,0.039799999445676804,0.7929015755653381,-0.00898180715739727,-0.7205056548118591,0.24500000476837158,0.028300000354647636,0.42034139980236496,1,3117,4.879934733311318,0.05794866682637345,25.283613204956055
0.02280000038444996,0.26018848236501074,0.0348999984562397,0.6336185336112976,-0.009935671463608742,-0.6460446715354919,0.1623000055551529,0.036400001496076584,0.27028768310112206,1,2730,4.869405153745522,0.07623187339796955,3.931224822998047
0.20614999532699585,0.3363139900532205,0.20264999568462372,0.2461865246295929,0.0,-0.22851432859897614,0.32269999384880066,0.19519999623298645,0.1878868241352027,1,3810,4.89136684826847,0.27076277952226635,21.067310333251953
0.03164999932050705,0.41605141877643026,0.04554999992251396,0.745203971862793,0.0062066237442195415,-0.6744102835655212,0.234250009059906,0.03420000150799751,0.3904938606300492,1,3422,4.888358396963956,0.3104011578378266,33.8531379699707
0.03290000185370445,0.47295508124936547,0.05660000070929527,0.7334898710250854,-0.008454938419163227,-0.6783177256584167,0.2953000068664551,0.04540000110864639,0.44587844068132176,1,3086,4.903099808356073,0.6210393051596591,22.116256713867188
0.06949999928474426,0.2145189940747423,0.09364999830722809,0.34956151247024536,0.004593525547534227,-0.408775269985199,0.22314999997615814,0.1075500026345253,0.20873961173407513,1,2655,4.873015295310936,0.5369441389543665,6.728946685791016
0.03844999894499779,0.5368625028439491,0.0658000037074089,0.7588171362876892,0.012863246724009514,-0.6625208258628845,0.3241499960422516,0.044449999928474426,0.4830186462317295,1,2945,4.885049100528992,0.6380453597561403,22.829120635986328
0.023150000721216202,0.5614509347189696,0.039500001817941666,0.8642781376838684,0.016523143276572227,-0.7720057964324951,0.3070000112056732,0.022350000217556953,0.5148309044446162,1,3244,4.88474825539854,0.38814991427600853,22.820276260375977
0.031849998980760574,0.47260425802780087,0.04560000076889992,0.7697605490684509,0.004340953193604946,-0.7108433842658997,0.26980000734329224,0.035100001841783524,0.437383531165191,1,3194,4.862184870614687,0.34718907289976764,39.7362060546875
0.02759999968111515,0.4976838491524644,0.0515500009059906,0.7824255228042603,-0.02861669473350048,-0.7034800052642822,0.29614999890327454,0.0361500009894371,0.46858103679085594,1,2937,4.888057551833505,0.11398757827724171,39.34941482543945
0.4394499957561493,0.3907750921265495,0.4314500093460083,0.12192297726869583,0.0,-0.10552500188350677,0.5332499742507935,0.41734999418258667,0.11984694187610163,1,3339,4.875722901485,0.2678492573294934,34.08628845214844
0.05169999971985817,0.5179704286312392,0.06679999828338623,0.7043666839599609,0.09231743216514587,-0.6493438482284546,0.3142000138759613,0.054499998688697815,0.44842870628127246,1,3414,4.891066003138019,0.20927973290993007,45.05436706542969
0.04374999925494194,0.3662807502609603,0.0640999972820282,0.6018868088722229,0.006057302933186293,-0.5978670120239258,0.2547000050544739,0.0632999986410141,0.35097800528503015,1,2711,4.885951635920346,0.399475358382531,11.92926025390625
0.04244999960064888,0.4331470184630315,0.05820000171661377,0.7103520631790161,0.03753942996263504,-0.6165376305580139,0.24535000324249268,0.04154999926686287,0.3884864722183175,1,3343,4.882341494354929,0.31840572158474134,28.984928131103516
0.025599999353289604,0.4129658901172808,0.03959999978542328,0.7631628513336182,0.008789783343672752,-0.7118428349494934,0.23524999618530273,0.031599998474121094,0.39835039276806816,1,2979,4.905506569399684,0.6090036568999504,16.997447967529297
0.02785000018775463,0.3366972346246315,0.04084999859333038,0.685529351234436,-0.00039278381154872477,-0.6633010506629944,0.20180000364780426,0.03765000030398369,0.3329839795792126,1,2935,4.893472764181629,0.6671712117612719,11.323507308959961
0.04050000011920929,0.3702129256015019,0.06449999660253525,0.6228868961334229,-0.04621129855513573,-0.5893027782440186,0.24959999322891235,0.057999998331069946,0.3558692364416868,1,2684,4.876625436876354,0.1259429615516462,11.038007736206055
0.0596500001847744,0.140963614285108,0.0722000002861023,0.29458916187286377,0.0028070914559066296,-0.33624452352523804,0.14534999430179596,0.07919999957084656,0.13694706084541813,1,2536,4.894074454442532,0.6142858798462084,10.261226654052734
0.04540000110864639,0.38547003014805337,0.06939999759197235,0.607238233089447,0.3720811903476715,-0.5921246409416199,0.27090001106262207,0.06620000302791595,0.36680206293587475,1,3056,4.878793330641091,0.5596073445416808,19.629634857177734
0.029100000858306885,0.48416440841700686,0.048250000923871994,0.7891477942466736,-0.004673350136727095,-0.7010069489479065,0.2744999825954437,0.032349999994039536,0.4501765901219723,1,3240,4.895277834964337,0.421922081904368,24.723535537719727
0.06369999796152115,0.2633351802509764,0.08264999836683273,0.43403005599975586,-0.005028124433010817,-0.45301124453544617,0.2195499986410141,0.08664999902248383,0.24727114860524058,1,2609,4.885349945659444,0.2948673411176874,19.472646713256836
0.02539999969303608,0.3951161109700257,0.040300000458955765,0.7593984603881836,-0.01148759201169014,-0.6930692791938782,0.2222999930381775,0.030400000512599945,0.3824232645870852,1,3159,4.873616985571841,0.4335314572928284,11.035544395446777
0.04560000076889992,0.28164171315722586,0.07270000129938126,0.5157402157783508,1.9245608200435527e-05,-0.486853688955307,0.2106499969959259,0.06729999929666519,0.27639950841778654,1,2461,4.89587952522524,0.10688430708815222,0.9274099469184875
0.034949999302625656,0.48452807565560985,0.05844999849796295,0.7438570261001587,-0.010285773314535618,-0.6671412587165833,0.2927500009536743,0.0430000014603138,0.44825007257908517,1,3240,4.880837268702672,0.6062119898312129,21.405120849609375
0.03254999965429306,0.35948955266655025,0.04605000093579292,0.6983377933502197,-0.0011087767779827118,-0.6358964443206787,0.2069000005722046,0.03674999997019768,0.34320581014839613,1,3340,4.872413605050035,0.6129883320318457,26.218568801879883
0.04410000145435333,0.5420391362131056,0.06750000268220901,0.7316700220108032,0.6073076725006104,-0.6687929034233093,0.3400999903678894,0.05270000174641609,0.4828628883735654,1,2953,4.8865533261812475,0.4436560653328001,45.566097259521484
0.04794999957084656,0.4375734142184903,0.0689999982714653,0.6733787655830383,-0.03268946707248688,-0.5853988528251648,0.26385000348091125,0.051500000059604645,0.3906604571641876,1,2823,4.885349945659444,0.09734819562493835,56.6247673034668
0.026850000023841858,0.518379546250259,0.04479999840259552,0.8147290349006653,-0.0131347281858325,-0.7354200482368469,0.29385000467300415,0.029999999329447746,0.48039692430972747,1,3391,4.872112759919582,0.028844235611164892,18.462785720825195
0.06650000065565109,0.35162201425440454,0.11129999905824661,0.47945207357406616,-0.048183102160692215,-0.5010087490081787,0.33480000495910645,0.11779999732971191,0.34169642101827713,1,3009,4.893773609312081,0.427523149816199,11.47610092163086
0.029899999499320984,0.3430540391831213,0.04374999925494194,0.6708160638809204,0.0005857888027094305,-0.6570644974708557,0.21140000224113464,0.04165000095963478,0.3381249596175417,1,2723,4.896481215486142,0.4936345316264017,14.142638206481934
0.04490000009536743,0.3785152076950651,0.06210000067949295,0.6206225752830505,-0.10639884322881699,-0.6019230484962463,0.2498999983072281,0.05849999934434891,0.35514596645021246,1,2877,4.879633888180868,0.3846787436771796,17.300283432006836
0.025100000202655792,0.42901371139005295,0.039500001817941666,0.7737491130828857,-0.038087017834186554,-0.7219288945198059,0.24459999799728394,0.031199999153614044,0.41260634112021455,1,3049,4.900693047312462,0.4864095992698727,15.487753868103027
0.038100000470876694,0.7242470669671196,0.07190000265836716,0.8260610699653625,0.025491276755928993,-0.7298262119293213,0.46035000681877136,0.04385000094771385,0.6221370284552562,1,2731,4.900993892442914,0.33721028956442745,12.293384552001953
0.028999999165534973,0.3857288852106863,0.038100000470876694,0.7506213784217834,0.20609644055366516,-0.6944667100906372,0.21130000054836273,0.03009999915957451,0.3666037256410219,1,3891,4.855566277744758,0.546453484886907,27.936365127563477
0.04774999991059303,0.07589841318904446,0.051350001245737076,0.22528812289237976,0.0,-0.2614167034626007,0.0876999944448471,0.05544999986886978,0.07521572306874583,1,3859,4.837264939588996,0.3774906822899071,0.0
0.5162000060081482,0.3279461154991531,0.4869000017642975,0.06242506206035614,0.0,-0.04412267729640007,0.5318499803543091,0.46935001015663147,0.06245001058427144,1,3372,4.873015295310937,0.224752696266596,27.943593978881836
0.026599999517202377,0.3832965937764249,0.04179999977350235,0.7353171706199646,0.021584779024124146,-0.6826120018959045,0.2215999960899353,0.033799998462200165,0.3729150098930278,1,3325,4.530158883654027,0.4062914265813542,26.522451400756836
0.025599999353289604,0.34151501301718185,0.03500000014901161,0.7270269989967346,0.013340839184820652,-0.6912218928337097,0.19169999659061432,0.030300000682473183,0.3353185523221552,1,3706,4.88264233948538,0.0671747435354405,22.528411865234375
0.053599998354911804,0.5259239339989162,0.07530000060796738,0.6885778307914734,0.048253513872623444,-0.6354393362998962,0.337799996137619,0.062300000339746475,0.45911564861027154,1,3118,4.901294737573365,0.44273657259629107,34.510009765625
0.4672499895095825,0.2773108898337954,0.44475001096725464,0.06939876824617386,0.0,-0.054276760667562485,0.4958000183105469,0.4314500093460083,0.06763006591444612,1,4241,4.847806282204601,0.68579431473019,12.677847862243652
0.06129999831318855,0.30761308343723726,0.07935000211000443,0.4809183180332184,-0.02844616211950779,-0.5157155990600586,0.24834999442100525,0.08704999834299088,0.2896217335560517,1,3730,4.83360458322181,0.4596574981776457,35.556331634521484
0.024800000712275505,0.4156348306254057,0.03844999894499779,0.7945837378501892,0.016012322157621384,-0.706600546836853,0.2236499935388565,0.025599999353289604,0.3964964886174034,1,3137,4.875422056354548,0.5029806662713869,20.44688606262207
0.050599999725818634,0.45503935046431454,0.06644999980926514,0.6732898354530334,0.029437636956572533,-0.6116873621940613,0.2757999897003174,0.053849998861551285,0.4012836628073096,1,3204,4.8739178307022915,0.153497040982561,57.7242431640625
0.03375000134110451,0.44018195044276015,0.05079999938607216,0.7393825650215149,-0.04239053279161453,-0.6677023768424988,0.25494998693466187,0.03819999843835831,0.40991614289893524,1,3011,4.888358396963956,0.15625319287719375,20.77658462524414
0.051899999380111694,0.3200376491052001,0.07154999673366547,0.5394225716590881,0.004046100191771984,-0.5222036838531494,0.22794999182224274,0.0681999996304512,0.3009797033979187,1,3314,4.890163467746665,0.30071208985024467,15.411881446838379
0.04540000110864639,0.6171502243711189,0.06565000116825104,0.7942163944244385,0.18512128293514252,-0.6821593046188354,0.34745001792907715,0.03985000029206276,0.5200045271953638,1,3330,4.906108259660587,0.16199022191826362,48.34083938598633
0.03784999996423721,0.5096675024611139,0.05544999986886978,0.7615775465965271,-0.02539430558681488,-0.6833690404891968,0.2948000133037567,0.039900001138448715,0.45806878115782745,1,2922,4.839972545763058,0.08123372296633491,20.726472854614258
0.026799999177455902,0.543495593232113,0.04039999842643738,0.8389179110527039,-0.004132712725549936,-0.7620029449462891,0.29910001158714294,0.026200000196695328,0.4960014676370657,1,2979,4.901294737573366,0.24307809765010013,4.144416332244873
0.045899998396635056,0.5850783721835708,0.06260000169277191,0.7772396802902222,0.03094378300011158,-0.6813438534736633,0.3303000032901764,0.0414000004529953,0.49713204358715274,1,3062,4.629237213282676,0.2950779110797612,46.10454177856445
0.054249998182058334,0.6081773312397369,0.08219999819993973,0.7116459012031555,-0.043248701840639114,-0.6735828518867493,0.42145001888275146,0.07099999487400055,0.5296740679394746,1,3070,4.892871073920727,0.40836882587811796,13.14589786529541
0.027000000700354576,0.4765981972933236,0.04809999838471413,0.7672281861305237,-0.008823991753160954,-0.7142008543014526,0.28850001096725464,0.03799999877810478,0.4546279659446,1,3021,4.892871073920727,0.3206185882187337,12.422018051147461
0.0364999994635582,0.4526783020654559,0.05065000057220459,0.7403426170349121,-0.011062735691666603,-0.6729092597961426,0.25905001163482666,0.03864999860525131,0.4144415385488897,1,3130,4.898587131399302,0.2844500876325605,26.70467758178711
0.06055000051856041,0.1588623223188168,0.06684999912977219,0.33317604660987854,0.0,-0.3575204312801361,0.14124999940395355,0.07064999639987946,0.14875685507840955,1,3234,4.8633882511364925,0.33547123276151025,30.702272415161133
0.027699999511241913,0.4690557072364575,0.045099999755620956,0.7851294875144958,-0.008968883194029331,-0.7110826373100281,0.2671000063419342,0.03215000033378601,0.4409446431887385,1,2832,4.8868541713116995,0.0426477194493623,29.201248168945312
0.05274999886751175,0.6182650115395433,0.08070000261068344,0.7418487668037415,-0.03638440743088722,-0.6561201810836792,0.38865000009536743,0.0575999990105629,0.5247820365615836,1,2858,4.882642339485381,0.1424687293621042,13.92414665222168
0.02969999983906746,0.22275672956550913,0.0406000018119812,0.5447570085525513,0.12731459736824036,-0.5762003660202026,0.1509999930858612,0.04450000077486038,0.2296908553222679,1,4145,4.867600082962813,0.6730072043790061,17.185312271118164
0.027149999514222145,0.3114357193000073,0.040300000458955765,0.6930409669876099,0.021143686026334763,-0.6301055550575256,0.17759999632835388,0.03220000118017197,0.30726964424884085,1,3135,4.858875574179723,0.3924175008909969,22.558378219604492
0.05855000019073486,0.60670977131845,0.09589999914169312,0.7022541165351868,-0.006583286449313164,-0.6248410940170288,0.4153500199317932,0.0726500004529953,0.5202935411053877,1,3273,4.906108259660587,0.06006168104019438,26.879962921142578
0.6778500080108643,0.5440265420940221,0.6255499720573425,0.039861299097537994,0.0,-0.026797866448760033,0.6599999666213989,0.6094000339508057,0.04289583982216836,1,3780,4.892871073920727,0.523583927135155,35.253639221191406
0.027000000700354576,0.3868326559312265,0.04010000079870224,0.7516233921051025,-0.029819928109645844,-0.6865963339805603,0.21580000221729279,0.03060000017285347,0.37218649809362114,1,3353,4.860078954701529,0.560172404690315,13.27588176727295
0.028300000354647636,0.39782788735989016,0.0430000014603138,0.7160056829452515,-0.013762595131993294,-0.6985629200935364,0.24230000376701355,0.04010000079870224,0.38765337766174823,1,2894,4.905506569399684,0.03525584378931734,11.32346248626709
0.052549999207258224,0.35386398822916343,0.06955000013113022,0.5646173357963562,0.0,-0.5638814568519592,0.24939998984336853,0.06939999759197235,0.32975084577467173,1,3672,4.820417612283721,0.15163552279405834,12.708126068115234
0.031199999153614044,0.41494203795338636,0.041999999433755875,0.7439702749252319,0.0013616093201562762,-0.6967508792877197,0.23499999940395355,0.03450000286102295,0.39083819873834513,1,3076,4.890464312877116,0.35525544109449547,34.19773483276367
0.025049999356269836,0.34833091430233476,0.04125000163912773,0.7126725316047668,-0.03228803724050522,-0.664634108543396,0.20475000143051147,0.03435000032186508,0.34582600603024244,1,2668,4.892871073920727,0.6514290982532943,16.764280319213867
0.028300000354647636,0.45917349335530294,0.04910000041127205,0.7744107842445374,-0.0015427216421812773,-0.6858605146408081,0.26350000500679016,0.03350000083446503,0.43287327946043214,1,3136,4.890765158007567,0.5318645331413515,27.246604919433594
0.027799999341368675,0.38342971223055233,0.03929999843239784,0.755709171295166,0.0018013895023614168,-0.6840836405754089,0.2094999998807907,0.02914999984204769,0.3662424695858971,1,3112,4.872112759919583,0.26970093008406903,9.901261329650879
0.038600001484155655,0.40443058293365186,0.06279999762773514,0.6694322824478149,-0.06292945891618729,-0.606701135635376,0.25655001401901245,0.05079999938607216,0.3822691730043474,1,2828,4.900693047312462,0.18542750604280678,23.384967803955078
0.053599998354911804,0.690481416795149,0.09120000153779984,0.7715103030204773,-0.031306568533182144,-0.6523064970970154,0.4334000051021576,0.05590000003576279,0.5723744108549258,1,2766,4.891366848268469,0.3400535155250385,17.70419692993164
0.04764999821782112,0.4296013750851848,0.07164999842643738,0.6420691013336182,-0.04015816003084183,-0.5998883247375488,0.2865000069141388,0.062449999153614044,0.3958713813990664,1,3339,4.880837268702672,0.4872295467753043,17.947284698486328
0.03759999945759773,0.41407911181140833,0.0551999993622303,0.7006567716598511,-0.07455937564373016,-0.6334661245346069,0.2460000067949295,0.043299999088048935,0.38521475901952457,1,2942,4.890765158007567,0.39475789697220165,20.464298248291016
0.025450000539422035,0.3740344086015873,0.03779999911785126,0.7558485865592957,0.01854267157614231,-0.6904177069664001,0.20640000700950623,0.028699999675154686,0.3626037390527061,1,3119,4.839621485830836,0.18422465729129534,23.297889709472656
0.03660000115633011,0.36158600473213837,0.05400000140070915,0.6496034860610962,0.2819625735282898,-0.6181046366691589,0.2287999987602234,0.04859999939799309,0.34769745264179175,1,3508,4.882642339485381,0.30899230434038905,31.919424057006836
0.028850000351667404,0.3870380730518233,0.04320000112056732,0.7263481020927429,-0.006826854310929775,-0.6777321696281433,0.2249000072479248,0.03564999997615814,0.37324963278057155,1,3408,4.877227127137256,0.5492138953184348,28.83818244934082
0.039250001311302185,0.4996558727800679,0.05335000157356262,0.7679115533828735,0.025233013555407524,-0.6757824420928955,0.2757500112056732,0.03619999811053276,0.4425457423731306,1,3418,4.867600082962813,0.25387186744375134,32.63919448852539
0.03370000049471855,0.23110010121503347,0.04820000007748604,0.5179626941680908,0.2026619166135788,-0.551836371421814,0.16689999401569366,0.05299999937415123,0.23732461943473565,1,3896,4.810728590257698,0.372842893218039,19.170198440551758
0.07850000262260437,0.7507030691473442,0.11110000312328339,0.7246606945991516,0.0,-0.629851758480072,0.48919999599456787,0.07809999585151672,0.5777663308588349,1,3211,4.895578680094789,0.5150605493828911,7.209554195404053
0.38874998688697815,0.1525026706389936,0.3418000042438507,0.04375128820538521,0.0,-0.04491791874170303,0.3739500045776367,0.342600017786026,0.03865437452053979,1,3688,4.865482403999845,0.33073630866130965,23.32598304748535
0.051750000566244125,0.42464401799634566,0.0722000002861023,0.6246092319488525,0.0,-0.596704363822937,0.28584998846054077,0.06605000048875809,0.3870172393878224,1,3046,4.891066003138019,0.6588873196664414,38.704254150390625
0.03889999911189079,0.3399258276707492,0.05550000071525574,0.6139718890190125,0.0025184880942106247,-0.6030042767524719,0.2240999937057495,0.053599998354911804,0.3288543083928794,1,3309,4.895578680094789,0.36939349643447283,20.92483901977539
0.029899999499320984,0.43756854048472543,0.04919999837875366,0.7587603330612183,0.01536157913506031,-0.6707929372787476,0.24969999492168427,0.03424999862909317,0.41223929727343533,1,3353,4.895578680094789,0.25538182274615906,26.227201461791992
0.030750000849366188,0.3841950927938568,0.04205000028014183,0.742135763168335,0.0514141321182251,-0.6669306755065918,0.21045000851154327,0.031150000169873238,0.36266182492460447,1,3339,4.857359585477658,0.1534199677491258,26.57542610168457
0.04470000043511391,0.28083170846768496,0.061900001019239426,0.5119550228118896,-0.0130268894135952,-0.5529071688652039,0.2150000035762787,0.06939999759197235,0.27842938379804194,1,3539,4.8143504948729205,0.35116066397217915,28.956283569335938
0.04149999842047691,0.24157556986168224,0.050700001418590546,0.4991539716720581,0.33606433868408203,-0.5550680160522461,0.17720000445842743,0.05920000001788139,0.24035850839883238,1,4033,4.8892609323553105,0.33431792215649025,31.382783889770508
0.04464999958872795,0.20388715765440846,0.05739999935030937,0.4413965046405792,0.018906930461525917,-0.4693783223628998,0.15895000100135803,0.06159999966621399,0.20265769463247163,1,3553,4.846841768961668,0.4577804785252848,11.717366218566895
0.038100000470876694,0.4674756063123956,0.05700000002980232,0.7324519753456116,0.09374778717756271,-0.6568332314491272,0.2752000093460083,0.042500000447034836,0.42686805572718955,1,3440,4.836300426346064,0.5908736862555186,34.84805679321289
0.0243500005453825,0.48042057181712344,0.03945000097155571,0.8221529126167297,8.512499334756285e-05,-0.7389578223228455,0.262800008058548,0.02565000019967556,0.45117002734789224,1,3242,4.881138113833124,0.4226982280653886,21.667543411254883
0.047200001776218414,0.24351038581930273,0.0649000033736229,0.4685879051685333,-0.06445176899433136,-0.49296873807907104,0.19110000133514404,0.06915000081062317,0.24061164126338014,1,3351,4.885349945659443,0.33078132064871535,15.411884307861328
0.0421999990940094,0.4578980935728391,0.061799999326467514,0.7022317051887512,0.027946017682552338,-0.6366842985153198,0.2784000039100647,0.048700001090765,0.4165759909874549,1,3206,4.602590930299842,0.4664669393571046,38.62971115112305
0.05620000138878822,0.18450982212244427,0.06939999759197235,0.364988774061203,0.0,-0.4139750897884369,0.16744999587535858,0.0778999999165535,0.18021734043949558,1,3921,4.848345994613925,0.23737976229562208,25.048866271972656
0.030249999836087227,0.4907027994822004,0.03999999910593033,0.8045239448547363,0.004879428539425135,-0.7396256923675537,0.2672500014305115,0.028950000181794167,0.4489449901397129,1,3391,4.881138113833123,0.3681654199634954,23.547245025634766
0.05714999884366989,0.5319036136276054,0.09380000084638596,0.6602655649185181,-0.005382621195167303,-0.6025844812393188,0.37825000286102295,0.07739999890327454,0.47221786752837314,1,3111,4.852557826440244,0.5377217888265828,9.603193283081055
0.04165000095963478,0.40566552353982827,0.06785000115633011,0.6405900716781616,0.0004684744344558567,-0.6044884920120239,0.27524998784065247,0.06030000001192093,0.3858835335175504,1,2712,4.903701498616975,0.5937852350900776,10.693942070007324
0.4120999872684479,0.26589541483319323,0.39149999618530273,0.08228348195552826,0.0,-0.06824538856744766,0.44885000586509705,0.3805999755859375,0.07700556384001869,1,3397,4.873316140441388,0.4268114682026942,28.50617027282715
0.0430000014603138,0.3836796352327373,0.04944999888539314,0.680202066898346,0.10625970363616943,-0.6277056336402893,0.21619999408721924,0.04114999994635582,0.3467023084173347,1,3808,4.890765158007567,0.4338010106411365,27.407188415527344
0.040699999779462814,0.42587252443045276,0.060600001364946365,0.6584165692329407,-0.06672117114067078,-0.6507707834243774,0.28644999861717224,0.05900000035762787,0.40354248956535366,1,2884,4.892871073920728,0.44021043380393277,16.477275848388672
0.03880000114440918,0.5525355853957384,0.06679999828338623,0.7399425506591797,-0.10180747509002686,-0.689374566078186,0.36329999566078186,0.05429999902844429,0.5051220549597812,1,3262,4.875422056354548,0.37504911166919397,17.313570022583008
0.03350000083446503,0.2608814198849657,0.04845000058412552,0.5764869451522827,-0.019648317247629166,-0.557028591632843,0.17030000686645508,0.04574999958276749,0.2609105638473027,1,2522,4.883544874876734,0.22427659261151156,26.696306228637695
0.024700000882148743,0.5037283172732396,0.0393499992787838,0.8361924290657043,0.005549897439777851,-0.7479987144470215,0.2729499936103821,0.02434999868273735,0.4677034942882254,1,3221,4.89347276418163,0.5643158258772963,16.62849235534668
0.03519999980926514,0.33250730488932734,0.04639999940991402,0.6337592005729675,0.4422943592071533,-0.6394716501235962,0.210999995470047,0.04729999974370003,0.32381642508161385,1,4033,4.888659242094407,0.5604639944115728,36.26953125
0.03215000033378601,0.3997097622197483,0.044599998742341995,0.7350609302520752,-0.020931221544742584,-0.668278157711029,0.22429999709129333,0.03424999862909317,0.3758157000878599,1,3380,4.879633888180868,0.40880956967364424,11.931441307067871
0.04100000113248825,0.44770358912300223,0.06239999830722809,0.6863905191421509,-0.011475762352347374,-0.6407599449157715,0.2849999964237213,0.05299999937415123,0.4152744598083429,1,2815,4.8973837508774976,0.5213097402550472,11.717817306518555
0.03799999877810478,0.339649898365219,0.05350000038743019,0.6211453676223755,0.037602681666612625,-0.6099161505699158,0.2207999974489212,0.051600001752376556,0.3285862167364831,1,3483,4.8766254368763535,0.6732293488557118,40.20256423950195
0.03725000098347664,0.24498292798220156,0.048250000923871994,0.5224205255508423,0.007903621532022953,-0.5674585103988647,0.1748499870300293,0.05485000088810921,0.2466766920559048,1,3707,4.8327640256820334,0.017409795551647567,16.920143127441406
0.0414000004529953,0.34874921804369413,0.05779999867081642,0.6107429265975952,-0.04993792250752449,-0.5995843410491943,0.23090000450611115,0.055799998342990875,0.3338629824500708,1,3613,4.891066003138019,0.6000413483648813,3.3430838584899902
0.0406000018119812,0.5052134126369617,0.06424999982118607,0.7191671133041382,-0.009316492825746536,-0.6673139333724976,0.32199999690055847,0.05260000005364418,0.4620397858194043,1,3351,4.850451910527085,0.405497213022615,37.52151870727539
0.05635000020265579,0.19781234606116604,0.0722000002861023,0.36736881732940674,0.002758555579930544,-0.4524080455303192,0.1915000081062317,0.08860000222921371,0.19785925749335137,1,3245,4.80959895063728,0.6330609146409456,15.370794296264648
0.06480000168085098,0.3438387468063089,0.09425000101327896,0.501567006111145,-0.007548671215772629,-0.4901960790157318,0.27549999952316284,0.09144999831914902,0.3184439731162391,1,2574,4.867600082962813,0.6665029771775207,11.037758827209473
0.753600001335144,0.4093671626198409,0.6988999843597412,0.022897500544786453,0.0,-0.015113646164536476,0.7203500270843506,0.6881000399589539,0.025347784321672492,1,3870,4.879333043050416,0.14689653780134737,10.259025573730469
0.03530000150203705,0.47979697974003616,0.04729999974370003,0.7610306143760681,0.07654120028018951,-0.7050202488899231,0.2734000086784363,0.03709999844431877,0.4373226554426084,1,3291,4.888358396963957,0.590494769248429,27.97870635986328
0.05465000122785568,0.24125978248271038,0.06894999742507935,0.43655914068222046,-0.018919046968221664,-0.4880267381668091,0.2003999948501587,0.07859999686479568,0.2345314491927449,1,3459,4.826985990351879,0.2739349091479929,32.00202941894531
0.04039999842643738,0.4665898732015279,0.05855000019073486,0.7233275771141052,-0.015802821144461632,-0.6489282250404358,0.2750000059604645,0.04414999857544899,0.4227247868645305,1,2857,4.861571417303978,0.6758369277310586,21.014963150024414
0.04190000146627426,0.555515560806492,0.0778999999165535,0.7323843240737915,-0.001876444905065,-0.6483069658279419,0.3650999963283539,0.05640000104904175,0.5024959242938862,1,3102,4.900392202182011,0.32505279581231583,16.636699676513672
0.04035000130534172,0.48319530123078125,0.060350000858306885,0.7198838591575623,-0.036413729190826416,-0.6615254878997803,0.29624998569488525,0.048250000923871994,0.4404973156316417,1,2830,4.888659242094407,0.2622101979569662,24.297361373901367
0.04495000094175339,0.4647825418272578,0.062199998646974564,0.6977550387382507,0.008537895046174526,-0.6382669806480408,0.2817000150680542,0.05014999955892563,0.4175332297366625,1,3157,4.879934733311319,0.5877833888707759,25.205303192138672
0.3073999881744385,0.19570302736403167,0.28290000557899475,0.08991693705320358,0.0,-0.08365052193403244,0.33455002307891846,0.27935001254081726,0.07433343492181928,1,3602,4.900693047312462,0.688577677725223,23.175212860107422
0.052549999207258224,0.43786417061534516,0.07509999722242355,0.6288065910339355,-0.026293298229575157,-0.5961822867393494,0.2968499958515167,0.06764999777078629,0.39768652360603796,1,2639,4.903701498616976,0.5356296541677762,8.498847007751465
0.03359999880194664,0.46429857210176534,0.053300000727176666,0.7515810132026672,-0.026196790859103203,-0.6703262329101562,0.2700499892234802,0.03830000013113022,0.43004266495515153,1,2859,4.857672193657917,0.37939935163662564,24.120922088623047
0.039900001138448715,0.23806782238399968,0.057999998331069946,0.4761904776096344,-0.01768057607114315,-0.5363709330558777,0.19220000505447388,0.0681999996304512,0.2446081101920875,1,2595,4.868803463484618,0.430239088904266,5.623766899108887
0.03629999980330467,0.6445728456392196,0.06260000169277191,0.8065536618232727,-0.007840276695787907,-0.7291801571846008,0.39969998598098755,0.04280000180006027,0.5680105922672523,1,3290,4.896180370355692,0.44429712754563133,19.918941497802734
0.4266499876976013,0.49966789352648966,0.41464999318122864,0.1529247909784317,0.0,-0.13043934106826782,0.5390499830245972,0.39605000615119934,0.14946691305689988,1,3028,4.878430507659061,0.30495545417401115,38.8248176574707
0.04670000076293945,0.36267423391914166,0.065700002014637,0.599737286567688,0.005188771989196539,-0.5751697421073914,0.243599995970726,0.06094999983906746,0.3405319689570407,1,3382,4.873616985571839,0.5733027437294996,23.639787673950195
0.024450000375509262,0.45722050901057043,0.03804999962449074,0.810541570186615,-0.005063876509666443,-0.7357180118560791,0.2498999983072281,0.026149999350309372,0.4324785767005257,1,3203,4.858562965999463,0.22581357000546165,25.899044036865234
0.029400000348687172,0.2945145738928783,0.04820000007748604,0.6101973652839661,0.1586756855249405,-0.6049180626869202,0.19580000638961792,0.04740000143647194,0.29951561502379287,1,3849,4.8739060676524835,0.6755797044812748,9.37446403503418
0.047449998557567596,0.32447483721578524,0.06404999643564224,0.5646067261695862,0.023587580770254135,-0.553425133228302,0.22280000150203705,0.06200000271201134,0.3073394455783579,1,3473,4.818562326699241,0.2278988551537967,29.144542694091797
0.033799998462200165,0.25961689031269114,0.0502999983727932,0.5434962511062622,-0.05308128148317337,-0.5748097896575928,0.18629999458789825,0.05510000139474869,0.26544374272471755,1,2643,4.89587952522524,0.09725718216587265,18.47228240966797
0.02525000087916851,0.3715530619807632,0.034699998795986176,0.766130805015564,-0.0008594897226430476,-0.7049319744110107,0.2004999965429306,0.02655000053346157,0.3588817757560458,1,3051,4.860680644962431,0.4273401823761229,13.865803718566895
0.04899999871850014,0.5736529948308962,0.0697999969124794,0.7506513595581055,0.002503229770809412,-0.6559457778930664,0.33595001697540283,0.047850001603364944,0.48896810813943414,1,3117,4.898587131399302,0.2343516023755977,51.82145309448242
0.05000000074505806,0.5399579854900592,0.0734499990940094,0.6953580379486084,-0.046126265078783035,-0.6637289524078369,0.36340001225471497,0.06530000269412994,0.481479495147319,1,3168,4.89587952522524,0.11850388107136156,19.556385040283203
0.039650000631809235,0.34336057302466605,0.06199999898672104,0.6167988777160645,-0.030637027695775032,-0.5668122172355652,0.22425000369548798,0.0531499981880188,0.33013893444736925,1,2624,4.868201773223715,0.42282685856292634,17.895551681518555
0.03709999844431877,0.2227509331697794,0.049949999898672104,0.49453550577163696,0.0,-0.5332865715026855,0.16409999132156372,0.05550000071525574,0.2263757472375388,1,4169,4.859176419310176,0.4399123664221565,10.148758888244629
0.04399999976158142,0.27159201164505387,0.052650000900030136,0.5538735389709473,-0.001571990316733718,-0.5364296436309814,0.1745000034570694,0.05009999871253967,0.25752140016295033,1,3470,4.842329092004898,0.1796334600828996,22.04948616027832
0.039400000125169754,0.4314572447509724,0.06260000169277191,0.6840481162071228,0.2273603230714798,-0.6268256306648254,0.2728999853134155,0.05119999870657921,0.4035311083105009,1,3085,4.862485715745141,0.549942193891797,34.498287200927734
0.1550000011920929,0.336285362571862,0.178849995136261,0.319825142621994,-0.008604281581938267,-0.3000684976577759,0.33219999074935913,0.1712000072002411,0.24068165817936088,1,2759,4.903400653486525,0.18241712613488148,0.9274099469184875
0.06134999915957451,0.28072568261903413,0.07980000227689743,0.4602300524711609,0.0,-0.4769785404205322,0.2253500074148178,0.08330000191926956,0.2634947205637045,1,3502,4.892871073920727,0.530108190379687,13.152969360351562
0.05350000038743019,0.23125002015776097,0.0722000002861023,0.42008736729621887,-0.029359713196754456,-0.4757669270038605,0.2032500058412552,0.08299999684095383,0.2294117810939545,1,3728,4.872714450180485,0.6364686844346937,22.681812286376953
0.02995000034570694,0.4759908210869524,0.050200000405311584,0.7778140306472778,-0.00017580062558408827,-0.6888269186019897,0.2724500000476837,0.034049998968839645,0.4433973987034558,1,2984,4.866396702441007,0.5235409423015455,40.77519226074219
0.057100001722574234,0.418166598590477,0.08839999884366989,0.5840528011322021,-0.005732144229114056,-0.5583312511444092,0.31189998984336853,0.08190000057220459,0.385992378167668,1,3029,4.896180370355692,0.03564962706190056,29.820966720581055
0.030150000005960464,0.25264948007959875,0.03525000065565109,0.6537774801254272,0.0,-0.5954088568687439,0.13899999856948853,0.029100000858306885,0.24674449439898338,1,3859,4.873015295310937,0.6090674412215357,21.04892921447754
0.03350000083446503,0.5355365310641625,0.04989999905228615,0.7982195615768433,0.05484796315431595,-0.7172003388404846,0.30300000309944153,0.03400000184774399,0.4820788524403976,1,3634,4.870307689136874,0.34380159252583786,22.120140075683594
0.042649999260902405,0.48509419766642914,0.05714999884366989,0.7433998584747314,0.06223104149103165,-0.6514180898666382,0.2707499861717224,0.03985000029206276,0.4272760727895265,1,3344,4.857672193657917,0.15730790022765329,30.956342697143555
0.04569999873638153,0.5601424483891736,0.06024999916553497,0.7696986794471741,0.07081391662359238,-0.6769436597824097,0.312749981880188,0.040699999779462814,0.47814749770985976,1,3366,4.875722901484999,0.3559587759507413,33.885589599609375
0.04600000008940697,0.5160610239489497,0.06984999775886536,0.7005777359008789,-0.03251741826534271,-0.657891571521759,0.3385000228881836,0.05959999933838844,0.4658167519999812,1,3232,4.896180370355692,0.5597726015930286,4.724083423614502
0.03655000030994415,0.4121817440593014,0.059300001710653305,0.6586517095565796,0.0,-0.6515863537788391,0.28110000491142273,0.057850003242492676,0.39915966296999933,1,3773,4.857058740347208,0.20543551149569883,0.9285257458686829
0.021400000900030136,0.3728792965634573,0.03375000134110451,0.756812572479248,0.00017264735652133822,-0.726166307926178,0.21275000274181366,0.02944999933242798,0.3704527140200351,1,2745,4.901294737573365,0.238632163075452,10.464887619018555
0.0393499992787838,0.26638802371267706,0.053950000554323196,0.5393189191818237,-0.01785453036427498,-0.5511647462844849,0.18645000457763672,0.055799998342990875,0.26402830391490795,1,2639,4.903400653486525,0.15593030403116526,26.844743728637695
0.04100000113248825,0.416376300432112,0.05689999833703041,0.6868976950645447,-0.0566055104136467,-0.6285294890403748,0.24944999814033508,0.046300001442432404,0.3829406160309511,1,2888,4.877828817398159,0.5425207689594721,27.668500900268555
0.03799999877810478,0.20268479887782925,0.047600001096725464,0.4967532455921173,-0.009129103273153305,-0.48789671063423157,0.13830000162124634,0.04650000110268593,0.20108060781266163,1,3350,4.898587131399302,0.3702018175433448,19.262847900390625
0.04924999922513962,0.523486827956178,0.07235000282526016,0.705197811126709,0.01588740386068821,-0.640094518661499,0.3296999931335449,0.05700000002980232,0.4613172356033378,1,3207,4.903701498616976,0.3292098497710618,33.14327621459961
0.6483500003814697,0.40208231178862747,0.6453999876976013,0.07602468878030777,0.0,-0.063178151845932,0.732450008392334,0.6289499998092651,0.08340497055471642,1,3655,4.875722901484999,0.6989603926831818,6.53412389755249
0.04670000076293945,0.46004273111675403,0.07639999687671661,0.6621238589286804,-0.006703814025968313,-0.602445662021637,0.3079499900341034,0.06260000169277191,0.4227499695703411,1,2658,4.895277834964338,0.18582148532950815,9.769189834594727
0.027049999684095383,0.3807346270884395,0.0406000018119812,0.7487623691558838,0.009869163855910301,-0.6784794926643372,0.21195000410079956,0.03044999949634075,0.36671606356082853,1,3192,4.901294737573365,0.6817146296634431,12.903009414672852
0.023399999365210533,0.5333693859096151,0.04179999977350235,0.8329312205314636,-0.006795413326472044,-0.7581718564033508,0.30390000343322754,0.027699999511241913,0.4981962535065594,1,2870,4.867299237832361,0.04033676069854253,14.221421241760254
0.029500000178813934,0.5223711674728199,0.056299999356269836,0.7827439904212952,0.007393842563033104,-0.6968228220939636,0.3151000142097473,0.03840000182390213,0.4862917525269318,1,2741,4.882943184615833,0.386414486975138,34.3318977355957
0.04405000060796738,0.4724879488715852,0.06080000102519989,0.7178125381469727,-0.013671870343387127,-0.6377178430557251,0.2748500108718872,0.045149996876716614,0.4201829484596642,1,3205,4.885049100528992,0.2647346637720748,36.06359100341797
0.03099999949336052,0.347984581019293,0.04170000180602074,0.6912193298339844,0.0006468670908361673,-0.6594527959823608,0.20319999754428864,0.03709999844431877,0.33655274888558695,1,3890,4.858875574179724,0.34109364055744595,19.698278427124023
0.04964999854564667,0.3711292815412326,0.07294999808073044,0.5835591554641724,-0.05360342934727669,-0.5656445622444153,0.26295000314712524,0.06915000081062317,0.34935705098195624,1,2771,4.878129662528611,0.13628784564629237,11.07918643951416
0.027899999171495438,0.4054394730159156,0.04280000180006027,0.7663885354995728,-0.0076597570441663265,-0.6771029829978943,0.2222999930381775,0.029400000348687172,0.3849274864704178,1,2623,4.8691662864666485,0.0133764613344165,15.41982650756836
0.47404998540878296,0.2990020761853962,0.4577000141143799,0.08131080865859985,0.0,-0.07127273827791214,0.5279499888420105,0.4485499858856201,0.08066373618228873,1,3400,4.898286286268851,0.30153045877529616,32.96540832519531
0.04230000078678131,0.491643403085381,0.06859999895095825,0.7100248336791992,0.24932780861854553,-0.6372289657592773,0.30959999561309814,0.05249999836087227,0.44733789418166126,1,2816,4.880837268702672,0.1502640373111478,30.165904998779297
0.3582000136375427,0.35309425994578614,0.349700003862381,0.1435949057340622,0.0,-0.12972062826156616,0.4539499878883362,0.33994999527931213,0.13215858345936765,1,3062,4.880536423572221,0.6498511680021775,25.931880950927734
0.027650000527501106,0.4382282446034209,0.03914999961853027,0.7776162624359131,-0.012051626108586788,-0.7240528464317322,0.24459999799728394,0.03060000017285347,0.4140866840742614,1,3445,4.8660958573105555,0.5752694800372472,23.863039016723633
0.029899999499320984,0.4488111587765423,0.04809999838471413,0.7488524317741394,0.6072556972503662,-0.6944091320037842,0.26669999957084656,0.03830000013113022,0.4255900612253543,1,3194,4.834796200693807,0.3426671562617858,49.566261291503906
0.03914999961853027,0.4864890976548699,0.06469999998807907,0.7221984267234802,0.027870066463947296,-0.6467376351356506,0.30160000920295715,0.048650000244379044,0.446251113463079,1,3197,4.887455861572602,0.3132311132794585,27.375534057617188
0.04569999873638153,0.34186317556679363,0.06270000338554382,0.5881133675575256,-0.005930271465331316,-0.5712820291519165,0.2298000007867813,0.05959999933838844,0.3234101876515178,1,3434,4.869705998875971,0.4715567691692202,26.225975036621094
0.03370000049471855,0.39981914367669574,0.04574999958276749,0.7401354908943176,-0.02076013945043087,-0.653474748134613,0.218299999833107,0.032600000500679016,0.37095485267655137,1,3036,4.85827388391882,0.6202948395008221,37.571590423583984
0.03359999880194664,0.43885561421751546,0.04560000076889992,0.7607900500297546,0.05993535742163658,-0.6814530491828918,0.24070000648498535,0.03269999846816063,0.40341351180122975,1,3215,4.8814389589635745,0.023168316667527833,36.469688415527344
0.21140000224113464,0.5789777191804756,0.22714999318122864,0.3863333761692047,0.0,-0.3470825254917145,0.4686500132083893,0.2074500024318695,0.3331349468195416,1,3672,4.881138113833123,0.5890869946758897,3.9314558506011963
0.01924999989569187,0.2680148938049558,0.02979999966919422,0.6955801248550415,-0.006427242420613766,-0.6747612357139587,0.15344999730587006,0.027550000697374344,0.2773127686732296,1,2710,4.900392202182011,0.3375065590189902,7.029378414154053
0.03914999961853027,0.43553358358260047,0.05959999933838844,0.692139744758606,0.0024122935719788074,-0.6397159099578857,0.27125000953674316,0.04935000091791153,0.4056178511913879,1,3122,4.875121211224097,0.6227524008784253,37.141441345214844
0.06395000219345093,0.39299872375117517,0.08910000324249268,0.5491663217544556,-0.008350907824933529,-0.5360583066940308,0.29499998688697815,0.08585000038146973,0.3561616441990727,1,2818,4.888358396963956,0.3086000458772368,17.712560653686523
0.03545000031590462,0.3586707546684029,0.05335000157356262,0.6578654050827026,-0.034154098480939865,-0.6137556433677673,0.22290000319480896,0.04600000008940697,0.34510339904371035,1,2660,4.898887976529754,0.0708238695327763,3.823320150375366
0.040449999272823334,0.28761999760454987,0.05169999971985817,0.555859386920929,0.022155962884426117,-0.587801456451416,0.1991499960422516,0.05685000121593475,0.28234126060000314,1,3445,4.857070503397015,0.3805627484717816,17.689189910888672
0.05270000174641609,0.46361280878417704,0.08780000358819962,0.6208333373069763,0.10945285856723785,-0.5989952087402344,0.35010001063346863,0.08190000057220459,0.4316523715181767,1,3203,4.900993892442913,0.16776832698448096,13.890719413757324
0.0385500006377697,0.24443955767073297,0.05310000106692314,0.5068493485450745,0.003401059890165925,-0.5473145842552185,0.18150000274181366,0.05939999967813492,0.2471993575344964,1,3607,4.877215364087448,0.10348443119665218,4.718841075897217
0.05685000121593475,0.5161423896209851,0.09130000323057175,0.6551251411437988,0.0,-0.5972651243209839,0.3621000051498413,0.07545000314712524,0.4586155396501054,1,3988,4.864591631658299,0.6560939929556568,3.8231863975524902
0.02954999916255474,0.33963263929615617,0.04600000008940697,0.7007666826248169,0.030241310596466064,-0.6168262958526611,0.19409999251365662,0.03415000066161156,0.3294541572626212,1,3098,4.831197822178199,0.34770507392817884,21.388200759887695
0.0393499992787838,0.4394766753443175,0.05954999849200249,0.6871322989463806,-0.05080694332718849,-0.6488279700279236,0.27959999442100525,0.05184999853372574,0.410878581665367,1,3141,4.873616985571841,0.2757068122298766,41.869483947753906
0.033250000327825546,0.4851514964379795,0.04884999990463257,0.7677215337753296,0.07359675318002701,-0.7022703289985657,0.2793000042438507,0.03669999912381172,0.44595588992430096,1,3234,4.890464312877116,0.47767840811991524,8.498180389404297
0.03034999966621399,0.5173348316618858,0.047850001603364944,0.807330846786499,0.081168033182621,-0.7154326438903809,0.2884500026702881,0.030750000849366188,0.4718627942756213,1,3164,4.882642339485382,0.4367608303127708,21.04718017578125
0.046799998730421066,0.5042109021034857,0.06485000252723694,0.715823769569397,0.012500522658228874,-0.6472188234329224,0.3027999997138977,0.05014999955892563,0.44431092157283625,1,3426,4.871210224528229,0.6977818451919625,32.599098205566406
0.07620000094175339,0.4712691908995736,0.09809999912977219,0.5768061876296997,0.36597856879234314,-0.5492763519287109,0.33719998598098755,0.09049999713897705,0.3988897164991789,1,3386,4.903701498616975,0.3686907276275069,48.36063766479492
0.06840000301599503,0.3312179999657084,0.09000000357627869,0.47816768288612366,0.11403127759695053,-0.5080623030662537,0.2759000062942505,0.09740000218153,0.3065956756789684,1,3911,4.8892609323553105,0.22036862420275738,42.42206954956055
0.03720000013709068,0.49075555237860136,0.062300000339746475,0.7292255759239197,-0.01919681206345558,-0.661596953868866,0.3059000074863434,0.0478999987244606,0.453267756298509,1,2803,4.903701498616976,0.30008724339148973,9.464672088623047
0.4338499903678894,0.28415472939505093,0.4180999994277954,0.0833238959312439,0.0,-0.06595925241708755,0.477150022983551,0.4037500023841858,0.07973063138276644,1,3177,4.844435007918057,0.2004056813804791,48.913455963134766
0.042249999940395355,0.695086011992816,0.06594999879598618,0.8277305960655212,0.09315748512744904,-0.719152569770813,0.40369999408721924,0.03804999962449074,0.5823997826985841,1,3210,4.898587131399303,0.1568019049664504,37.58253479003906
0.038600001484155655,0.6734006687506009,0.07729999721050262,0.8096468448638916,-0.022142769768834114,-0.6892462372779846,0.420199990272522,0.044199999421834946,0.5848195689578726,1,3113,4.906108259660586,0.5470239424649264,22.445877075195312
0.03550000116229057,0.41091763342442167,0.054499998688697815,0.7181768417358398,-0.0550573356449604,-0.6254938840866089,0.2365500032901764,0.03880000114440918,0.3825691642769267,1,2908,4.875422056354548,0.6680022678738763,28.563695907592773
0.06769999861717224,0.31123572914637265,0.08820000290870667,0.4752293527126312,0.38633808493614197,-0.46448084712028503,0.24120000004768372,0.08579999953508377,0.28186215342986937,1,4001,4.900693047312462,0.007773590870953639,27.873414993286133
0.03135000169277191,0.5214748498599968,0.05415000021457672,0.8007650971412659,-0.028224829584360123,-0.6891058087348938,0.29420000314712524,0.03254999965429306,0.4747202950219028,1,2970,4.887455861572603,0.573986995184248,3.3430070877075195
0.05104999989271164,0.24875129287583597,0.05719999969005585,0.4935603737831116,0.0,-0.49879518151283264,0.17104999721050262,0.057999998331069946,0.2325972146713762,1,3541,4.885951635920345,0.28529275464412474,30.697757720947266
0.04414999857544899,0.3505523838995743,0.059950001537799835,0.5999999642372131,0.019131533801555634,-0.5932145714759827,0.23479999601840973,0.05870000272989273,0.33289223736541385,1,3522,4.890464312877116,0.659150464998904,22.44969940185547
0.05130000039935112,0.46451446904108706,0.07975000143051147,0.6380810141563416,-0.04078078269958496,-0.6102626323699951,0.3294999897480011,0.07280000299215317,0.4267427498967732,1,3271,4.886252481050797,0.2485458906161464,20.1635799407959
0.04800000041723251,0.40667382317118494,0.07005000114440918,0.6343052387237549,-0.04382956400513649,-0.5799100399017334,0.2634499967098236,0.05894999951124191,0.37299367364711966,1,3299,4.888358396963956,0.3169548364384903,14.876138687133789
0.05364999920129776,0.46624051873614075,0.08699999749660492,0.625861644744873,-0.04447314888238907,-0.5944055914878845,0.34200000762939453,0.0786999985575676,0.4289671021545967,1,3061,4.885951635920345,0.41204401403265134,4.724545955657959
0.04544999822974205,0.4591287567068408,0.06255000084638596,0.6816860437393188,-0.05676205828785896,-0.6444002389907837,0.2892500162124634,0.054749999195337296,0.4167654254789698,1,3217,4.895879525225242,0.6892452935949671,13.693343162536621
0.037300001829862595,0.39679446428973036,0.0568000003695488,0.6652501225471497,-0.014827762730419636,-0.6353130340576172,0.2547000050544739,0.05119999870657921,0.3787690880968747,1,3557,4.850151065396634,0.5150670326879557,11.717000007629395
0.04670000076293945,0.5661139376067221,0.066600002348423,0.7433695197105408,0.4497548043727875,-0.6764634251594543,0.3450999855995178,0.05079999938607216,0.4927447111490564,1,3369,4.88023557844177,0.18339855692878448,37.99790954589844
0.0357000008225441,0.35727394869348233,0.05050000175833702,0.6581517457962036,0.0772312805056572,-0.6275811195373535,0.2206999957561493,0.045499999076128006,0.3429913818748581,1,3411,4.88023557844177,0.06548510224839255,43.569183349609375
0.03139999881386757,0.5000605861867922,0.04574999958276749,0.7933354377746582,0.009935284033417702,-0.7189803719520569,0.2798500061035156,0.03225000202655792,0.457332843735115,1,3305,4.874820366093646,0.4057430423131655,31.30291748046875
0.08425000309944153,0.39326596856486923,0.11715000122785568,0.48053812980651855,-0.021908508613705635,-0.509370744228363,0.36039999127388,0.12645000219345093,0.3556011409471228,1,2606,4.89587952522524,0.11638008871251848,13.891378402709961
0.04149999842047691,0.4441296456434669,0.06324999779462814,0.6808981895446777,-0.05471702292561531,-0.6361806392669678,0.2844499945640564,0.05400000140070915,0.41227859909196934,1,2772,4.890464312877116,0.5983350762346871,32.294124603271484
0.0377499982714653,0.6106090095886241,0.0669500008225441,0.7733154892921448,-0.03784893825650215,-0.711639940738678,0.39739999175071716,0.05079999938607216,0.5483020390283526,1,3283,4.882943184615832,0.6844510477988345,11.931640625
0.08959999680519104,0.26481439620100417,0.1180500015616417,0.35552024841308594,0.035954564809799194,-0.43299710750579834,0.2983500063419342,0.14184999465942383,0.24968093732583022,1,2727,4.885049100528992,0.1220569192267783,18.964000701904297
0.041600000113248825,0.3517261419301114,0.06174999848008156,0.6019917130470276,0.002258990192785859,-0.592476487159729,0.24130000174045563,0.059950001537799835,0.33950077902154563,1,3571,4.8561562049558535,0.11452138837622583,9.240324974060059
0.03635000064969063,0.5265587260689266,0.05040000006556511,0.7929862141609192,-0.03065352886915207,-0.7040082216262817,0.290149986743927,0.03350000083446503,0.46740118335466185,1,3197,4.885349945659443,0.36140433935873895,19.917898178100586
0.0949999988079071,0.397272569477261,0.0994499996304512,0.4909762740135193,0.0,-0.4501727819442749,0.2623000144958496,0.08955000340938568,0.30419089180382275,1,3285,4.885049100528993,0.05405808558719871,12.901981353759766
0.039500001817941666,0.43720271847516784,0.05719999969005585,0.7116636037826538,0.0188555046916008,-0.6352622509002686,0.25644999742507935,0.04320000112056732,0.40001875200217174,1,3088,4.871811914789131,0.30171135936079363,34.280818939208984
0.02979999966919422,0.4552829248670035,0.0471000000834465,0.7581548690795898,-0.02152853272855282,-0.6999044418334961,0.2667999863624573,0.03669999912381172,0.4295581668854511,1,2841,4.895277834964338,0.27593586555133864,12.202360153198242
0.06239999830722809,0.23838763128055673,0.08789999783039093,0.3907637596130371,0.10298144817352295,-0.4553903341293335,0.23489999771118164,0.10289999842643738,0.23633325356878188,1,3666,4.877527972267707,0.537089628462078,42.38064956665039
0.03849999979138374,0.5997449336028462,0.06560000032186508,0.7764151096343994,-0.014357051812112331,-0.7033016681671143,0.3765999972820282,0.04740000143647194,0.534415578412541,1,2834,4.880235578441771,0.13349400003365752,9.109553337097168
0.03265000134706497,0.39133574681833155,0.046300001442432404,0.7131578922271729,-0.014328395016491413,-0.6622287034988403,0.22785000503063202,0.03815000131726265,0.37147520001562484,1,3151,4.870006844006424,0.36606004229851685,24.85279083251953
0.0494999997317791,0.5881147001697485,0.07400000095367432,0.7356027364730835,-0.00876178964972496,-0.6683101654052734,0.37220001220703125,0.056699998676776886,0.509473586769694,1,2841,4.905807414530135,0.2029070595569915,31.675888061523438
0.029500000178813934,0.5267198558269817,0.05469999834895134,0.7816060185432434,0.003956576343625784,-0.7084998488426208,0.3206000030040741,0.03929999843239784,0.4906965997821171,1,2667,4.890464312877116,0.26242960013801897,30.318424224853516
0.040800001472234726,0.37049976354006114,0.05790000036358833,0.6483279466629028,-0.07930783927440643,-0.5966562032699585,0.22920000553131104,0.048900000751018524,0.34757743861565704,1,2876,4.903701498616975,0.3774792387776771,24.13190269470215
0.04839999973773956,0.6141976647413874,0.07079999893903732,0.7697103023529053,0.00031219294760376215,-0.6727902889251709,0.36195001006126404,0.0471000000834465,0.519525889330935,1,3397,4.885650790789894,0.6720652878820419,31.803800582885742
0.14505000412464142,0.34598286025383873,0.15524999797344208,0.3402196168899536,0.0,-0.32995250821113586,0.3081499934196472,0.1517000049352646,0.24449130919287776,1,3374,4.86489247678875,0.42888944602617984,31.752487182617188
0.03539999946951866,0.32390619931628123,0.05339999869465828,0.6194144487380981,-0.02966935746371746,-0.5948406457901001,0.2101999968290329,0.049400001764297485,0.3175355358659435,1,2795,4.898286286268851,0.24946375872829551,25.637693405151367
0.042750000953674316,0.3915934528128287,0.05040000006556511,0.6672623753547668,0.017459815368056297,-0.6446324586868286,0.23325000703334808,0.046549998223781586,0.3591305608186123,1,3839,4.89377360931208,0.16717304476746953,34.988441467285156
0.031700000166893005,0.405691827193849,0.04715000092983246,0.7297797799110413,0.016159260645508766,-0.6641737818717957,0.23364999890327454,0.0364999994635582,0.38398363927375706,1,3227,4.8561679680056615,0.007775948091878981,24.62285041809082
0.03959999978542328,0.5008403609799791,0.05389999970793724,0.7473872303962708,-0.00569915259256959,-0.6888888478279114,0.29259997606277466,0.04230000078678131,0.44969454225011185,1,2936,4.893171919051177,0.26300013115714405,20.00653839111328
0.03844999894499779,0.257750906058443,0.04699999839067459,0.5614117980003357,0.08900132775306702,-0.5584781765937805,0.16590000689029694,0.04659999907016754,0.2511579090991948,1,3532,4.832401202700004,0.23270898741835433,17.981130599975586
0.03180000185966492,0.4574054053207176,0.04320000112056732,0.7743517756462097,0.007803024724125862,-0.7085019946098328,0.2531999945640564,0.03220000118017197,0.42207791172917475,1,3525,4.8606806449624305,0.42080428690820126,28.13088035583496
0.03824999928474426,0.4770321679102108,0.053950000554323196,0.7555994987487793,0.015962617471814156,-0.6632859706878662,0.26649999618530273,0.03709999844431877,0.42819810715662254,1,3348,4.855253669564498,0.32291635137826125,23.666406631469727
0.0458500012755394,0.48751795417156746,0.05694999918341637,0.7252594232559204,-0.012731865048408508,-0.660456120967865,0.2784999907016754,0.044349998235702515,0.42683963470975866,1,3581,4.890163467746665,0.14697493810316997,44.446773529052734
0.03180000185966492,0.5512165663515585,0.058800000697374344,0.7879763841629028,-0.011434441432356834,-0.6999234557151794,0.33309999108314514,0.039500001817941666,0.5046985875322217,1,2947,4.900993892442913,0.13560233438950486,11.030243873596191
0.0272000003606081,0.32145075880030416,0.0421999990940094,0.6802631616592407,0.005437982734292746,-0.6389304399490356,0.19154998660087585,0.03644999861717224,0.31957415755423796,1,3721,4.859164656260367,0.2524608010694791,15.092390060424805
0.031700000166893005,0.3875687153011204,0.04594999924302101,0.7033370137214661,-0.031025918200612068,-0.6696621179580688,0.23225000500679016,0.040449999272823334,0.37233079721433715,1,3242,4.900693047312462,0.4474490363040611,10.38517951965332
0.02590000070631504,0.3504860564238466,0.03849999979138374,0.7330386638641357,0.001721950713545084,-0.671711802482605,0.1960500031709671,0.03020000085234642,0.3425473350771163,1,3510,4.868201773223716,0.19545049921632296,18.466812133789062
0.04129999876022339,0.4786262979209418,0.06639999896287918,0.7026800513267517,-0.07596941292285919,-0.6423859000205994,0.3049499988555908,0.05324999988079071,0.4399324155419563,1,2806,4.905807414530135,0.1973799334317069,1.8543341159820557
0.3869999945163727,0.23888998964799638,0.36390000581741333,0.07509465515613556,0.0,-0.05320670083165169,0.4047999978065491,0.34824997186660767,0.06769485731844974,1,3858,4.866998392701911,0.5936773856010898,7.882534027099609
0.039500001817941666,0.39624151742229796,0.06159999966621399,0.6452513933181763,-0.03407611697912216,-0.6228379011154175,0.2650499939918518,0.05714999884366989,0.37928727248804217,1,2805,4.905506569399684,0.04790637271581555,3.704791784286499
0.06395000219345093,0.30521254393276703,0.08659999817609787,0.4627903699874878,0.10266343504190445,-0.5044348835945129,0.2628999948501587,0.09655000269412994,0.2903310127954067,1,2691,4.900993892442913,0.5037876091410246,18.16726303100586
0.1839500069618225,0.7177733161792563,0.2050500065088272,0.4915303885936737,0.0,-0.4234905242919922,0.5062999725341797,0.17260000109672546,0.4245906933177145,1,3319,4.900693047312463,0.5094939499978312,17.1965274810791
0.026900000870227814,0.381694039483054,0.03779999911785126,0.7628997564315796,-0.0018060995498672128,-0.6907975673675537,0.20669999718666077,0.027800001204013824,0.365350571221155,1,3058,4.843231627396252,0.2548291438197976,15.003780364990234
0.0385500006377697,0.2938778820455295,0.05260000005364418,0.5647688508033752,-0.07233121246099472,-0.5912181735038757,0.20475000143051147,0.05694999918341637,0.2910594764237274,1,3564,4.867600082962813,0.6353660991034142,12.963428497314453
0.04715000092983246,0.513007205884768,0.0738999992609024,0.6851962804794312,-0.016574889421463013,-0.6520715355873108,0.35089999437332153,0.06554999947547913,0.4670467512899354,1,2914,4.906108259660587,0.09741008845014665,26.234710693359375
0.03804999962449074,0.47322590607959153,0.0580499991774559,0.7353032827377319,-0.012654002755880356,-0.6554896235466003,0.2789500057697296,0.04255000129342079,0.4316494262515622,1,3265,4.894976989833886,0.678144807258647,22.86507225036621
0.043949998915195465,0.54238443460873,0.07180000096559525,0.7342226505279541,0.006530774291604757,-0.6495851874351501,0.33799999952316284,0.05180000141263008,0.4824679666377939,1,3186,4.883544874876734,0.29506330466765485,24.236665725708008
0.04309999942779541,0.336516123649715,0.06814999878406525,0.5800367593765259,-0.014262242242693901,-0.5528215169906616,0.2366500049829483,0.06289999932050705,0.3259646139589616,1,2777,4.888659242094408,0.37624721542232176,4.62959098815918
0.15850000083446503,0.3445974897072418,0.1529500037431717,0.31281933188438416,0.0,-0.2872786521911621,0.2762500047683716,0.14459998905658722,0.21444863429647137,1,3715,4.903400653486524,0.08993998054399155,17.947633743286133
0.051249999552965164,0.439861150539059,0.07944999635219574,0.6235355138778687,0.011087856255471706,-0.5938658118247986,0.3118000030517578,0.0723000019788742,0.4063454355447925,1,3167,4.880536423572222,0.5274118582277159,7.437920093536377
0.04114999994635582,0.3231520799830239,0.051350001245737076,0.6331105828285217,-0.001337411580607295,-0.5734164118766785,0.18940000236034393,0.04255000129342079,0.30094268802624624,1,3544,4.897684596007949,0.19260296936082344,42.923858642578125
0.02329999953508377,0.4066184003927915,0.03099999949336052,0.7864000201225281,0.07934273779392242,-0.7561934590339661,0.2232999950647354,0.02669999934732914,0.3931999943643808,1,3564,4.863087406006042,0.5709138929909022,12.677982330322266
0.10215000063180923,0.22773524788615157,0.10454999655485153,0.31602010130882263,0.0,-0.3194466829299927,0.20269998908042908,0.10535000264644623,0.18071280384386343,1,3637,4.888960087224858,0.27440471235234676,14.875343322753906
0.042750000953674316,0.4383810614535787,0.06315000355243683,0.6723012924194336,-0.010238362476229668,-0.6340190768241882,0.2819499969482422,0.05525000020861626,0.4061753419305458,1,3043,4.893472764181629,0.06008562645561577,12.800724983215332
0.041999999433755875,0.516722529583345,0.06769999861717224,0.7271509170532227,0.030668994411826134,-0.6527314782142639,0.3222000002861023,0.05090000107884407,0.46609781030201447,1,3228,4.900693047312462,0.5914958932353441,48.39239501953125
0.033799998462200165,0.46061215374994186,0.05429999902844429,0.7410529851913452,-0.00894705206155777,-0.6688519716262817,0.27364999055862427,0.040699999779462814,0.4290845340633875,1,3175,4.896180370355691,0.44156870064360176,39.81090545654297
0.03660000115633011,0.11895408256414822,0.04470000043511391,0.3429830074310303,0.31833645701408386,-0.4095112383365631,0.10670000314712524,0.05220000073313713,0.1240704251624774,1,4237,4.869705998875973,0.476206498863588,40.68370056152344
0.021250000223517418,0.4062401796465659,0.03334999829530716,0.8100208640098572,0.0004970653681084514,-0.7333067059516907,0.21674999594688416,0.022749999538064003,0.39350912290729456,1,2979,4.882642339485381,0.21816228121006143,5.39739990234375
0.03714999929070473,0.521139151487931,0.05754999816417694,0.7721556425094604,0.027376072481274605,-0.6775910258293152,0.29945001006126404,0.03849999979138374,0.46712215621747166,1,3245,4.875722901484999,0.06181153029125819,32.02640914916992
0.03889999911189079,0.612554504059424,0.05779999867081642,0.7975308299064636,0.008829856291413307,-0.7259364724159241,0.36399999260902405,0.04100000113248825,0.5353591055970631,1,2923,4.880536423572221,0.34975907063839484,27.803611755371094
0.427700012922287,0.3864238445489451,0.41200000047683716,0.11229043453931808,0.0,-0.0890498161315918,0.4925500154495239,0.39309999346733093,0.1076570793586598,1,3234,4.843582687328476,0.14653139998682962,28.19295310974121
0.042399998754262924,0.5195282400213653,0.06449999660253525,0.7331514358520508,-0.07809412479400635,-0.6623920798301697,0.3176000118255615,0.048900000751018524,0.46514715610138957,1,3135,4.897684596007949,0.34095482864335913,14.196738243103027
0.033900000154972076,0.3917147612806065,0.04749999940395355,0.7185929417610168,-0.05217597633600235,-0.6478872895240784,0.2222999930381775,0.036400001496076584,0.3675365616475719,1,3399,4.805625986089832,0.0633812647434766,16.554636001586914
0.05920000001788139,0.46517990844494655,0.08950000256299973,0.6072375178337097,-0.05475344508886337,-0.591464102268219,0.3486499786376953,0.0851999968290329,0.42316751415610354,1,3013,4.894976989833887,0.532907174237754,8.300047874450684
0.05649999901652336,0.3097379489430772,0.07660000026226044,0.503640353679657,-0.01716669090092182,-0.5122572183609009,0.23749999701976776,0.07840000092983246,0.2924990743162679,1,2681,4.861571417303978,0.3801660760796025,43.41170120239258
0.24330000579357147,0.39926253629448505,0.23555000126361847,0.2378990650177002,0.0,-0.20976263284683228,0.36059999465942383,0.22200000286102295,0.1920376761257796,1,2877,4.877227127137256,0.10705984727357787,31.42845916748047
0.06080000102519989,0.3800868353122294,0.0917000025510788,0.5431125164031982,-0.0781954899430275,-0.5238837003707886,0.29350000619888306,0.0869000032544136,0.3519990925592371,1,2820,4.239301208015098,0.20271407935496955,14.107648849487305
0.06835000216960907,0.2557603392308679,0.09284999966621399,0.40494871139526367,0.0,-0.42975589632987976,0.23280000686645508,0.09860000014305115,0.24212173248490754,1,3598,4.870909379397777,0.2557017284852847,36.23933410644531
0.03435000032186508,0.27905608395362624,0.05054999887943268,0.5770278573036194,-0.03863370046019554,-0.5763670802116394,0.18809999525547028,0.050450000911951065,0.2795680625370597,1,2637,4.875121211224096,0.16401866549940058,15.091736793518066
0.03620000183582306,0.6046799949287388,0.06750000268220901,0.7884981036186218,-0.012186061590909958,-0.6958089470863342,0.37630000710487366,0.04450000077486038,0.5405082593787561,1,3031,4.898887976529753,0.16563878902675455,23.85672378540039
0.03135000169277191,0.24903301763364097,0.04794999957084656,0.5429189205169678,-0.021341655403375626,-0.5763198733329773,0.17839999496936798,0.05285000056028366,0.2575384516443256,1,2465,4.898286286268851,0.24218639505148054,21.047225952148438
0.035999998450279236,0.518000821260216,0.055799998342990875,0.7544785141944885,-0.03938716650009155,-0.6997174620628357,0.31584998965263367,0.044199999421834946,0.47378058313179783,2,3171,4.892871073920727,0.2159694618885648,37.27105712890625
0.03849999979138374,0.3848472232320156,0.05485000088810921,0.6346691250801086,0.01662580482661724,-0.6549772024154663,0.2630999982357025,0.058800000697374344,0.37285557452889706,2,3003,4.905807414530135,0.061101876490090246,16.268844604492188
0.06825000047683716,0.36978569472513545,0.10050000250339508,0.5048765540122986,-0.056981634348630905,-0.5132582187652588,0.31244999170303345,0.10279999673366547,0.34359464236781234,2,3073,4.906108259660586,0.18131891777556908,13.764745712280273
0.030150000005960464,0.43384394497535367,0.04479999840259552,0.7617328763008118,-0.016289114952087402,-0.6897507309913635,0.24400000274181366,0.032999999821186066,0.4073359116305529,2,3443,4.874519520963195,0.6047362113656108,21.795135498046875
0.05454999953508377,0.41123231891249357,0.07450000196695328,0.5896083116531372,-0.08969655632972717,-0.6035652160644531,0.3013499975204468,0.07779999822378159,0.38141955362365043,2,3076,4.891066003138019,0.4129630146425196,11.89601993560791
0.04834999889135361,0.29567921625532007,0.06549999862909317,0.5235923528671265,-0.08988413214683533,-0.5365293025970459,0.2171500027179718,0.06790000200271606,0.28517291857419436,2,3160,4.879032197919964,0.587680066258447,37.914031982421875
0.05485000088810921,0.46847889208423943,0.09004999697208405,0.6211945414543152,-0.07003863900899887,-0.5896092057228088,0.34880000352859497,0.08150000125169754,0.43099000468138005,2,2869,4.896180370355692,0.08364037359301368,16.92024803161621
0.0778999999165535,0.3634695035175148,0.10350000113248825,0.48367801308631897,-0.05346927419304848,-0.4840478301048279,0.2976999878883362,0.10360000282526016,0.32303337467483895,2,2602,4.898887976529754,0.3195000426329945,3.341667413711548
0.03880000114440918,0.4036351439701386,0.05950000137090683,0.6462503671646118,0.022992968559265137,-0.6447761058807373,0.27549999952316284,0.05920000001788139,0.3887025271790097,2,2768,4.892871073920727,0.24084576282000514,22.681119918823242
0.09920000284910202,0.18857350874502515,0.13734999299049377,0.2588821053504944,-0.026091963052749634,-0.3388688564300537,0.2781499922275543,0.16374999284744263,0.18218494722293072,2,2783,4.885951635920346,0.6141787644821658,11.078415870666504
0.12449999898672104,0.158121389521779,0.1344500035047531,0.20148614048957825,0.0,-0.21978816390037537,0.2101999968290329,0.1396999955177307,0.12442640654102598,2,3203,4.895879525225241,0.06359103689645029,24.437767028808594
0.061400000005960464,0.4126707392077675,0.08649999648332596,0.5660189390182495,-0.011835742741823196,-0.5683633089065552,0.314300000667572,0.08709999918937683,0.3780785470061874,2,3026,4.895578680094789,0.13214800364859625,4.145011901855469
0.03359999880194664,0.34189068438255193,0.049800001084804535,0.6485452055931091,0.02639177441596985,-0.6242927312850952,0.21529999375343323,0.045899998396635056,0.33381502319445927,2,3476,4.7908728116479065,0.2528283735433491,35.57257080078125
0.09269999712705612,0.13241158121704008,0.11259999871253967,0.2038288414478302,-0.048561807721853256,-0.31004902720451355,0.21379999816417694,0.14139999449253082,0.12698784663234103,2,2720,4.894676144703435,0.0990572479936297,16.845081329345703
0.029750000685453415,0.3425675014709531,0.04255000129342079,0.6672531962394714,-0.0018903582822531462,-0.6672531962394714,0.21320000290870667,0.04255000129342079,0.33870327621522256,2,2686,4.906108259660586,0.5566405617639573,19.78435516357422
0.05094999819993973,0.6284114424751643,0.08619999885559082,0.7347334027290344,-0.019355298951268196,-0.663017988204956,0.4253999888896942,0.06505000591278076,0.5457367633922466,2,2948,4.906108259660587,0.6358032103388548,7.035889625549316
0.07569999992847443,0.30415988881149714,0.09965000301599503,0.4354816675186157,0.030235594138503075,-0.45434632897377014,0.2655999958515167,0.10445000231266022,0.27782884985728334,2,3143,4.888659242094407,0.01897616491856624,34.08637237548828
0.05389999970793724,0.4408448071334728,0.08164999634027481,0.6263408064842224,-0.02596609853208065,-0.5715035796165466,0.29945001006126404,0.06880000233650208,0.39847394949260706,2,2955,4.893171919051179,0.12785726553544985,8.240692138671875
0.03164999932050705,0.352328370981663,0.043949998915195465,0.7103718519210815,-0.06581059843301773,-0.6346633434295654,0.19664999842643738,0.033299997448921204,0.3356736801846809,2,3092,4.888960087224859,0.07914099210045844,7.883554458618164
0.03420000150799751,0.49446422371317994,0.05364999920129776,0.7636641263961792,-0.04716207832098007,-0.6866695880889893,0.2888000011444092,0.03869999945163727,0.4533534770621609,2,3197,4.89347276418163,0.379137347268967,14.231307029724121
0.025049999356269836,0.45083057744055627,0.04125000163912773,0.8035779595375061,-0.00587659003213048,-0.7137901186943054,0.24699999392032623,0.026899999007582664,0.4266054986252853,2,3217,4.903701498616975,0.3718191644087121,13.06467342376709
0.05285000056028366,0.6001357738825817,0.09070000052452087,0.7188402414321899,0.0010514931054785848,-0.6315629482269287,0.40165001153945923,0.065700002014637,0.5209334855289718,2,3224,4.885951635920345,0.03926105100230792,12.422765731811523
0.03269999846816063,0.47149509642584414,0.055799998342990875,0.7493780851364136,0.46773430705070496,-0.6689409613609314,0.28130000829696655,0.040300000458955765,0.43999514107163207,2,3091,4.865494167049654,0.49012316314444515,39.50262451171875
0.04749999940395355,0.3182362242317463,0.0697999969124794,0.5538194179534912,-0.0666135847568512,-0.524442195892334,0.22374999523162842,0.06424999982118607,0.30361674443872066,2,2766,4.893171919051179,0.4938875574188658,6.534161567687988
0.042249999940395355,0.3157738073691336,0.06315000355243683,0.5475959777832031,-0.007675970438867807,-0.5830994844436646,0.23980000615119934,0.07010000199079514,0.3142980660348107,2,3740,4.8709093793977765,0.11358663400590185,14.221402168273926
0.06080000102519989,0.396322534859226,0.08659999817609787,0.5700308084487915,0.04792835935950279,-0.5285792350769043,0.2808000147342682,0.07689999788999557,0.3565932386203589,2,3364,4.873917830702291,0.3082874918534061,36.185508728027344
0.04574999958276749,0.4116164052408452,0.05950000137090683,0.6388261914253235,-0.0050733983516693115,-0.6412961483001709,0.2722499966621399,0.05999999865889549,0.3825473100568242,2,3046,4.898286286268852,0.09698239485405691,41.125144958496094
0.05770000070333481,0.4365289194417205,0.08455000072717667,0.5894386172294617,-0.07456135004758835,-0.5960826277732849,0.33410000801086426,0.08630000054836273,0.4038461622524352,2,3166,4.893472764181629,0.653948653301914,12.202282905578613
0.04280000180006027,0.37638806694548377,0.06224999949336052,0.6127534508705139,0.07676463574171066,-0.614252507686615,0.2605000138282776,0.06255000084638596,0.36076181784676403,2,3037,4.893472764181629,0.03752719774310054,22.120697021484375
0.05544999986886978,0.43515374663805645,0.07824999839067459,0.6204702854156494,-0.046103786677122116,-0.5783376097679138,0.2928999960422516,0.06859999895095825,0.39053975344433034,2,3156,4.906108259660587,0.1524068920107584,36.60546112060547
0.03819999843835831,0.5115844763368825,0.06265000253915787,0.7320855855941772,-0.02060840092599392,-0.6758504509925842,0.3239000141620636,0.05009999871253967,0.4699084864123576,2,2720,4.895578680094789,0.5995860868640616,26.9453067779541
0.06575000286102295,0.3697211641266953,0.09364999830722809,0.5158849954605103,-0.005206146277487278,-0.5249207615852356,0.30059999227523804,0.09600000083446503,0.3422930956052427,2,3366,4.874519520963194,0.19425723670603035,19.5591983795166
0.05665000155568123,0.39728983995552103,0.0840499997138977,0.5695372819900513,-0.04389042407274246,-0.561554491519928,0.29934999346733093,0.08209999650716782,0.3697033287727107,2,3442,4.883244029746283,0.00019295096262705869,11.71701717376709
0.04904999956488609,0.5472681455594955,0.08380000293254852,0.7021522521972656,0.024732928723096848,-0.6288340091705322,0.36774998903274536,0.06435000151395798,0.48825231830680726,2,2894,4.883833956957378,0.45971483888087306,5.397074222564697
0.0860000029206276,0.3102820352507899,0.10864999890327454,0.41511309146881104,-0.019691091030836105,-0.44749554991722107,0.2846499979496002,0.11765000224113464,0.27762384296768905,2,2752,4.86910430861507,0.3584432309423168,17.96066665649414
0.05054999887943268,0.549011160340157,0.08084999769926071,0.6963838934898376,0.018935969099402428,-0.6436756253242493,0.3729499876499176,0.06674999743700027,0.488773004797795,2,2886,4.88023557844177,0.5955349107083974,11.573376655578613
0.051750000566244125,0.46339610658801544,0.08420000225305557,0.6290438175201416,-0.06000906974077225,-0.6029238104820251,0.3398999869823456,0.07739999890327454,0.4292488697015024,2,2865,4.901294737573365,0.17214542747966677,15.815502166748047
0.06224999949336052,0.2310101810178332,0.08460000157356262,0.39263108372688293,-0.037701014429330826,-0.4343028962612152,0.21449999511241913,0.09354999661445618,0.22452199691163036,2,2758,4.905807414530136,0.26896853801497345,11.883977890014648
0.0722000002861023,0.2866078258251609,0.10409999638795853,0.41725781559944153,0.025245212018489838,-0.45036959648132324,0.27469998598098755,0.11294999718666077,0.2733340706273254,2,2692,4.86489247678875,0.6368048541571081,12.685456275939941
0.05550000071525574,0.28578883925099585,0.0723000019788742,0.4794875979423523,-0.015139552764594555,-0.5186418294906616,0.2281000018119812,0.08025000244379044,0.27435516531786136,2,3546,4.89587952522524,0.22132976062549792,25.485315322875977
0.06459999829530716,0.40143892719533525,0.08990000188350677,0.5509582161903381,0.02393791265785694,-0.5452706217765808,0.30550000071525574,0.08844999969005585,0.36419822293213944,2,2943,4.90039220218201,0.3891462382684858,5.547544956207275
0.08765000104904175,0.13147843655676555,0.1107499971985817,0.20255382359027863,0.002553836442530155,-0.36876603960990906,0.24015000462532043,0.15925000607967377,0.13492327815667898,2,2643,4.895578680094789,0.5901424262645157,7.435792922973633
0.03884999826550484,0.48701977190631507,0.05590000003576279,0.7198761105537415,-0.06765928119421005,-0.6906046867370605,0.3054499924182892,0.04975000023841858,0.4484915710514623,2,3203,4.888960087224859,0.21707681953600055,16.98975372314453
0.031300000846385956,0.30118927925569877,0.04650000110268593,0.6071928143501282,0.0,-0.6243941783905029,0.20109999179840088,0.049150001257658005,0.3037987176550146,2,3845,4.905807414530135,0.0478235784581984,5.553866386413574
0.03150000050663948,0.44705527952249835,0.04845000058412552,0.7532710433006287,-0.020300641655921936,-0.6837467551231384,0.2579500079154968,0.03629999980330467,0.41860246639871435,2,3258,4.873316140441388,0.20573452588812502,34.052635192871094
0.052000001072883606,0.3335327472436488,0.07199999690055847,0.5322195887565613,0.3950822651386261,-0.5620437860488892,0.25679999589920044,0.07840000092983246,0.3204022910321325,2,3034,4.885951635920347,0.5269732490439526,44.99033737182617
0.04360000044107437,0.3464567111429944,0.06414999812841415,0.5847650170326233,0.0037271950859576464,-0.5842514634132385,0.24445000290870667,0.06404999643564224,0.33469388983183557,2,3341,4.882642339485381,0.6195127244947531,14.773265838623047
0.07119999825954437,0.4837509048365052,0.11145000159740448,0.572934627532959,-0.015121637843549252,-0.572783887386322,0.41030001640319824,0.11140000075101852,0.43882746006707274,2,2985,4.8946761447034355,0.5555399091684576,39.00876998901367
0.06369999796152115,0.438849194534945,0.093299999833107,0.5862069129943848,-0.046023447066545486,-0.545653760433197,0.3174000084400177,0.0828000009059906,0.39091313891086776,2,2980,4.908214175573746,0.6010099588750291,30.270431518554688
0.052149999886751175,0.2756241367448585,0.07374999672174454,0.474078893661499,0.031040914356708527,-0.5080053806304932,0.22605000436306,0.08065000176429749,0.2703607316741625,2,2870,4.903400653486525,0.5207391992712791,19.12171173095703
0.03660000115633011,0.5890605912245845,0.06030000001192093,0.7996347546577454,0.004266326781362295,-0.702369213104248,0.3449000120162964,0.03840000182390213,0.520491348448871,2,2653,4.610040428768161,0.4942965722218996,30.518875122070312
0.04964999854564667,0.5540229679083225,0.07400000095367432,0.7100765705108643,-0.07115910202264786,-0.661133348941803,0.36274999380111694,0.061500001698732376,0.4889099165309658,2,2960,4.887455861572603,0.16795173985642065,27.23424530029297
0.06520000100135803,0.39677106028552644,0.090549997985363,0.540103018283844,-0.13705013692378998,-0.5522868037223816,0.3139500021934509,0.09375,0.36388674946789545,2,2758,4.895578680094789,0.1930160939554587,24.564777374267578
0.039799999445676804,0.47310643840634603,0.06449999660253525,0.6971028447151184,0.0035657736007124186,-0.654618501663208,0.3089999854564667,0.055149998515844345,0.44063529187444184,2,3386,4.88053642357222,0.3291445450285624,26.936670303344727
0.09115000069141388,0.23239979928380256,0.11474999785423279,0.31749412417411804,0.010403979569673538,-0.4383947253227234,0.2939000129699707,0.1522500067949295,0.22456799114727882,2,2807,4.89587952522524,0.027683927185757184,5.846327304840088
0.05900000035762787,0.4702738647013286,0.08479999750852585,0.6158831119537354,-0.06285854429006577,-0.603413999080658,0.342849999666214,0.08150000125169754,0.42410883024014745,2,3173,4.895879525225241,0.4558515314243179,17.295963287353516
0.148499995470047,0.09226594230677247,0.17599999904632568,0.10942529141902924,0.0,-0.15648216009140015,0.24130000174045563,0.19370000064373016,0.07636363792836695,2,2659,4.888659242094408,0.47096856023227607,0.9274099469184875
0.0414000004529953,0.5577299448327414,0.0697999969124794,0.725784420967102,-0.04851386323571205,-0.6892944574356079,0.37950000166893005,0.06030000001192093,0.5094701017548099,2,3225,4.880235578441769,0.5010231167147424,21.85120391845703
0.06480000168085098,0.33788661548221244,0.08420000225305557,0.49936825037002563,-0.018547071143984795,-0.5205011367797852,0.2669999897480011,0.08914999663829803,0.31159842773645086,2,2762,4.88234149435493,0.32140867422605557,22.293201446533203
0.04529999941587448,0.6508979698685622,0.08320000022649765,0.7678275108337402,0.0,-0.6734693646430969,0.42640000581741333,0.0560000017285347,0.5655537478274417,2,2810,4.89377360931208,0.59686547966704,12.035242080688477
0.03265000134706497,0.5953853867011658,0.0551999993622303,0.8168995380401611,-0.0034875343553721905,-0.7260546088218689,0.34779998660087585,0.03505000099539757,0.5313756413878412,2,3216,4.908515020704198,0.4072837659950619,7.611895561218262
0.03034999966621399,0.4520572981265291,0.042100001126527786,0.7643442749977112,-0.008135291747748852,-0.7197070717811584,0.2583000063896179,0.03449999913573265,0.4234359340832441,2,2800,4.89557868009479,0.36502493318081775,28.03765106201172
0.026399999856948853,0.4834636351112155,0.04100000113248825,0.8053422570228577,-0.0015133926644921303,-0.7366307973861694,0.27035000920295715,0.02914999984204769,0.45253284546366784,2,2993,4.888358396963957,0.0671158900486919,13.654476165771484
0.045899998396635056,0.5640487854852585,0.08365000039339066,0.7193379998207092,0.01689237728714943,-0.6385437846183777,0.3792000114917755,0.061900001019239426,0.5057379761784175,2,2586,4.888358396963956,0.5329830583336206,5.235555648803711
0.13840000331401825,0.09009729647517428,0.19709999859333038,0.11360592395067215,0.018650975078344345,-0.2553834617137909,0.33230000734329224,0.2644999921321869,0.09272430968753997,2,2813,4.892570228790275,0.2514476160848442,5.922179698944092
0.05954999849200249,0.33647280520902123,0.09395000338554382,0.4990791976451874,-0.05274760723114014,-0.5040253400802612,0.2849000096321106,0.09520000219345093,0.3233155406596997,2,2898,4.88053642357222,0.3863699904769742,12.76917839050293
0.032999999821186066,0.5292998601753731,0.05824999883770943,0.7655786275863647,-0.01949598826467991,-0.6977950930595398,0.32725000381469727,0.0434500016272068,0.4889169640755673,2,3291,4.897684596007949,0.6127705001568766,11.897080421447754
0.028950000181794167,0.5579538049054951,0.05654999986290932,0.8116182684898376,-0.00402958644554019,-0.7054687738418579,0.3274500072002411,0.034049998968839645,0.5108531737615876,2,3279,4.897684596007949,0.054546629131487556,15.197114944458008
0.16554999351501465,0.0918895562986734,0.2685000002384186,0.10712170600891113,0.008616555482149124,-0.22106178104877472,0.42089998722076416,0.33945000171661377,0.09693734226889893,2,2849,4.906108259660586,0.35236218120076046,12.965989112854004
0.05014999955892563,0.19638546243912108,0.06485000252723694,0.393563836812973,0.010243870317935944,-0.45766255259513855,0.17430000007152557,0.0758500024676323,0.19686062241682295,2,3002,4.887756706703054,0.3031505622732986,19.089275360107422
0.0320499986410141,0.605868661311313,0.05700000002980232,0.8224047422409058,-0.006300183478742838,-0.723334550857544,0.3550499975681305,0.03460000082850456,0.5402967413878847,2,3406,4.888057551833505,0.6597469749465348,22.439985275268555
0.18050000071525574,0.12933459996281313,0.17430000007152557,0.1186310350894928,0.0,-0.10991958528757095,0.21735000610351562,0.17124998569488525,0.07781907635740087,2,4024,4.885650790789894,0.2663352382321419,41.69170379638672
0.030150000005960464,0.4828033052633359,0.04845000058412552,0.7894737124443054,0.01312822662293911,-0.6959999799728394,0.2703000009059906,0.03179999813437462,0.4460167118631556,2,3022,4.217038668361697,0.4026715869625671,9.940868377685547
0.04515000060200691,0.38488720391079334,0.06599999964237213,0.6334330439567566,-0.010690426453948021,-0.5765838027000427,0.24574999511241913,0.055150002241134644,0.35697339274770584,2,3445,4.885650790789895,0.40571954241505415,18.464035034179688
0.046549998223781586,0.4981532853256254,0.07440000027418137,0.6839051246643066,-0.029744712635874748,-0.6354281306266785,0.33375000953674316,0.06265000253915787,0.4536479306316047,2,3074,4.900693047312462,0.15173584250523275,13.659483909606934
0.04910000041127205,0.7196044706481941,0.09184999763965607,0.7839812636375427,-0.008224156685173512,-0.6765560507774353,0.47609999775886536,0.05764999985694885,0.6071825860222596,2,3055,4.874820366093646,0.2855351925692038,22.47893714904785
0.09679999947547913,0.1777737203829619,0.1387999951839447,0.2463952749967575,0.10828322917222977,-0.35844698548316956,0.2939000129699707,0.1776999980211258,0.17939483372943746,2,3314,4.897383750877497,0.6592898942966888,31.80328941345215
0.0458500012755394,0.40815028802347053,0.0734499990940094,0.6135463714599609,-0.007690638303756714,-0.6017351150512695,0.2953999936580658,0.07074999809265137,0.3890492369191235,2,2609,4.903701498616976,0.0711186348800642,15.386483192443848
0.03294999897480011,0.3466219586857606,0.0494999997317791,0.6415744423866272,-0.004289128817617893,-0.6409791111946106,0.22624999284744263,0.049400001764297485,0.34200346608331245,2,2714,4.870608534267325,0.10566121810108886,29.515380859375
0.037700001150369644,0.47829659109740597,0.06300000101327896,0.7101690173149109,-0.0259772427380085,-0.6609257459640503,0.3086000084877014,0.052299998700618744,0.4465675589157317,2,3131,4.893171919051178,0.4175844629959895,25.787918090820312
0.06094999983906746,0.450682525656938,0.09555000066757202,0.5917702913284302,-0.05046113580465317,-0.5635989904403687,0.3423500061035156,0.08780000358819962,0.4104983065038341,2,2502,4.874206912782935,0.14859446239888696,2.7837977409362793
0.032999999821186066,0.4092560535022883,0.04704999923706055,0.7407761216163635,-0.04881834611296654,-0.6574444770812988,0.2276500016450882,0.033900000154972076,0.3816230077450329,2,3093,4.901294737573364,0.1460158512863492,5.922451019287109
0.025599999353289604,0.42951088505592994,0.04039999842643738,0.7857142686843872,-0.00604601763188839,-0.7092479467391968,0.23749999701976776,0.02850000001490116,0.4092689252231303,2,3231,4.880235578441769,0.6466211971333976,15.197718620300293
0.047850001603364944,0.34408060440768296,0.0702499970793724,0.5554555058479309,-0.014520569704473019,-0.5734021663665771,0.2590999901294708,0.07405000180006027,0.3331632781406706,2,3379,4.903701498616975,0.23448911524128901,13.453890800476074
0.06145000085234642,0.5131364965658963,0.09645000100135803,0.6368876099586487,-0.06486678123474121,-0.585740327835083,0.3691999912261963,0.08190000057220459,0.4531069179867404,2,3162,4.898286286268852,0.018875938401287096,9.386035919189453
0.04479999840259552,0.3626067499005792,0.07320000231266022,0.5838565230369568,-0.0160285085439682,-0.5669919848442078,0.26489999890327454,0.06960000097751617,0.35104852837685535,2,2783,4.885049100528991,0.5152156560516241,20.786474227905273
0.05195000022649765,0.3308236162444059,0.0734499990940094,0.5248361229896545,0.008459009230136871,-0.5616887807846069,0.26170000433921814,0.0815500020980835,0.3204565683946948,2,3010,4.900392202182012,0.15979955691396064,18.0235652923584
0.0604499988257885,0.4705542333976947,0.08969999849796295,0.6125617623329163,-0.041931264102458954,-0.5851543545722961,0.34275001287460327,0.0823500007390976,0.4222246378285792,2,3358,4.885951635920345,0.46474757857363647,10.149354934692383
0.07180000096559525,0.5581253288565171,0.11050000041723251,0.6322293877601624,-0.0717918798327446,-0.5776397585868835,0.4127500057220459,0.09300000220537186,0.47688292467766435,2,3057,4.895277834964338,0.4033843860808791,17.09354591369629
0.03750000149011612,0.418080707831783,0.04699999839067459,0.7049293518066406,-0.041947878897190094,-0.6805980205535889,0.24729999899864197,0.04280000180006027,0.3882419889732727,2,3727,4.849850220266182,0.6407257423454775,30.512229919433594
0.012000000104308128,-0.012969494886278693,0.010499999858438969,-0.4237287938594818,0.0,0.5107913613319397,0.0034000000450760126,0.00839999970048666,-0.014654160779297648,2,3931,4.665343932425939,0.0745287096474726,3.704791784286499
0.052149999886751175,0.41518857159156697,0.06840000301599503,0.6233264207839966,-0.028184114024043083,-0.5990621447563171,0.2727999985218048,0.0632999986410141,0.37585217185449915,2,3164,4.895277834964338,0.1874060739840634,11.186760902404785
0.06255000084638596,0.44516973997640674,0.09335000067949295,0.582725465297699,-0.044447414577007294,-0.5709032416343689,0.34174999594688416,0.09009999781847,0.4050812896047214,2,2719,4.898286286268851,0.4429608056924995,18.045717239379883
0.09104999899864197,0.14931410032438514,0.11384999752044678,0.22453732788562775,-0.01839110068976879,-0.3501712381839752,0.2365500032901764,0.14980000257492065,0.14680995116131212,2,2689,4.898587131399302,0.2955456597949384,1.3122297525405884
0.03720000013709068,0.42504676029966654,0.0560000017285347,0.6895352602005005,0.03384850174188614,-0.6534653306007385,0.2671999931335449,0.04910000041127205,0.4007717648786774,2,3223,4.886252481050796,0.47966609138030947,36.19112777709961
0.030899999663233757,0.2558168384041976,0.04270000010728836,0.5768872499465942,0.1669655442237854,-0.5969797372817993,0.16920000314712524,0.04540000110864639,0.25986566184129495,2,4048,4.814651340003374,0.23648926529185532,27.978256225585938
0.03020000085234642,0.4769267425699877,0.04699999839067459,0.7731362581253052,-0.0057763331569731236,-0.7088882327079773,0.2759000062942505,0.03530000150203705,0.44489645428966895,2,3125,4.900693047312462,0.6706999851299552,15.390874862670898
0.044449999928474426,0.3591983531234866,0.06780000030994415,0.5852168202400208,-0.012733745388686657,-0.5857011675834656,0.25949999690055847,0.06790000200271606,0.3473531456704311,2,2770,4.900993892442913,0.43637998581263193,14.565607070922852
0.032249998301267624,0.49503294699216094,0.04944999888539314,0.7713410258293152,-0.017271773889660835,-0.7077423334121704,0.28894999623298645,0.037299998104572296,0.45685325238066676,2,2910,4.905807414530135,0.01101406382671366,11.04349136352539
0.41290000081062317,0.4541529333568909,0.3986999988555908,0.1421651691198349,0.0,-0.1195274293422699,0.5069500207901001,0.38075000047683716,0.13641278919709748,2,3078,4.8555662777447575,0.38851588109398416,34.49803161621094
0.06445000320672989,0.4527518073105652,0.08895000070333481,0.5965173840522766,-0.014040371403098106,-0.5659387707710266,0.32089999318122864,0.08110000193119049,0.39878047541477724,2,3356,4.898286286268852,0.23581660801010595,28.300540924072266
0.06840000301599503,0.34770476470968376,0.094200000166893,0.48394185304641724,-0.0982997789978981,-0.5266331434249878,0.30379998683929443,0.10565000027418137,0.3268183892014104,2,2930,4.898587131399303,0.48138868029974735,27.988309860229492
0.04560000076889992,0.44945506821137504,0.07270000129938126,0.6589531302452087,-0.06507012248039246,-0.6110219359397888,0.3010999858379364,0.061900001019239426,0.4157589602459935,2,3305,4.879633888180866,0.05191027636350898,11.043083190917969
0.04309999942779541,0.48082497424959847,0.06965000182390213,0.7029814720153809,-0.05420523136854172,-0.6244776844978333,0.3012999892234802,0.052549999207258224,0.4369912631961108,2,3310,4.893171919051178,0.12103287381209382,11.153636932373047
0.03689999878406525,0.35545865655069236,0.054349999874830246,0.6619390249252319,-0.01984363980591297,-0.5947054624557495,0.2138500064611435,0.04349999874830246,0.3373935562311059,2,2842,4.892871073920727,0.24329510030114565,6.66062068939209
0.0333000011742115,0.7134929895811298,0.06459999829530716,0.849169135093689,0.00032303729676641524,-0.7408744692802429,0.4339999854564667,0.03539999946951866,0.6167732497190748,2,2909,4.898587131399302,0.5379543091796576,7.210562705993652
0.04019999876618385,0.29128458023342046,0.06239999830722809,0.5415472984313965,-0.10559810698032379,-0.5504323244094849,0.2152000069618225,0.06400000303983688,0.2910677656209161,2,2711,4.865494167049654,0.23506604508437112,46.10386276245117
0.046149998903274536,0.3593892000964545,0.0640999972820282,0.5897110104560852,-0.06820867955684662,-0.5922392010688782,0.25029999017715454,0.06459999829530716,0.3418210722335582,2,3290,4.903701498616975,0.4709821990567612,5.630936622619629
0.03530000150203705,0.5519886050205703,0.06729999929666519,0.7521263957023621,-0.09098118543624878,-0.6853669881820679,0.3605000078678131,0.050999999046325684,0.5093252986403569,2,3151,4.897985441138401,0.10600320751216308,7.603837013244629
0.053449999541044235,0.4675584833423621,0.0820000022649765,0.6399187445640564,-0.061730049550533295,-0.5949617028236389,0.3228999972343445,0.07090000063180923,0.4229133987538991,2,3439,4.908214175573746,0.34702591883084466,13.648222923278809
0.06605000048875809,0.39454870839012895,0.09884999692440033,0.5366814136505127,-0.031398359686136246,-0.5189195871353149,0.31209999322891235,0.0940999984741211,0.3608474896558447,2,3053,4.890163467746665,0.35194888263205026,23.066572189331055
0.07880000025033951,0.2578455369733187,0.10369999706745148,0.3723742663860321,0.06990976631641388,-0.44426581263542175,0.2694999873638153,0.12325000017881393,0.24572946943561486,2,2848,4.906108259660586,0.029897537100581517,7.603886127471924
0.06340000033378601,0.2598796428948643,0.08585000038146973,0.4241476356983185,0.02936733514070511,-0.4523125886917114,0.2276500016450882,0.09205000102519989,0.24813956358085684,2,3620,4.844196140639186,0.006451187405718484,30.70245361328125
0.04385000094771385,0.3727116849886922,0.06939999759197235,0.6013964414596558,-0.0034337416291236877,-0.5833708643913269,0.26374998688697815,0.06565000116825104,0.35827101863703387,2,3011,4.903099808356073,0.41390584454517887,40.21488952636719
0.025200000032782555,0.39416294156679577,0.03840000182390213,0.7528221011161804,-0.011608478613197803,-0.7085941433906555,0.2251499891281128,0.03175000101327896,0.38327386173972466,2,2856,4.89587952522524,0.2421263528703429,4.141685962677002
0.06949999928474426,0.2740840794255828,0.10034999996423721,0.4086344242095947,-0.007235307712107897,-0.4580802023410797,0.27000001072883606,0.11334999650716782,0.2660044369815964,2,2752,4.888057551833505,0.09999881906761743,18.630460739135742
0.028599999845027924,0.4434263167182498,0.04475000128149986,0.7671089768409729,0.015087386593222618,-0.6994627118110657,0.2530499994754791,0.03334999829530716,0.41906154972588466,2,3403,4.868201773223716,0.681048552036174,13.53265380859375
0.05014999955892563,0.28034004166719345,0.06849999725818634,0.4871116876602173,-0.0058460719883441925,-0.5332197546958923,0.22499999403953552,0.07760000228881836,0.27547967684717123,2,3464,4.866986629652102,0.15566295367527572,2.7837915420532227
0.0430000014603138,0.7288892109851568,0.0754999965429306,0.8221681118011475,-0.01657792180776596,-0.7119969725608826,0.4487999975681305,0.043800000101327896,0.612029012317714,2,3151,4.903701498616975,0.28392163123330294,30.406396865844727
0.04670000076293945,0.5919259713844464,0.07744999974966049,0.7533421516418457,-0.01122210267931223,-0.6490711569786072,0.3639500141143799,0.05120000243186951,0.5126208917027946,2,3111,4.910921781747808,0.3182911121912513,1.312300443649292
0.06469999998807907,0.2868164180416929,0.09319999814033508,0.4368878901004791,-0.050307225435972214,-0.4783095419406891,0.26409998536109924,0.10350000113248825,0.27766249434433,2,2830,4.8739178307022915,0.4781782270493605,21.407331466674805
0.026850000023841858,0.4080662739641025,0.042100001126527786,0.7637277841567993,-0.027116749435663223,-0.6883212924003601,0.22804999351501465,0.030549999326467514,0.39052200643076646,2,3491,4.867060370553489,0.10540267636265699,19.677207946777344
0.05694999918341637,0.33056466810839147,0.0812000036239624,0.5115008354187012,0.014348219148814678,-0.5279755592346191,0.26284998655319214,0.08495000004768372,0.3147558197401686,2,2875,4.891066003138019,0.11254628086584273,15.390517234802246
0.04349999874830246,0.5693339905211013,0.06880000233650208,0.7509321570396423,0.5721280574798584,-0.673159122467041,0.3522000014781952,0.05009999871253967,0.5022165621774277,2,2993,4.877828817398159,0.13177373811269633,40.808799743652344
0.02384999953210354,0.4097335880385695,0.03539999946951866,0.7676176428794861,-0.006852037739008665,-0.7370961904525757,0.2339000105857849,0.03074999898672104,0.3985156785245565,2,2931,4.85827388391882,0.2853658304417376,27.589536666870117
0.06154999881982803,0.37876670129479095,0.09539999812841415,0.5425063371658325,-0.11150208860635757,-0.503577470779419,0.28894999623298645,0.08569999784231186,0.34856799822920403,2,2890,4.903400653486524,0.15434649133693623,19.550262451171875
0.035599999129772186,0.5381355947648007,0.06080000102519989,0.7739612460136414,-0.03832456097006798,-0.6808398962020874,0.32019999623298645,0.04079999774694443,0.4867595826473744,2,3094,4.88023557844177,0.6910777635067538,6.660811424255371
0.0888499990105629,0.1491887800204198,0.11635000258684158,0.23020976781845093,0.07327763736248016,-0.30795538425445557,0.2198999971151352,0.13760000467300415,0.14396500105628815,2,2615,4.887756706703055,0.3863510424426032,12.265426635742188
0.04295000061392784,0.4551126043131521,0.06355000287294388,0.6817136406898499,0.003059339476749301,-0.6429775357246399,0.2924500107765198,0.05534999817609787,0.4194975408646282,2,3092,4.893773609312081,0.17482128346576098,6.534216403961182
0.07225000113248825,0.38711001217272,0.10085000097751617,0.5109961032867432,0.06567836552858353,-0.5220945477485657,0.32120001316070557,0.10395000129938126,0.3522401909945011,2,2830,4.888358396963957,0.42268375116330226,13.062201499938965
0.050599999725818634,0.474008652433368,0.07325000315904617,0.6541064977645874,-0.007253090851008892,-0.6309823393821716,0.32374998927116394,0.06769999861717224,0.43084299870908416,2,3315,4.896481215486144,0.19970951289872074,21.388343811035156
0.04820000007748604,0.3770532589245013,0.0746999979019165,0.5943865776062012,0.006558953318744898,-0.5590969324111938,0.2641499936580658,0.06719999760389328,0.3553557432926827,2,2772,4.883244029746283,0.14953004459890795,15.092143058776855
0.06270000338554382,0.23586216882476285,0.08399999886751175,0.36326920986175537,0.023770391941070557,-0.5470477342605591,0.28690001368522644,0.1340000033378601,0.24904985479580005,2,3036,4.861282335223334,0.041609392977251636,7.825624942779541
0.06509999930858612,0.501037444986806,0.10194999724626541,0.6084262728691101,-0.019176842644810677,-0.585020899772644,0.38940000534057617,0.09480000287294388,0.4489941069026888,2,3080,4.906108259660586,0.2731853011576689,37.56889724731445
0.02449999935925007,0.3392117734994391,0.03700000047683716,0.7018685340881348,0.004898877814412117,-0.6912163496017456,0.20264999568462372,0.03550000116229057,0.339666724723292,2,2630,4.895578680094789,0.6478892113080171,9.470766067504883
0.062049999833106995,0.39101511965916297,0.08869999647140503,0.5444276928901672,-0.07261492311954498,-0.5524157881736755,0.30764999985694885,0.09075000137090683,0.3621438081972425,2,3035,4.906108259660587,0.629111564033109,18.631357192993164
0.053199999034404755,0.49598615221189085,0.08820000290870667,0.6484050154685974,-0.10774814337491989,-0.6033726930618286,0.356550008058548,0.07604999840259552,0.4511580651607674,2,2911,4.885951635920345,0.6010271221959405,13.90880012512207
0.04594999924302101,0.44326473769887054,0.06629999727010727,0.6558204889297485,-0.03741348534822464,-0.6331442594528198,0.2951499819755554,0.06134999915957451,0.40945707174352114,2,3271,4.890765158007567,0.32608044667761715,18.272411346435547
0.052949998527765274,0.4902924124561101,0.07284999638795853,0.6580387949943542,-0.013233917765319347,-0.6410887837409973,0.33309999108314514,0.06870000064373016,0.43978708061381216,2,3187,4.893773609312081,0.44118192310946824,20.300308227539062
0.039799999445676804,0.19718424344638552,0.052299998700618744,0.43962007761001587,0.031059755012392998,-0.5053204298019409,0.15915000438690186,0.06195000186562538,0.20219110042672214,2,3087,4.885951635920346,0.4862173572503439,8.494776725769043
0.027000000700354576,0.4444063212749987,0.04924999922513962,0.7440153360366821,-0.017428910359740257,-0.6945263147354126,0.27320000529289246,0.04010000079870224,0.4299151655261483,2,3047,4.903099808356074,0.6333659150681873,16.474788665771484
0.05860000103712082,0.5085430169859337,0.08905000239610672,0.6546223759651184,-0.027561377733945847,-0.5871102213859558,0.3422999978065491,0.07144999504089355,0.4446238110300198,2,2860,4.900993892442913,0.5244568471313071,24.241714477539062
0.03999999910593033,0.5258253575845739,0.0617000013589859,0.7410882115364075,0.02072204276919365,-0.6807244420051575,0.3248000144958496,0.04830000177025795,0.4750315099776359,2,3125,4.893472764181629,0.17558952908780456,43.868961334228516
0.025299999862909317,0.4224567983033961,0.03449999913573265,0.7841561436653137,-0.004187423270195723,-0.7421524524688721,0.23309999704360962,0.028200000524520874,0.4037173200583488,2,3073,4.870608534267326,0.09830798210903202,11.922202110290527
0.04780000075697899,0.36722245043349416,0.07240000367164612,0.6080808043479919,-0.12694641947746277,-0.5347043871879578,0.23880000412464142,0.05820000171661377,0.3398996256293614,2,2925,4.886252481050796,0.5720242369669615,21.732152938842773
0.05510000139474869,0.7148173035737262,0.08730000257492065,0.7704354524612427,-0.05453037470579147,-0.6830065250396729,0.4634999930858612,0.060100000351667404,0.5911488794262293,2,2858,4.894976989833887,0.21744842834317657,20.78656005859375
0.05575000122189522,0.19888575085596688,0.07129999995231628,0.3792840540409088,-0.04166046902537346,-0.4350237548351288,0.181099995970726,0.08150000125169754,0.19590872360699474,2,3140,4.890765158007568,0.6156332793877034,40.71002960205078
0.03840000182390213,0.47658828175507284,0.048700001090765,0.7444303035736084,0.00849186722189188,-0.6982184052467346,0.2740499973297119,0.040150001645088196,0.4309137729903074,2,2882,4.905506569399684,0.5550314009224383,5.623766899108887
0.04574999958276749,0.32714457706126465,0.05595000088214874,0.5965831875801086,-0.15452009439468384,-0.5721659064292908,0.20559999346733093,0.05195000022649765,0.3042373332186954,2,2852,4.864290786527849,0.11297000406674929,7.930883884429932
0.03709999844431877,0.38106721765331253,0.0544000007212162,0.6439197659492493,-0.04828964173793793,-0.647382915019989,0.25415000319480896,0.05505000054836273,0.3690682187199501,2,2644,4.885349945659443,0.40488282685986254,15.08422565460205
0.04024999961256981,0.5887364178785481,0.07124999910593033,0.7613689303398132,-0.007897097617387772,-0.6811723709106445,0.3756999969482422,0.05090000107884407,0.5257932169668054,2,3197,4.892570228790276,0.6387963687316183,11.649417877197266
0.042649999260902405,0.644364038386843,0.07660000026226044,0.774946928024292,-0.028131388127803802,-0.6902547478675842,0.4180000126361847,0.05299999937415123,0.5638517127919688,2,2900,4.88234149435493,0.07832140491670758,4.630765914916992
0.03959999978542328,0.42278132057769985,0.061250001192092896,0.6727607846260071,-0.019829541444778442,-0.6326285600662231,0.27219998836517334,0.05324999988079071,0.39787387171021593,2,3044,4.908214175573746,0.17027322816296964,24.39653968811035
0.061650000512599945,0.3700407545688392,0.08789999783039093,0.5247349739074707,-0.08709584921598434,-0.5491729974746704,0.30204999446868896,0.09414999932050705,0.3479691975936636,2,2901,4.903701498616975,0.3957544190905511,5.920542240142822
0.054999999701976776,0.4347331165485429,0.09139999747276306,0.594824492931366,-0.009936230257153511,-0.5690711736679077,0.3328000009059906,0.08455000072717667,0.4059246739033935,2,2634,4.882943184615832,0.08457043399823339,3.8228328227996826
0.1441500037908554,0.09803360213099453,0.17569999396800995,0.11833637952804565,0.007225267589092255,-0.16143660247325897,0.24334999918937683,0.19185000658035278,0.08260263947491572,2,2618,4.898286286268851,0.40009745250071405,12.894824028015137
0.02850000001490116,0.364365144216707,0.04075000062584877,0.6979166865348816,-0.02328597754240036,-0.6875,0.22005000710487366,0.03914999961853027,0.357415712363626,2,2788,4.849248530005279,0.06652711969749225,29.979814529418945
0.05900000035762787,0.4226218866068005,0.08874999731779099,0.5841056108474731,-0.01672491617500782,-0.5570251941680908,0.3119499981403351,0.08190000057220459,0.3860547036406845,2,3284,4.905807414530135,0.5076865612663198,33.67257308959961
0.05705000087618828,0.4736194231038422,0.08460000157356262,0.6294849514961243,0.0010778590803965926,-0.59560227394104,0.33379998803138733,0.07590000331401825,0.4252500612909975,2,2936,4.893773609312081,0.3113209968637958,34.68863296508789
0.02384999953210354,0.4268839062171077,0.03590000048279762,0.8047918677330017,-0.009980458766222,-0.7297195792198181,0.22975000739097595,0.02484999969601631,0.40730189326251537,2,3247,4.880837268702672,0.18567066501909146,19.121448516845703
0.05700000002980232,0.3847857435395485,0.08619999885559082,0.559881865978241,-0.046187274158000946,-0.5422806739807129,0.29045000672340393,0.08195000141859055,0.35849381595410984,2,2680,4.862786560875591,0.052721706839981564,14.368297576904297
0.07175000011920929,0.4119597917549201,0.10809999704360962,0.5238707065582275,-0.07360537350177765,-0.5340517163276672,0.35589998960494995,0.1111999973654747,0.37953675246036145,2,3059,4.888057551833505,0.27654931714436315,16.268850326538086
0.07249999791383743,0.2790522425717267,0.10665000230073929,0.41038480401039124,0.03389234468340874,-0.4299839437007904,0.267549991607666,0.11185000091791153,0.26557879010652696,2,2525,4.86910430861507,0.06749134852260874,13.062508583068848
0.05820000171661377,0.5498920864451798,0.10045000165700912,0.6615480184555054,-0.08829669654369354,-0.6009930372238159,0.4030500054359436,0.08209999650716782,0.488681939241334,2,3152,4.900993892442913,0.5079940717743211,15.805244445800781
0.04969999939203262,0.23195966711224844,0.07999999821186066,0.4144316613674164,-0.014139756560325623,-0.46932005882263184,0.2214999943971634,0.0917000025510788,0.23942448167706892,2,2850,4.86489247678875,0.28794131255593547,22.441482543945312
0.04450000077486038,0.20142589770108302,0.054999999701976776,0.4519815146923065,-0.008870836347341537,-0.46157610416412354,0.1492999941110611,0.05635000020265579,0.1975837766401548,2,2730,4.8946761447034355,0.13140893730823222,7.21117639541626
0.059450000524520874,0.437033477918769,0.08810000121593475,0.5960591435432434,0.016428053379058838,-0.5638613700866699,0.3158999979496002,0.0799499973654747,0.3950717226400287,2,2811,4.910921781747808,0.038688435037031565,16.270919799804688
0.0551999993622303,0.6200101400195839,0.08704999834299088,0.7265574932098389,-0.05662737786769867,-0.6468917727470398,0.4059999883174896,0.06430000066757202,0.5282386759696928,2,3011,4.903701498616975,0.6704550445624928,9.939881324768066
0.03150000050663948,0.2968737616887502,0.04600000008940697,0.6043019890785217,-0.030349621549248695,-0.6224091649055481,0.1976500004529953,0.04874999821186066,0.2992363394443001,2,2867,4.898587131399303,0.12778014324857145,26.5872802734375
0.05249999836087227,0.12430540068758571,0.06849999725818634,0.27834099531173706,-0.0009423950687050819,-0.33880308270454407,0.1386999934911728,0.07829999923706055,0.12635982189683054,2,3102,4.880235578441769,0.2560992606313507,9.768433570861816
0.025849999859929085,0.3848163569275423,0.03465000167489052,0.7579250335693359,-0.0036283305380493402,-0.7207334041595459,0.2134999930858612,0.029400000348687172,0.37171892791259076,2,2984,4.863989941397396,0.08651229775175462,25.704505920410156
0.07284999638795853,0.22359130047882478,0.11739999800920486,0.33143314719200134,0.08873283118009567,-0.42640769481658936,0.291949987411499,0.14659999310970306,0.23229981991115572,2,2867,4.902798963225622,0.03707165746309804,9.93539047241211
0.04500000178813934,0.38682518182972336,0.060600001364946365,0.6499912142753601,0.04710561782121658,-0.5899864435195923,0.23499999940395355,0.04984999820590019,0.3538574283529987,2,3513,4.89587952522524,0.3306596790213525,35.69889831542969
0.05454999953508377,0.6383178358506383,0.0828000009059906,0.7480748295783997,-0.05579559877514839,-0.6550359129905701,0.3972499966621399,0.0572500005364418,0.5343111531538777,2,3076,4.885349945659444,0.180388455726892,21.498462677001953
0.05534999817609787,0.341891673084651,0.08980000019073486,0.5156687498092651,-0.009491873905062675,-0.5197218656539917,0.28415000438690186,0.09080000221729279,0.3314760855652106,2,2468,4.8892609323553105,0.2263918981530647,10.268773078918457
0.06809999793767929,0.41964861407188686,0.09459999948740005,0.5401069521903992,-0.205806165933609,-0.5771121978759766,0.35280001163482666,0.10535000264644623,0.38738716062222917,2,3069,4.883244029746285,0.5271817934271859,8.24062728881836
0.06790000200271606,0.3334179143767915,0.08380000293254852,0.47742605209350586,0.1253965198993683,-0.5451831817626953,0.2847000062465668,0.1006999984383583,0.3117235263744198,2,2984,4.906108259660586,0.4578996073216164,13.764718055725098
0.06705000251531601,0.22498610106410122,0.09179999679327011,0.3627294898033142,-0.059882357716560364,-0.4393037259578705,0.23565000295639038,0.11020000278949738,0.22246852157245417,2,2671,4.737723934425674,0.15581888631548713,8.49477481842041
0.03355000168085098,0.5955630422272468,0.06624999642372131,0.796228289604187,-0.015129286795854568,-0.6939600706100464,0.3666999936103821,0.041600000113248825,0.5368820803868436,2,2857,4.895578680094789,0.5617139661982674,7.21117639541626
0.040300000458955765,0.43795020971338794,0.06364999711513519,0.6609187722206116,0.0,-0.6508981585502625,0.3009999990463257,0.06144999712705612,0.4166328534676783,2,3780,4.903701498616975,0.4724754464438534,3.3416733741760254
0.041999999433755875,0.4089687106742839,0.06584999710321426,0.6431016325950623,-0.005231222603470087,-0.6147432923316956,0.2759999930858612,0.059950001537799835,0.38767269502524293,2,2733,4.889862622616214,0.32426388699547837,21.309877395629883
0.04794999957084656,0.37729896946026575,0.07159999758005142,0.60550457239151,0.013007822446525097,-0.5598586201667786,0.2537499964237213,0.06235000118613243,0.3517951154236308,2,3113,4.886553326181248,0.17246063250373478,27.864225387573242
0.0364999994635582,0.49426328397634695,0.054999999701976776,0.7608055472373962,0.03971113637089729,-0.675659716129303,0.28415000438690186,0.038600001484155655,0.4476754806755282,2,3175,4.893171919051178,0.04137062474640529,9.593571662902832
0.10339999943971634,0.1920386892469439,0.15289999544620514,0.25545334815979004,-0.00967955682426691,-0.3301205039024353,0.303600013256073,0.18005000054836273,0.18840544549457075,2,2718,4.896481215486144,0.5300242802321372,10.69416618347168
0.05694999918341637,0.4430401952912239,0.09125000238418579,0.5956168174743652,-0.055531784892082214,-0.5753839015960693,0.33855000138282776,0.08579999953508377,0.4101530831342367,2,3002,4.891066003138018,0.43133101726790746,7.930630683898926
0.03474999964237213,0.37503714514785397,0.049800001084804535,0.6653778553009033,-0.013556602410972118,-0.6525985598564148,0.23690000176429749,0.047600001096725464,0.36195028676330143,2,3061,4.895277834964338,0.3389652104922124,11.1822509765625
0.06970000267028809,0.36982300888168373,0.09974999725818634,0.5037208795547485,-0.07885260134935379,-0.5109095573425293,0.3081499934196472,0.10170000046491623,0.3403582914914942,2,2966,4.8814389589635745,0.6434466175709395,10.46599292755127
0.040049999952316284,0.5186820666164971,0.06055000051856041,0.7528380751609802,-0.013698896393179893,-0.668673038482666,0.3049499988555908,0.0429999977350235,0.46338227874367577,2,2959,4.903701498616975,0.16514120116230369,48.520233154296875
0.05415000021457672,0.40012940946431064,0.08089999854564667,0.5909473896026611,-0.047725021839141846,-0.5553112626075745,0.2829499840736389,0.07275000214576721,0.3684702325225502,2,2940,4.89377360931208,0.20293793568457796,10.259050369262695
0.03215000033378601,0.5720125598246424,0.06674999743700027,0.8049498200416565,-0.045589879155159,-0.6695953607559204,0.33730000257492065,0.03644999861717224,0.5164806927850412,2,3292,4.892871073920728,0.630097824151025,28.110973358154297
0.053599998354911804,0.4618838054352647,0.08134999871253967,0.6213144063949585,-0.02829728275537491,-0.6159565448760986,0.3422999978065491,0.0799499973654747,0.42670100593300503,2,3330,4.898887976529754,0.19239985061490972,17.71266746520996
0.05415000021457672,0.6156738769642668,0.09030000120401382,0.712561845779419,0.008496788330376148,-0.6547835469245911,0.4328500032424927,0.0726500004529953,0.5373446068607614,2,3254,4.908214175573746,0.42370115010417264,22.796985626220703
0.035999998450279236,0.45124419626656,0.058800000697374344,0.7073097825050354,-0.04414774850010872,-0.6578909158706665,0.28494998812675476,0.04884999990463257,0.42474212930769645,2,3276,4.901294737573365,0.1216186801214203,12.4320068359375
0.03060000017285347,0.4421096706637171,0.04899999871850014,0.7483533024787903,0.001280713127925992,-0.6816114187240601,0.2587999999523163,0.03725000098347664,0.4174674933265452,2,3365,4.879934733311319,0.6340037378003462,16.08924102783203
0.03060000017285347,0.43212409071664676,0.04439999908208847,0.756465494632721,0.04534371569752693,-0.6926271915435791,0.24449999630451202,0.033900000154972076,0.405832471301601,2,3229,4.875722901485,0.006579021198524937,39.34171676635742
0.08935000002384186,0.20520450455467376,0.11204999685287476,0.30341631174087524,-0.0017784872325137258,-0.335310697555542,0.22509999573230743,0.12030000239610672,0.18594746907063842,2,2602,4.893171919051178,0.3306005617815,5.235473155975342
0.04535000026226044,0.41310011057879187,0.0669500008225441,0.6295133829116821,-0.07087457925081253,-0.6200340390205383,0.2854500114917755,0.0648999959230423,0.38904571114058534,2,3067,4.898286286268852,0.44325352202524193,6.199143409729004
0.0515500009059906,0.4107273540994484,0.0783500000834465,0.6053141355514526,-0.006567068863660097,-0.5745893716812134,0.28999999165534973,0.07129999995231628,0.38087773220829363,2,3096,4.875121211224097,0.6427992642426701,14.373064994812012
0.04529999941587448,0.5188844599681651,0.06719999760389328,0.7234071493148804,-0.04536648839712143,-0.6503187417984009,0.3171499967575073,0.05090000107884407,0.46008293821030205,2,3181,4.880837268702672,0.39979370368651934,22.785385131835938
0.029500000178813934,0.3870854773943392,0.039799999445676804,0.6939985752105713,-0.07946418225765228,-0.7182799577713013,0.24275000393390656,0.04385000094771385,0.379290621189596,2,3092,4.866998392701911,0.5530405442315282,38.09165954589844
0.040550000965595245,0.4243884237284713,0.06224999949336052,0.6612215042114258,-0.010198581963777542,-0.6385542154312134,0.28220000863075256,0.05754999816417694,0.4012801583485478,2,3368,4.871811914789131,0.4619629411089229,16.287504196166992
0.0531499981880188,0.45229936885363425,0.07739999890327454,0.6352034211158752,-0.0266217440366745,-0.597817599773407,0.3075000047683716,0.06859999895095825,0.4090286579212504,2,2913,4.900993892442914,0.5028753452248982,18.812305450439453
0.04854999855160713,0.3480462458973742,0.06745000183582306,0.5652443766593933,0.0368969663977623,-0.5779759287834167,0.25220000743865967,0.07005000114440918,0.3322894576945119,2,3445,4.878129662528609,0.08441587309331866,3.704791784286499
0.030150000005960464,0.1303109034500695,0.03680000081658363,0.41334268450737,0.0,-0.4623812735080719,0.10009999573230743,0.04155000299215317,0.13687366833136314,2,3777,4.90039220218201,0.49996382654091365,6.660551071166992
0.03229999914765358,0.5156376224062877,0.05790000036358833,0.7746275067329407,-0.018178263679146767,-0.6823916435241699,0.3066999912261963,0.03894999995827675,0.47493051627581395,2,2806,4.882943184615832,0.20187740284127553,17.20650291442871
0.04964999854564667,0.3086848394365633,0.0649000033736229,0.5241526365280151,-0.026092877611517906,-0.5638440847396851,0.23270000517368317,0.0726500004529953,0.29810021158964145,2,2904,4.898286286268851,0.4260227856678618,4.987410068511963
0.04270000010728836,0.4398855048681444,0.06520000100135803,0.6736748218536377,0.03403862938284874,-0.6250718832015991,0.2825999855995178,0.05510000139474869,0.40736538331770245,2,3244,4.89136684826847,0.2532494586850157,38.17306900024414
0.03269999846816063,0.31343582089228667,0.039250001311302185,0.6869948506355286,0.0,-0.6287538409233093,0.17219999432563782,0.031950000673532486,0.2987644563973985,2,3922,4.86699839270191,0.004222434695091093,22.450637817382812
0.05939999967813492,0.3853346518876499,0.08004999905824661,0.5447563529014587,-0.20558808743953705,-0.5860909819602966,0.30674999952316284,0.09040000289678574,0.36172880127537266,2,2960,4.885650790789894,0.1770623602170065,4.1451215744018555
0.03099999949336052,0.45747164842986887,0.04600000008940697,0.7625754475593567,0.003179671708494425,-0.7020725607872009,0.262800008058548,0.03539999946951866,0.42733651925147353,2,3256,4.890765158007568,0.2132740539517497,2.930774450302124
0.04809999838471413,0.35420303586343116,0.06870000064373016,0.570490300655365,-0.016969406977295876,-0.5782041549682617,0.2570500075817108,0.07029999792575836,0.338581026916304,2,3123,4.895277834964338,0.6815081001328956,18.384174346923828
0.04749999940395355,0.36866936891600854,0.07079999893903732,0.591351330280304,-0.02888600528240204,-0.5688185095787048,0.25760000944137573,0.06615000218153,0.348619128179425,2,2970,4.872413605050035,0.14754408374142935,26.97510528564453
0.07720000296831131,0.36782774624468717,0.10970000177621841,0.48219913244247437,-0.044290926307439804,-0.48636308312416077,0.31744998693466187,0.11089999973773956,0.33373725991630276,2,2590,4.432263144037272,0.07962835068704088,4.718838691711426
0.02525000087916851,0.3337940579760537,0.03970000147819519,0.7028670310974121,0.013677867129445076,-0.663131058216095,0.19599999487400055,0.03420000150799751,0.33237467988432867,2,3572,4.858875574179722,0.36397032878843294,11.886297225952148
0.030700000002980232,0.43694758513898446,0.03945000097155571,0.7553247809410095,-0.027032429352402687,-0.7267532348632812,0.2493000030517578,0.03474999964237213,0.41046489893276283,2,2947,4.895277834964338,0.15375527495066432,16.56467056274414
0.050850000232458115,0.5285025350583303,0.0767500028014183,0.7000757455825806,-0.007769852411001921,-0.6287338137626648,0.3366999924182892,0.05939999967813492,0.4641780970638302,2,2975,4.894074454442532,0.1469983146107101,35.65644836425781
0.0421999990940094,0.28464611027612585,0.059849999845027924,0.535740852355957,0.019191959872841835,-0.5501691102981567,0.20624999701976776,0.06235000118613243,0.280835277458105,2,3347,4.882943184615833,0.369666284036441,15.568861961364746
0.03480000048875809,0.3290380244055213,0.047600001096725464,0.630924642086029,-0.02879345789551735,-0.6302912831306458,0.20990000665187836,0.04749999940395355,0.32162662915786955,2,3018,4.906108259660586,0.28777210314346957,12.894794464111328
0.03714999929070473,0.4870672382790964,0.058800000697374344,0.7308745384216309,-0.06593165546655655,-0.6725602149963379,0.30035001039505005,0.04670000076293945,0.4491765650625801,2,3112,4.900993892442914,0.5209823709470737,9.06045150756836
0.05894999951124191,0.3697620163892657,0.08940000087022781,0.5329387784004211,-0.10810062289237976,-0.5382827520370483,0.29785001277923584,0.09075000137090683,0.34959488202304306,2,2725,4.898587131399302,0.48842954951293194,5.846372604370117
0.12110000103712082,0.12362851911816658,0.15309999883174896,0.162322998046875,0.00051600590813905,-0.29818931221961975,0.2831999957561493,0.20409999787807465,0.12017623577648837,2,2567,4.881138113833123,0.26021412985808734,2.930785894393921
0.21649999916553497,0.3577302467987484,0.21285000443458557,0.245300754904747,0.0,-0.2176070660352707,0.33125001192092896,0.20075000822544098,0.18968023422661218,2,3390,4.888358396963956,0.47500048108381565,24.99306297302246
0.049400001764297485,0.34419861626463555,0.06769999861717224,0.5666773915290833,-0.00651593180373311,-0.5636481046676636,0.2425999939441681,0.06710000336170197,0.3251203986039469,2,3055,4.903400653486524,0.6394288524938138,10.384543418884277
0.05889999866485596,0.46032195064505205,0.08250000327825546,0.6212140321731567,-0.063971146941185,-0.5871387124061584,0.3171499967575073,0.07410000264644623,0.40906029891771173,2,2976,4.882943184615832,0.30009813921701656,14.200183868408203
0.12160000205039978,0.07417960371920446,0.15185000002384186,0.10156876593828201,0.013935689814388752,-0.28658679127693176,0.2738499939441681,0.22335000336170197,0.07596268158679555,2,2836,4.87608572446703,0.661374091746337,4.987443447113037
0.05465000122785568,0.2688633538951796,0.07729999721050262,0.4493284523487091,-0.03377055004239082,-0.5087384581565857,0.23739999532699585,0.09019999951124191,0.26679554748763423,2,3001,4.900392202182011,0.036830112888168176,19.47267723083496
0.04410000145435333,0.5836423056350324,0.07109999656677246,0.7549043297767639,-0.016100598499178886,-0.6718966364860535,0.36230000853538513,0.050599999725818634,0.5121590634059584,2,3121,4.885951635920346,0.5753428729967124,18.97197914123535
0.05609999969601631,0.28118469621181036,0.07599999755620956,0.4726060628890991,-0.002835977589711547,-0.49743759632110596,0.22644999623298645,0.08110000193119049,0.2699832727983846,2,3490,4.842329092004899,0.3260328240617425,7.933895111083984
0.05115000158548355,0.47124229736126794,0.07495000213384628,0.6523760557174683,-0.05568982660770416,-0.6203621625900269,0.3199000060558319,0.06729999929666519,0.4270739493381853,2,3201,4.896180370355692,0.5036830695992496,11.649036407470703
0.07819999754428864,0.2877265467426958,0.09854999929666519,0.4187813699245453,-0.0002962712023872882,-0.43026450276374817,0.24740000069141388,0.10135000199079514,0.2581148717038116,2,2936,4.871800151739324,0.41873699013432775,14.143472671508789
0.025599999353289604,0.3835260785292173,0.0406000018119812,0.7179675698280334,-0.013702843338251114,-0.7035413980484009,0.23330000042915344,0.03830000013113022,0.37908242643162415,2,2759,4.898587131399302,0.08999904684914539,3.8228516578674316
0.029999999329447746,0.5287787099724388,0.04755000025033951,0.8157365918159485,-0.002224579220637679,-0.7212778329849243,0.2936500012874603,0.02979999966919422,0.4806302774516996,2,3290,4.861583180353785,0.12677815570902584,25.205698013305664
0.04724999889731407,0.515920204190085,0.07670000195503235,0.6921001076698303,-0.020185671746730804,-0.6361048221588135,0.34485000371932983,0.06274999678134918,0.46622962778045346,2,3032,4.898887976529754,0.4708276194331509,5.623781204223633
0.0689999982714653,0.24418941909076153,0.09115000069141388,0.3820447623729706,-0.01608717255294323,-0.45606446266174316,0.24400000274181366,0.10909999907016754,0.23719376987185387,2,2924,4.890765158007567,0.6801836943864644,30.520462036132812
0.0430000014603138,0.45724575736860557,0.06714999675750732,0.6765731573104858,-0.002619208535179496,-0.6346075534820557,0.3003999888896942,0.05795000120997429,0.42369078547708877,2,3302,4.880235578441769,0.029449673256774167,16.58298683166504
0.04780000075697899,0.3612456792747435,0.07244999706745148,0.568027675151825,-0.04097670689225197,-0.5789626836776733,0.271699994802475,0.07485000044107437,0.34879805469392433,2,3363,4.870006844006423,0.44982866133392274,23.857072830200195
0.06094999983906746,0.38838194703354567,0.08789999783039093,0.5459047555923462,-0.013502441346645355,-0.551816463470459,0.30434998869895935,0.08940000087022781,0.3607552285382574,2,3054,4.900993892442913,0.5518472501942415,27.32404899597168
0.028599999845027924,0.42257930434065727,0.03819999843835831,0.7714285850524902,0.2675616145133972,-0.7177687883377075,0.23250000178813934,0.029999999329447746,0.39836065999060283,2,3861,4.867600082962813,0.04617707079179856,25.613544464111328
0.04270000010728836,0.32049570426518986,0.06464999914169312,0.5594009757041931,0.01364057045429945,-0.5674862265586853,0.23430000245571136,0.06620000302791595,0.3149906276257363,2,2535,4.8922693836598246,0.39820379777311987,8.492833137512207
0.04574999958276749,0.38922396455597535,0.0628499984741211,0.6316046118736267,-0.08326300233602524,-0.5993625521659851,0.250900000333786,0.05664999783039093,0.3608135773852795,2,3191,4.875722901485,0.3297938224457925,26.717336654663086
0.1088000014424324,0.024448771012944154,0.13359999656677246,0.037502922117710114,-0.008101217448711395,-0.250070184469223,0.22269999980926514,0.20659999549388885,0.025987309367397838,2,2576,4.865193321919201,0.09341353081102555,5.235288143157959
0.039650000631809235,0.33065835987478115,0.05480000004172325,0.5961607098579407,0.03579620644450188,-0.60759037733078,0.22450000047683716,0.0568000003695488,0.3219633941999581,2,3116,4.890464312877117,0.1611233186971912,15.42225456237793
0.04580000042915344,0.4913550584450701,0.06475000083446503,0.6978397369384766,0.0010341251036152244,-0.6548507213592529,0.3104499876499176,0.05525000020861626,0.44218549905363547,2,3155,4.902798963225622,0.08047787551224084,32.020904541015625
0.02759999968111515,0.2921249644762536,0.0406000018119812,0.6196111440658569,-0.008610239252448082,-0.650301456451416,0.1915999948978424,0.04500000178813934,0.2985337912759992,2,2584,4.887155016442152,0.5395120379719701,12.426873207092285
0.019999999552965164,0.3935139053715784,0.030899999663233757,0.7701014876365662,-0.03438692167401314,-0.7601397037506104,0.22675000131130219,0.02944999933242798,0.3913647219206269,2,2835,4.88023557844177,0.43269560346333147,36.29436111450195
0.07760000228881836,0.3410741449900335,0.09849999845027924,0.4674524962902069,-0.09719127416610718,-0.4796619117259979,0.2800999879837036,0.10164999961853027,0.3035724256437538,2,3078,4.893472764181629,0.14658344752557662,19.583391189575195
0.08515000343322754,0.3469496841263992,0.11559999734163284,0.4427531063556671,-0.04999738186597824,-0.47763216495513916,0.3269999921321869,0.12630000710487366,0.31579773185975496,2,2750,4.900993892442913,0.3990717357307637,21.81017303466797
0.05040000006556511,0.4381124034394663,0.07050000131130219,0.6520833373069763,-0.013415751978754997,-0.5948858261108398,0.27755001187324524,0.05844999849796295,0.39312202869111607,2,2978,4.893171919051178,0.5126874835965745,25.241146087646484
0.0478999987244606,0.5355971861566813,0.08070000261068344,0.6858152747154236,-0.09420668333768845,-0.6508005261421204,0.3815000057220459,0.07110000401735306,0.4887675811429108,2,2959,4.890163467746665,0.44900789551616216,18.67768096923828
0.06504999846220016,0.45209004874977443,0.10014999657869339,0.5829777121543884,-0.0018931188387796283,-0.548161506652832,0.34314998984336853,0.09040000289678574,0.40611106354044013,2,2688,4.905506569399684,0.29554636053918215,4.987292766571045
0.04780000075697899,0.5092439041380832,0.07455000281333923,0.6876787543296814,-0.08456703275442123,-0.6397680640220642,0.33934998512268066,0.06279999762773514,0.4598182000488733,2,2990,4.8979854411384,0.4658464505170187,13.54507827758789
0.026750000193715096,0.646364422962728,0.05350000038743019,0.8617603182792664,-0.021465567871928215,-0.7499415874481201,0.37439998984336853,0.027799999341368675,0.5762580270287982,2,3096,4.903701498616976,0.40012784342032304,19.629667282104492
0.02710000053048134,0.4151070658139888,0.0406000018119812,0.7262446880340576,-0.007527946960180998,-0.7259534001350403,0.2556999921798706,0.040550000965595245,0.40530610938724976,2,2845,4.900693047312463,0.12738147335284455,19.643163681030273
0.053700000047683716,0.47523976678051055,0.08089999854564667,0.6462826728820801,-0.028023719787597656,-0.6007895469665527,0.32440000772476196,0.06970000267028809,0.4273012002459383,2,3037,4.903400653486525,0.5398977455342349,18.798463821411133
0.05119999870657921,0.478268912969643,0.08169999718666077,0.6560509204864502,-0.06187959760427475,-0.5982296466827393,0.32499998807907104,0.06750000268220901,0.4327730891804621,2,2771,4.888057551833507,0.3661181883956035,4.718841552734375
0.036249998956918716,0.3079558648505521,0.05274999886751175,0.5818315744400024,0.087495356798172,-0.6060492992401123,0.21505001187324524,0.05685000121593475,0.3074232568493942,2,3963,4.864591631658298,0.6426800614294744,26.939895629882812
0.029600000008940697,0.5047068150881233,0.051600001752376556,0.7900230288505554,-0.023783912882208824,-0.6992568969726562,0.29155001044273376,0.03420000150799751,0.46748411482328467,2,2810,4.898887976529755,0.4365543886123482,20.49420738220215
0.050700001418590546,0.38711070175765894,0.07490000128746033,0.5763348340988159,-0.00794372707605362,-0.5936524868011475,0.29374998807907104,0.07895000278949738,0.369199016048672,2,2903,4.906108259660586,0.530672993829,5.922154426574707
0.046149998903274536,0.5888561842712213,0.08179999887943268,0.7380979061126709,-0.019295988604426384,-0.6489647030830383,0.3842499852180481,0.05790000036358833,0.5195828528081772,2,2771,4.896180370355692,0.433477634192062,17.954193115234375
0.18005000054836273,0.07384263636880442,0.21295000612735748,0.07733124494552612,0.0,-0.12555178999900818,0.27410000562667847,0.23475000262260437,0.05850721516922097,2,3171,4.870909379397777,0.4229902538428789,32.155574798583984
0.03180000185966492,0.3556326175634081,0.042899999767541885,0.69966721534729,-0.01847860775887966,-0.6529126167297363,0.20430000126361847,0.03610000014305115,0.34076175202797376,2,3030,4.90009135705156,0.3507885938574352,0.9284824728965759
0.039000000804662704,0.34587765727109987,0.05380000174045563,0.6172773838043213,0.004952085204422474,-0.6187101602554321,0.22840000689029694,0.05404999852180481,0.33423862322679376,2,3488,4.811704866550439,0.5777055243554554,16.285444259643555
0.04964999854564667,0.39915849587315805,0.07315000146627426,0.60382479429245,0.0019941083155572414,-0.5868398547172546,0.28095000982284546,0.06939999759197235,0.37316988955056496,2,2536,4.900693047312463,0.5676065586749468,2.7839298248291016
0.06864999979734421,0.2658392740083913,0.09605000168085098,0.3842746317386627,0.005735521204769611,-0.529800534248352,0.3125,0.13899999856948853,0.2735155045055536,2,2790,4.890464312877116,0.5759034104430565,6.533988952636719
0.0693499967455864,0.2713244208977671,0.09200000017881393,0.41839414834976196,-0.00567717244848609,-0.45058226585388184,0.24289999902248383,0.09960000216960907,0.25513352519307925,2,3825,4.859477264440626,5.261443230375473e-05,36.36457061767578
0.025750000029802322,0.41410951266923535,0.03959999978542328,0.762446403503418,-0.007222924381494522,-0.7129395008087158,0.2363000065088272,0.031849998980760574,0.39923844184136625,2,3426,4.881138113833124,0.573884216676632,11.14120864868164
0.04170000180602074,0.45529933649530013,0.06064999848604202,0.7035664916038513,-0.029554549604654312,-0.639524519443512,0.27584999799728394,0.04800000041723251,0.41485100082274273,2,3020,4.900693047312462,0.4871406853795711,29.69480323791504
0.04625000059604645,0.2899167066597099,0.06504999846220016,0.5170630812644958,-0.08780013769865036,-0.5436689257621765,0.22005000710487366,0.07005000114440918,0.2847740875731106,2,2643,4.896180370355691,0.06927739447683312,25.9691162109375
0.04675000160932541,0.4542434760341607,0.08299999684095383,0.652312159538269,0.024973666295409203,-0.5794807076454163,0.31174999475479126,0.06560000032186508,0.4208411622742747,2,2645,4.891066003138018,0.5297666199671938,19.62113380432129
0.028699999675154686,0.5126567127058358,0.04874999821186066,0.8012593984603882,0.010511190630495548,-0.7148705720901489,0.29319998621940613,0.032349999994039536,0.4739567389888925,2,2988,4.888358396963957,0.16288654771333633,12.187829971313477
0.04154999926686287,0.30982928709186724,0.051500000059604645,0.5975460410118103,-0.014000371098518372,-0.5826579928398132,0.19529999792575836,0.04919999837875366,0.2943586305014182,2,3515,4.852858671570696,0.4551308314504092,28.49216651916504
0.060350000858306885,0.39710455839618525,0.07580000162124634,0.5840311050415039,0.15313221514225006,-0.5549684166908264,0.264849990606308,0.06955000013113022,0.351090590801492,2,2804,4.870608534267325,0.13324817399342204,27.6956844329834
0.03889999911189079,0.41318802921706654,0.059300001710653305,0.6587863564491272,-0.008065114729106426,-0.6456528306007385,0.2754000127315521,0.05665000155568123,0.3943573236338336,2,2707,4.888057551833505,0.1863409459239861,19.550216674804688
0.060499999672174454,0.09359352912766446,0.08844999969005585,0.16738742589950562,-0.005421747919172049,-0.443535715341568,0.22945000231266022,0.1636500060558319,0.11051393288591141,2,2561,4.887455861572603,0.6248656678871967,6.530098915100098
0.03849999979138374,0.3981117333054197,0.057500001043081284,0.664696216583252,-0.012828192673623562,-0.6301656365394592,0.2534500062465668,0.05104999989271164,0.37737726191915305,2,3478,4.844735853048509,0.2106252771236291,15.18355655670166
0.05094999819993973,0.4840541648677122,0.08004999905824661,0.6570931673049927,0.002637687837705016,-0.6125832200050354,0.33320000767707825,0.06894999742507935,0.4393670821219068,2,2935,4.24411473010232,0.4415587179371323,19.123064041137695
0.036400001496076584,0.4005138685079136,0.057500001043081284,0.6587942838668823,0.02204277738928795,-0.6454994082450867,0.2669000029563904,0.05490000173449516,0.38695546363796424,2,3340,4.891667693398921,0.5620289872902765,29.348600387573242
0.041999999433755875,0.34703160667090016,0.061149999499320984,0.5839923620223999,-0.046259719878435135,-0.6073836088180542,0.2503499984741211,0.06575000286102295,0.3392966462034522,2,3007,4.886013613771924,0.668987981628788,26.95877456665039
0.042249999940395355,0.43570609617152584,0.06764999777078629,0.6615296602249146,0.0028597982600331306,-0.6228571534156799,0.29109999537467957,0.05929999798536301,0.40886641439185145,2,3027,4.908214175573746,0.23965329592113516,7.0295281410217285
0.034949999302625656,0.3527308568775712,0.0494999997317791,0.6498889923095703,-0.006639197934418917,-0.6365638971328735,0.22290000319480896,0.04729999974370003,0.3419890991583035,2,3488,4.7925127560531315,0.4033112952818797,15.422225952148438
0.03485000133514404,0.5677842274635982,0.04924999922513962,0.8135204911231995,-0.008213990367949009,-0.7307271957397461,0.31654998660087585,0.03254999965429306,0.5017076755573683,2,2860,4.890765158007568,0.3041248299568886,7.875718593597412
0.043949998915195465,0.2212685209712854,0.0544000007212162,0.49687108397483826,-0.009609473869204521,-0.46640509366989136,0.14949999749660492,0.05025000125169754,0.2127545475293539,2,2977,4.8979854411384,0.04417344913681698,13.049976348876953
0.05034999921917915,0.6254164654248971,0.0823500007390976,0.743842363357544,-0.07137961685657501,-0.6634998321533203,0.40710002183914185,0.05979999899864197,0.5387837656776193,2,3168,4.892871073920727,0.4403288521819303,3.704791784286499
0.03700000047683716,0.7186586819220943,0.0722000002861023,0.8273928761482239,-0.04441697895526886,-0.7267738580703735,0.4562999904155731,0.04309999942779541,0.6201720960381489,2,2935,4.903400653486525,0.14267605929447724,14.563868522644043
0.04535000026226044,0.4449943243314758,0.06729999929666519,0.6664736866950989,-0.04698842018842697,-0.6209518909454346,0.28780001401901245,0.0575999990105629,0.40844572650910804,2,3057,4.902798963225622,0.12900748317560662,14.629229545593262
0.04270000010728836,0.34434373949909003,0.05795000120997429,0.5816783905029297,-0.21066652238368988,-0.6198130249977112,0.24690000712871552,0.06530000269412994,0.33538537719458217,2,3160,4.900693047312462,0.5522834858332513,23.775253295898438
0.025550000369548798,0.38755562153256484,0.039250001311302185,0.7618559002876282,-0.011729013174772263,-0.6907013058662415,0.21455000340938568,0.028999999165534973,0.37431915190899595,2,3493,4.834507118613162,0.0316528485221772,8.492694854736328
0.04479999840259552,0.27942220850182586,0.0608999989926815,0.5179224610328674,-0.00319914729334414,-0.5461996793746948,0.20749999582767487,0.06589999794960022,0.27463149537893483,2,3748,4.854663742353405,0.19324787771949625,45.82801818847656
0.026249999180436134,0.32335013258882855,0.04270000010728836,0.6487594842910767,0.002558454405516386,-0.6633819341659546,0.210999995470047,0.04495000094175339,0.32948606782816614,2,2678,4.906108259660586,0.06363182005385504,3.8187642097473145
0.04580000042915344,0.360795022201023,0.06624999642372131,0.5900660157203674,-0.02639857679605484,-0.5848347544670105,0.25290000438690186,0.06520000100135803,0.34415108571560965,2,3007,4.770067274911284,0.18474613312598798,13.853669166564941
0.07964999973773956,0.27813797428622306,0.1168999969959259,0.3867228329181671,-0.03601914271712303,-0.43389829993247986,0.296099990606308,0.13095000386238098,0.26721857676927846,2,3100,4.8811381138331225,0.6834307209544335,12.817438125610352
0.049800001084804535,0.4831168837416095,0.08500000089406967,0.6642857193946838,0.04054100066423416,-0.5865758657455444,0.326200008392334,0.0658000037074089,0.43789237861995783,2,2617,4.898286286268851,0.047540772484722216,8.493219375610352
0.04179999977350235,0.30793128582257906,0.05990000069141388,0.5745406150817871,-0.01756461337208748,-0.5524840950965881,0.2078000009059906,0.05615000054240227,0.29776163376412945,2,2746,4.852858671570696,0.11852956653208413,19.263036727905273
0.02370000071823597,0.4373195963369152,0.03999999910593033,0.806463897228241,-0.0029895901679992676,-0.7117636799812317,0.23755000531673431,0.025450000539422035,0.4169724832557174,2,3396,4.867600082962811,0.5492367927804885,25.585294723510742
0.04039999842643738,0.6653065438249395,0.06814999878406525,0.8016097545623779,-0.03619157522916794,-0.7173665165901184,0.4140999913215637,0.04560000076889992,0.5759612278676483,2,3136,4.902798963225622,0.03588886731614582,16.576204299926758
0.031700000166893005,0.41015541249299153,0.039000000804662704,0.7510663270950317,0.25780004262924194,-0.7054380774497986,0.22579999268054962,0.032099999487400055,0.38336191158758953,2,3747,4.84262993713535,0.3336844454655393,25.613540649414062
0.2296999990940094,0.2909511837548217,0.22779999673366547,0.19686760008335114,0.0,-0.18116462230682373,0.3285999894142151,0.22049999237060547,0.15456105078712393,2,3454,4.903701498616975,0.3681062591442942,31.149030685424805
0.040150001645088196,0.4120247662924606,0.05954999849200249,0.6612952947616577,0.04262537136673927,-0.6364468932151794,0.2680499851703644,0.05465000122785568,0.3890846981961924,2,3341,4.868502618354166,0.17478311260726476,12.909360885620117
0.030649999156594276,0.44378932412129224,0.049400001764297485,0.7465353012084961,-0.01724151521921158,-0.6822129487991333,0.2615000009536743,0.037950001657009125,0.4194446154855972,2,3254,4.893171919051178,0.134581696053515,4.987185955047607
0.04935000091791153,0.6016321708543068,0.07365000247955322,0.7411577105522156,0.013947324827313423,-0.6772567629814148,0.382750004529953,0.05690000206232071,0.5201670837783905,2,2745,4.905506569399684,0.45424353814668395,2.0735673904418945
0.044199999421834946,0.4452789786800437,0.06689999997615814,0.6682001352310181,0.009754091501235962,-0.6252101063728333,0.29010000824928284,0.05770000070333481,0.4111818915283886,2,3051,4.858262120869012,0.1871051579333095,39.110679626464844
0.03554999828338623,0.34456339629865107,0.05285000056028366,0.6163069605827332,-0.052232369780540466,-0.6339393854141235,0.23589999973773956,0.0560000017285347,0.3407627181641062,2,2610,4.885951635920346,0.23488833998362435,18.167314529418945
0.0430000014603138,0.30831280406246675,0.06385000050067902,0.548740804195404,-0.02293098159134388,-0.5594272613525391,0.22599999606609344,0.06584999710321426,0.30337185138164874,2,2605,4.862184870614689,0.3399715002632877,24.405500411987305
0.03689999878406525,0.31868088846078835,0.052799999713897705,0.5905483365058899,-0.04226142540574074,-0.6135407090187073,0.2204499989748001,0.05674999952316284,0.31594184206383463,2,2614,4.87602374661545,0.4357091559311267,14.1976318359375
0.03754999861121178,0.48467492293129866,0.05820000171661377,0.7234132885932922,-0.052131082862615585,-0.6781418323516846,0.30344998836517334,0.048700001090765,0.44842455628683764,2,3283,4.868502618354166,0.6544342221218308,17.285503387451172
0.05009999871253967,0.6445537625638651,0.08009999990463257,0.7554123997688293,-0.08536014705896378,-0.6767880320549011,0.41554999351501465,0.05790000036358833,0.5511068807855396,2,3111,4.893171919051178,0.45971419145856773,30.961509704589844
0.032499998807907104,0.6231685505717124,0.0551999993622303,0.8269973993301392,-0.0007634891080670059,-0.7381714582443237,0.3664500117301941,0.034699998795986176,0.5522110787201227,2,3121,4.903400653486525,0.0100460791312732,7.444419860839844
0.0328500010073185,0.5126335178454504,0.04625000059604645,0.7748052477836609,0.008741617202758789,-0.734271764755249,0.30185002088546753,0.03830000013113022,0.4705410001099031,2,3278,4.880837268702672,0.4114640540604503,23.990419387817383
0.04450000077486038,0.7020530054442917,0.08169999718666077,0.7931711077690125,-0.025413773953914642,-0.6966208815574646,0.4569000005722046,0.05270000174641609,0.6005348621694435,2,2667,4.900993892442913,0.4982764494544283,18.127784729003906
0.061000000685453415,0.3141145225579174,0.08649999648332596,0.4714493155479431,0.016574734821915627,-0.5266110301017761,0.2789500057697296,0.10019999742507935,0.30498209809772603,2,3019,4.900392202182011,0.18233482789731015,16.555299758911133
0.3495500087738037,0.12067853667059301,0.3605499863624573,0.060600172728300095,0.0,-0.0652061253786087,0.41084998846054077,0.36390000581741333,0.05524610651563987,2,3648,4.885951635920345,0.013930667301301436,34.05485534667969
0.05469999834895134,0.5248649957865171,0.07670000195503235,0.680705189704895,-0.0330120250582695,-0.6346749067306519,0.3431999981403351,0.06520000100135803,0.45904887285608803,2,2818,4.898286286268851,0.5856416209550416,10.468377113342285
0.04935000091791153,0.15572955713951542,0.060350000858306885,0.32786548137664795,0.017306463792920113,-0.4569178819656372,0.16189999878406525,0.08195000141859055,0.1612220152121254,2,3018,4.900993892442914,0.17973091561873944,17.378646850585938
0.08330000191926956,0.22029371741088472,0.11429999768733978,0.3248204290866852,0.07979422807693481,-0.3707679510116577,0.24899999797344208,0.12690000236034393,0.20909920464648116,2,2858,4.893773609312081,0.6786703195138599,12.418411254882812
0.04194999858736992,0.5014488163179818,0.06404999643564224,0.7250105142593384,-0.009468406438827515,-0.6545307636260986,0.30674999952316284,0.048900000751018524,0.45202477418837106,2,2995,4.890464312877116,0.2838392268449368,36.02737045288086
0.06199999898672104,0.5378645042690811,0.1039000004529953,0.6503812074661255,-0.09495904296636581,-0.5743111371994019,0.3842499852180481,0.08139999955892563,0.47043440754944243,2,3008,4.896180370355691,0.18972888032335922,13.278424263000488
0.030150000005960464,0.563298166599603,0.05654999986290932,0.8038110733032227,-0.02424689196050167,-0.7119205594062805,0.33605000376701355,0.03655000030994415,0.5148407094735507,2,2996,4.89347276418163,0.09182790601720325,45.0877571105957
0.03765000030398369,0.4325850413722043,0.05615000054240227,0.6916395425796509,-0.04376655071973801,-0.6584550142288208,0.27265000343322754,0.04969999939203262,0.40666991538012287,2,2862,4.880235578441769,0.2909506259169313,26.74690055847168
0.06224999949336052,0.24079509032314708,0.08290000259876251,0.40536174178123474,-0.049416135996580124,-0.4481610655784607,0.21754999458789825,0.09205000102519989,0.23252222253470817,2,2684,4.867600082962812,0.4560748975069705,5.9206647872924805
0.028999999165534973,0.3856479602070057,0.04515000060200691,0.7162137031555176,-0.008795885369181633,-0.6704980731010437,0.2289000004529953,0.03784999996423721,0.3737528537035478,2,3330,4.879633888180866,0.43471135200642286,19.11573028564453
0.027699999511241913,0.38207367523891667,0.04129999876022339,0.7435897588729858,0.015535951592028141,-0.6767123341560364,0.2141999900341034,0.03150000050663948,0.36750702396076074,2,3066,4.759150894463477,0.6184277323487555,37.52275848388672
0.051600001752376556,0.6124276144447561,0.09220000356435776,0.7253638505935669,-0.01244230568408966,-0.636399507522583,0.41495001316070557,0.06605000048875809,0.5334862504853415,2,2677,4.903701498616976,0.14428940283453884,3.9314260482788086
0.05590000003576279,0.4366828464590938,0.08730000257492065,0.6074188351631165,-0.012570984661579132,-0.5627347826957703,0.31200000643730164,0.07620000094175339,0.39822112734161985,2,2799,4.890765158007568,0.5054326489035854,10.46255111694336
0.062150001525878906,0.5460279859733673,0.09600000083446503,0.6571058630943298,-0.011646725237369537,-0.6001666188240051,0.38420000672340393,0.07950000464916229,0.4742658480001481,2,3381,4.906108259660587,0.1524029216337146,32.82204818725586
0.04520000144839287,0.613182171288624,0.07225000113248825,0.7347308993339539,-0.11976542323827744,-0.7124664187431335,0.4302999973297119,0.06579999625682831,0.5488906787768434,2,3074,4.895578680094789,0.17359769255701385,2.783951759338379
0.0203000009059906,0.37827619510339017,0.032749999314546585,0.8047899007797241,0.010209443047642708,-0.718218982219696,0.1996999979019165,0.02160000056028366,0.3703729330126282,2,3389,4.8712102245282285,0.2335768188023868,22.975000381469727
0.03869999945163727,0.25297562057836437,0.05530000105500221,0.5040556192398071,-0.006352979689836502,-0.5576000213623047,0.19470000267028809,0.06419999897480011,0.2579391291591769,2,3514,4.7400801994034,0.6431457639997409,24.297828674316406
0.028850000351667404,0.4135575222410615,0.04464999958872795,0.7458745837211609,-0.0032189651392400265,-0.6841174364089966,0.23804999887943268,0.03465000167489052,0.39484922426289526,2,3447,4.852858671570696,0.31984534397706255,18.854272842407227
0.08990000188350677,0.20816865041131336,0.11574999988079071,0.2907926142215729,0.0008960747509263456,-0.4326675534248352,0.2922999858856201,0.16060000658035278,0.20731448265275887,2,2742,4.882341494354929,0.11366226707680471,14.221769332885742
0.021449999883770943,0.42499641116182757,0.03200000151991844,0.8091140389442444,-0.005038379691541195,-0.7568851113319397,0.23125000298023224,0.024399999529123306,0.4106067678770662,2,3086,4.848646839744378,0.4757487440407032,13.780488014221191
0.03310000151395798,0.6045626052861047,0.061900001019239426,0.8030155897140503,-0.009985745884478092,-0.7138233780860901,0.37070000171661377,0.04050000011920929,0.543568921639827,2,3218,4.905807414530135,0.006401045193170973,19.790380477905273
0.03180000185966492,0.3695456907653583,0.05000000074505806,0.692307710647583,0.0669582337141037,-0.6311324238777161,0.22110000252723694,0.04019999876618385,0.35642979795161683,2,3839,4.8507527556575365,0.12192664429633848,30.535898208618164
0.031849998980760574,0.8018039107155008,0.0640999972820282,0.875127911567688,-0.012344757094979286,-0.7742560505867004,0.5037999749183655,0.03355000168085098,0.6799778047604812,2,2655,4.910921781747808,0.6320280410950652,11.187122344970703
0.032999999821186066,0.37586013094952864,0.04989999905228615,0.6800578832626343,0.00334558030590415,-0.6460992693901062,0.2320999950170517,0.044199999421834946,0.36306839548098624,2,3570,4.8429927601173794,0.447993529604668,45.48113250732422
0.08004999905824661,0.3590093234679328,0.11339999735355377,0.4655485153198242,-0.03795454651117325,-0.4806503355503082,0.32330000400543213,0.11789999902248383,0.32734807318661285,2,2865,4.905506569399684,0.4744980114020614,12.91093921661377
0.5307999849319458,0.1284872487627698,0.5094000101089478,0.028215304017066956,0.0,-0.021748526021838188,0.5320500135421753,0.5028499960899353,0.028536077857513404,2,3966,4.87602374661545,0.08469084329260068,19.47252655029297
0.03189999982714653,0.4483183378837014,0.04574999958276749,0.7274430394172668,0.030928615480661392,-0.7161910533905029,0.27665001153945923,0.04365000128746033,0.426063647339893,2,2882,4.88264233948538,0.41861263759589096,10.096575736999512
0.03545000031590462,0.5535440270950475,0.06324999779462814,0.7664662599563599,0.004257142078131437,-0.6903683543205261,0.34529998898506165,0.04565000161528587,0.504489573821977,2,3055,4.905807414530135,0.28815516118645024,11.922157287597656
0.05510000139474869,0.48665746064862153,0.08034999668598175,0.6362794041633606,-0.055735815316438675,-0.6292964220046997,0.35315001010894775,0.07850000262260437,0.44219932979083487,2,3199,4.88474825539854,0.24976195984710337,10.269312858581543
0.05534999817609787,0.3378692396494457,0.08049999922513962,0.523850679397583,0.06150346249341965,-0.5331303477287292,0.2643499970436096,0.08259999752044678,0.32189031351853337,2,2806,4.890765158007568,0.06975971405742365,8.494413375854492
0.033900000154972076,0.38386888509490047,0.04569999873638153,0.6828616857528687,-0.024830613285303116,-0.6760014295578003,0.23639999330043793,0.04455000162124634,0.3684934879187063,2,2894,4.882943184615832,0.6870164501194296,17.947057723999023
0.03970000147819519,0.32893509599776993,0.06360000371932983,0.5717524886131287,-0.015688523650169373,-0.5845851898193359,0.2425999939441681,0.06610000133514404,0.32737726036723375,2,3215,4.881739804094026,0.027381134157165143,12.033347129821777
0.0625,0.6047080696175035,0.08855000138282776,0.6926406621932983,-0.01273121777921915,-0.6451612710952759,0.41054999828338623,0.07455000281333923,0.5116231779961022,2,3293,4.900993892442914,0.5680576726067971,31.266117095947266
0.05939999967813492,0.19043896204458444,0.07970000058412552,0.3472294211387634,0.0345146507024765,-0.4173976480960846,0.1938999891281128,0.09395000338554382,0.19029635087704166,2,3776,4.862485715745139,0.3139382263351068,24.73871612548828
0.02329999953508377,0.3574441181394604,0.03180000185966492,0.7566964626312256,-0.0031585691031068563,-0.7217239141464233,0.1967500001192093,0.027249999344348907,0.3511740350147445,2,2822,4.875722901484998,0.29550888137188613,8.740391731262207
0.031950000673532486,0.3730295339117146,0.04670000076293945,0.6769561767578125,-0.019824694842100143,-0.6667855978012085,0.23360000550746918,0.04500000178813934,0.3633444681841456,2,2902,4.900993892442913,0.5330128877116247,32.8018684387207
0.0478999987244606,0.3787361194596055,0.06960000097751617,0.5943973064422607,0.08319796621799469,-0.5870661735534668,0.26750001311302185,0.06804999709129333,0.35805759126187575,2,3350,4.865193321919202,0.008678844622564519,15.090888023376465
0.05835000053048134,0.5408478196088046,0.09130000323057175,0.6671861410140991,-0.039516549557447433,-0.6079441905021667,0.3744499981403351,0.07474999874830246,0.47360935583819985,2,3081,4.890765158007567,0.1051724335999894,10.464971542358398
0.06565000116825104,0.3264146454088095,0.08635000139474869,0.48794490098953247,-0.04503507539629936,-0.5002170205116272,0.25920000672340393,0.08919999748468399,0.3005657857063563,2,2638,4.908214175573746,0.555330698535541,7.87574577331543
0.020250000059604645,0.33787361208571143,0.03044999949634075,0.7638888955116272,0.016680775210261345,-0.7162162065505981,0.18414999544620514,0.024650000035762787,0.3375423174953309,2,2515,4.885951635920345,0.12333695047934967,22.117671966552734
0.04764999821782112,0.6993524969565513,0.0843999981880188,0.7858842015266418,0.002500826260074973,-0.6843680143356323,0.4503999948501587,0.05400000140070915,0.5919952134544431,2,2854,4.903400653486525,0.6895409925810521,7.387939929962158
0.030899999663233757,0.2781799069321503,0.04755000025033951,0.5752427577972412,-0.0029390763957053423,-0.6074303388595581,0.19470000267028809,0.05249999836087227,0.2854657470152071,2,2484,4.897684596007949,0.025598455990721414,14.6292142868042
0.049150001257658005,0.37896137183126066,0.07090000063180923,0.5997521877288818,-0.0006207259139046073,-0.5691279172897339,0.2581999897956848,0.06459999829530716,0.35294116608379394,2,3270,4.900693047312462,0.2688387197910507,20.007734298706055
0.186599999666214,0.034062178096764414,0.2049500048160553,0.03386477380990982,0.006451718043535948,-0.040159229189157486,0.22210000455379486,0.20755000412464142,0.0234765776797614,2,2522,4.903400653486524,0.24840052810258562,3.818761110305786
0.030750000849366188,0.43487906947719646,0.05000000074505806,0.7478321194648743,0.05382474884390831,-0.6688193082809448,0.2519499957561493,0.03635000064969063,0.4102498974174702,2,2739,4.874820366093645,0.05235186951170767,16.3399658203125
0.049550000578165054,0.3878495223398179,0.07199999690055847,0.5920526385307312,-0.038801394402980804,-0.5890997648239136,0.27845001220703125,0.07135000079870224,0.3655566160957421,2,3129,4.89347276418163,0.42427511441164767,40.20314407348633
0.03044999949634075,0.4574735874087366,0.04244999960064888,0.77512127161026,-0.00817127339541912,-0.7156731486320496,0.2561500072479248,0.03244999796152115,0.42550090250187866,2,2988,4.898587131399302,0.44000808898135524,27.408113479614258
0.06639999896287918,0.20502598287245322,0.09220000356435776,0.33862432837486267,0.008666030131280422,-0.42356982827186584,0.22769999504089355,0.11249999701976776,0.2056653161920201,2,2951,4.883845720007186,0.5826385976324541,15.411885261535645
0.03350000083446503,0.42607211469775785,0.04729999974370003,0.7361037135124207,-0.017976805567741394,-0.6756942272186279,0.2443999946117401,0.03714999929070473,0.3977672514963353,2,3169,4.90009135705156,0.3493164392184116,29.08803939819336
0.04179999977350235,0.3093507259769451,0.05939999967813492,0.5543684363365173,-0.004883091431111097,-0.5830115675926208,0.22550000250339508,0.06464999914169312,0.3053534196547739,2,3494,4.834507118613163,0.24939721365410927,11.584287643432617
0.021700000390410423,0.4387520782948056,0.03269999846816063,0.8042113184928894,-0.013970517553389072,-0.7638136744499207,0.24420000612735748,0.026499999687075615,0.42370573140886747,2,2953,4.888358396963957,0.39523781569920347,15.98962688446045
0.05249999836087227,0.21726478084134807,0.06885000318288803,0.40727272629737854,0.08384613692760468,-0.4751286208629608,0.19349999725818634,0.08150000125169754,0.2167741862358089,2,3802,4.880235578441769,0.4868118369967137,14.670743942260742
0.05420000106096268,0.42592854200259905,0.09279999881982803,0.5901539921760559,-0.019673289731144905,-0.5587781071662903,0.32785001397132874,0.08449999988079071,0.40009318309165176,2,2848,4.910921781747808,0.19073189000690194,12.29445743560791
0.0502999983727932,0.31069685303131045,0.07244999706745148,0.5117270946502686,-0.02812797762453556,-0.5480349659919739,0.24815000593662262,0.08015000075101852,0.3042376020086614,2,2520,4.881138113833124,0.24546214493428553,4.987477779388428
0.05510000139474869,0.3720955769793893,0.08089999854564667,0.5502546429634094,0.029772378504276276,-0.5628208518028259,0.2892000079154968,0.08389999717473984,0.3527087553725397,2,3140,4.880837268702672,0.5534966023770218,38.022945404052734
0.041099999099969864,0.4406975323442613,0.0645499974489212,0.6729795932769775,-0.022989027202129364,-0.6351561546325684,0.28929999470710754,0.05654999986290932,0.4127504811816818,2,3129,4.892570228790276,0.34144980227082444,28.561365127563477
0.024900000542402267,0.3481331927870554,0.039400000125169754,0.7337173223495483,-0.016725150868296623,-0.664752185344696,0.19564999639987946,0.030050000175833702,0.34229019637338903,2,3494,4.8092126015556325,0.028109542654635167,5.846305847167969
0.030150000005960464,0.3687239938421596,0.043800000101327896,0.6805530190467834,-0.11276238411664963,-0.6811646819114685,0.2309499979019165,0.04390000179409981,0.36210233499619054,2,3094,4.874820366093647,0.00977249243752798,30.504894256591797
0.0272000003606081,0.5140168539170308,0.04699999839067459,0.8111214637756348,-0.00331153254956007,-0.7223042845726013,0.2915000021457672,0.030400000512599945,0.47651782599220294,2,3344,4.87602374661545,0.500013180499375,48.91154479980469
0.06560000032186508,0.2128667873373763,0.08250000327825546,0.36005130410194397,0.020564157515764236,-0.43991851806640625,0.21209999918937683,0.0997999981045723,0.2074762928792317,2,2871,4.890765158007568,0.18851127414210567,9.593701362609863
0.06840000301599503,0.3680322626627319,0.09485000371932983,0.5147601366043091,-0.07765691727399826,-0.5036630034446716,0.28734999895095825,0.09205000102519989,0.3331248543286103,2,2718,4.887756706703054,0.05239115337489131,21.40845489501953
0.07209999859333038,0.2915031186643917,0.1099499985575676,0.4149951934814453,0.01830490678548813,-0.45870769023895264,0.2962999939918518,0.12250000238418579,0.2837396478447549,2,2804,4.905506569399684,0.5206392141252231,6.728915214538574
0.040300000458955765,0.5278984189978096,0.06679999828338623,0.73185795545578,0.0751970186829567,-0.6687329411506653,0.33649998903274536,0.05209999904036522,0.4800810158839111,2,3069,4.8979854411384,0.39314264138286836,50.91548538208008
0.06319999694824219,0.33104055494906776,0.09489999711513519,0.47554150223731995,-0.02186920866370201,-0.5231754779815674,0.3031499981880188,0.10774999856948853,0.32176967885731833,2,3206,4.89136684826847,0.6311608720092964,13.45433521270752
0.019099999219179153,0.3342669862321227,0.02930000051856041,0.7929435968399048,-0.006583584938198328,-0.7118269205093384,0.1740500032901764,0.020099999383091927,0.33267306053634277,2,3386,4.860680644962431,0.645954375697208,10.740647315979004
0.14665000140666962,0.07093392430361409,0.22965000569820404,0.08845844119787216,-0.00010244801524095237,-0.18966124951839447,0.3371500074863434,0.28235000371932983,0.07342564075724572,2,2852,4.893171919051179,0.3623393626877415,12.965977668762207
0.051600001752376556,0.3151518845855228,0.06880000233650208,0.5322283506393433,-0.05609073117375374,-0.5376343727111816,0.2287999987602234,0.06984999775886536,0.2985350310413961,2,2831,4.862848538727169,0.47729956079290203,12.68570327758789
0.04774999991059303,0.37741880867232785,0.0729999989271164,0.5817490220069885,-0.030516033992171288,-0.5873374938964844,0.2807999849319458,0.0742499977350235,0.3623472160411191,2,3002,4.901294737573364,0.03721509916970622,25.044021606445312
0.04735000059008598,0.34913429363763177,0.07320000231266022,0.5676923394203186,-0.034041937440633774,-0.5535904765129089,0.25475001335144043,0.0702499970793724,0.3354545707988342,2,3053,4.892871073920727,0.6704197958214831,20.492094039916992
0.0421999990940094,0.3945888381245608,0.06224999949336052,0.6534175872802734,-0.07949971407651901,-0.5994208455085754,0.24854999780654907,0.05209999904036522,0.36804471280803386,2,3350,4.890464312877116,0.27188816421116746,25.205467224121094
0.05674999952316284,0.36447700997933485,0.09094999730587006,0.5295310616493225,-0.0658324733376503,-0.5367375612258911,0.30169999599456787,0.09279999881982803,0.3503074316139356,2,2942,4.893472764181629,0.5726764153804539,13.654007911682129
0.02095000073313713,0.3360832946794482,0.035999998450279236,0.7488306760787964,-0.0006120228208601475,-0.6770576238632202,0.18694999814033508,0.026850000023841858,0.33643877527652266,2,3420,4.849850220266182,0.6517795392150103,17.982074737548828
0.06015000119805336,0.4266582567104268,0.09200000017881393,0.5862684845924377,-0.012194989249110222,-0.5431408882141113,0.31075000762939453,0.08105000108480453,0.38635344970859403,2,2791,4.903400653486524,0.19744869011299315,13.53286361694336
0.04410000145435333,0.5919944649711798,0.07909999787807465,0.7522103190422058,-0.039029184728860855,-0.6528037190437317,0.37655001878738403,0.05324999988079071,0.5215637971856806,2,3012,4.895578680094789,0.6779440336109986,12.020112037658691
0.14390000700950623,0.6637003484492203,0.15825000405311584,0.5361652970314026,0.0,-0.4663631319999695,0.43484997749328613,0.13130000233650208,0.42707402462069094,2,3193,4.906108259660587,0.06356081442392769,7.9310736656188965
0.027799999341368675,0.4264257538659297,0.04165000095963478,0.7542117238044739,0.01384380180388689,-0.7117148041725159,0.24729999899864197,0.03465000167489052,0.40792249595354957,2,2812,4.892570228790275,0.3073867527939842,17.091957092285156
0.03584999963641167,0.551484440181028,0.062049999833106995,0.7940967082977295,0.03286593034863472,-0.6704726815223694,0.3145500123500824,0.03610000014305115,0.4910068914081375,2,3173,4.882341494354929,0.010340375395746948,21.369169235229492
0.03200000151991844,0.24423641705484883,0.042100001126527786,0.5489205121994019,0.10856104642152786,-0.6003796458244324,0.16859999299049377,0.04910000041127205,0.2497561523154273,2,3968,4.826685145221427,0.3004102685265698,12.293810844421387
0.03720000013709068,0.42709644384718365,0.05855000019073486,0.6812518835067749,0.005336925387382507,-0.6506563425064087,0.27665001153945923,0.05245000123977661,0.40562056478832836,2,2849,4.88234149435493,0.23448548069744624,9.464864730834961
0.040550000965595245,0.3697979977592069,0.05914999917149544,0.6354291439056396,-0.0022420610766857862,-0.6027535200119019,0.23864999413490295,0.053199999034404755,0.3512975879905955,2,3390,4.887756706703054,0.2624994015278169,28.433961868286133
0.03734999895095825,0.39381824012393757,0.04874999821186066,0.6915242075920105,-0.11583510786294937,-0.6533333659172058,0.23250000178813934,0.042399998754262924,0.3679829711591429,2,3237,4.884748255398541,0.13689891326775283,21.248294830322266
0.04075000062584877,0.6204373020497278,0.0731000006198883,0.7739986777305603,-0.006085253320634365,-0.6886048913002014,0.39640000462532043,0.05050000175833702,0.5479459296679438,2,2667,4.903400653486524,0.40640357720310605,7.435793876647949
0.05889999866485596,0.46321472813390574,0.08049999922513962,0.6261972784996033,-0.033221159130334854,-0.5919919013977051,0.3140999972820282,0.0722000002861023,0.40939861953006074,2,2870,4.890765158007568,0.4848976790953261,1.8568214178085327
0.06094999983906746,0.500502375415083,0.09955000132322311,0.6268904209136963,-0.04971135035157204,-0.5745726823806763,0.36845001578330994,0.08449999988079071,0.4469542125532746,2,2893,4.893171919051179,0.2943189734310663,47.28630447387695
0.0434500016272068,0.49956760930841904,0.06830000132322311,0.712679922580719,-0.02163960598409176,-0.6411401629447937,0.31235000491142273,0.052400000393390656,0.4509106728939591,2,2907,4.225703008118696,0.5008201160501501,23.06659507751465
0.03480000048875809,0.3916380618395783,0.04410000145435333,0.6900355815887451,-0.053964413702487946,-0.686734139919281,0.2374500036239624,0.043549999594688416,0.37240717649841526,2,2925,4.898887976529753,0.3960805240415224,37.56889724731445
0.0466499999165535,0.24660262290159324,0.06069999933242798,0.4806017577648163,0.0,-0.5098910331726074,0.18700000643730164,0.06560000032186508,0.24196121118482417,2,3975,4.849248530005281,0.12807240591826818,11.573369979858398
0.06769999861717224,0.3835303874075971,0.09730000048875809,0.5214364528656006,-0.05454397574067116,-0.5238561034202576,0.31139999628067017,0.09794999659061432,0.3520921559850977,2,2886,4.903701498616976,0.1141284041562528,4.98294734954834
0.039000000804662704,0.3507498397035257,0.052149999886751175,0.6232550144195557,-0.01261639129370451,-0.629879355430603,0.22965000569820404,0.053300000727176666,0.3378568303029342,2,3037,4.446222358090214,0.33352738200797705,15.406488418579102
0.04125000163912773,0.3942860606737141,0.05460000038146973,0.6421815752983093,-0.060267772525548935,-0.6533883810043335,0.26045000553131104,0.05674999952316284,0.3738986871296637,2,3013,4.885049100528992,0.5870348061761073,20.5802059173584
0.061500001698732376,0.5504850668672011,0.09264999628067017,0.6624864935874939,-0.05079719051718712,-0.6116118431091309,0.3844499886035919,0.07805000245571136,0.4775064763543495,2,2833,4.877527972267708,0.33956325871588167,11.038352966308594
0.03674999997019768,0.32289704195630176,0.05350000038743019,0.5947057604789734,-0.011101861484348774,-0.6128798723220825,0.22290000319480896,0.05665000155568123,0.3198960951049046,2,3516,4.862485715745139,0.09206458798508832,3.818751573562622
0.04405000060796738,0.6186369399647651,0.07609999924898148,0.7601407170295715,-0.052869126200675964,-0.6805205941200256,0.400299996137619,0.05454999953508377,0.5431481355753953,2,2897,4.896180370355692,0.6172556240068146,9.464845657348633
0.02969999983906746,0.6233373332994865,0.07760000228881836,0.8257301449775696,-0.004189921077340841,-0.6594997644424438,0.3781999945640564,0.03610000014305115,0.5612490370798848,2,2416,4.905807414530135,0.44438331346082416,29.892677307128906
0.04634999856352806,0.4255791174713107,0.07214999943971634,0.6317234039306641,-0.03890940174460411,-0.6094194054603577,0.2973000109195709,0.06710000336170197,0.39946784547882247,2,3153,4.895277834964338,0.36996839289874917,22.034961700439453
0.04605000093579292,0.469333616598536,0.07320000231266022,0.6591485142707825,-0.06786161661148071,-0.6345025300979614,0.327349990606308,0.06724999845027924,0.4361166923839125,2,3249,4.893472764181629,0.38743441047152605,13.780269622802734
0.04470000043511391,0.4828626129926473,0.06755000352859497,0.6801347136497498,-0.0013774745166301727,-0.655269205570221,0.3243499994277954,0.06174999848008156,0.4445322224936089,2,2918,4.890765158007567,0.4028574866034281,28.800758361816406
0.01915000006556511,0.3573474312646717,0.031849998980760574,0.7932658195495605,-0.0027655360754579306,-0.713385820388794,0.19040000438690186,0.021949999034404755,0.35470626351538814,2,3451,4.8528586715706945,0.3022071197367401,18.87043571472168
0.07270000129938126,0.3702017478139383,0.1059499979019165,0.4957561194896698,0.014091107994318008,-0.4939701557159424,0.31279999017715454,0.10544999688863754,0.3387149407174353,2,2517,4.895277834964338,0.48173489408662196,9.770658493041992
0.0348999984562397,0.4042813736376999,0.048700001090765,0.7248296737670898,0.011825195513665676,-0.6478033065795898,0.22785000503063202,0.03635000064969063,0.37588328243427604,2,3263,4.861282335223336,0.39600501055019777,23.362930297851562
0.04399999976158142,0.2910367857007504,0.062150001525878906,0.5365764498710632,-0.030868925154209137,-0.5433504581451416,0.21005000174045563,0.06334999948740005,0.2845228898761706,2,2654,4.865193321919201,0.2771296576860627,26.253833770751953
0.03564999997615814,0.4342228736934264,0.054099999368190765,0.679033637046814,-0.08728527277708054,-0.6872832775115967,0.29190000891685486,0.055800002068281174,0.41777752233516297,2,2970,4.906108259660586,0.6704156232241898,31.81930923461914
0.019300000742077827,0.2815503583175465,0.03215000033378601,0.6954838633537292,-0.006987125147134066,-0.6726069450378418,0.16425000131130219,0.029500000178813934,0.2913513531741766,2,2470,4.84744345922257,0.6299706071240351,5.920566082000732
0.03139999881386757,0.5421663827262663,0.0523499995470047,0.7861635088920593,0.0014547161990776658,-0.7237102389335632,0.32659998536109924,0.03909999877214432,0.4981517705758175,2,3002,4.885650790789894,0.09951533638276755,13.064142227172852
0.02810000069439411,0.42045315420154694,0.04374999925494194,0.7573866844177246,-0.008818726986646652,-0.6909765005111694,0.2393999993801117,0.03305000066757202,0.40070554475979336,2,2989,4.892570228790276,0.5211536596638962,8.30006217956543
0.10954999923706055,0.33102358160397294,0.14030000567436218,0.38623204827308655,-0.02455447055399418,-0.39460623264312744,0.323199987411499,0.14309999346733093,0.2795715577584471,2,2800,4.883244029746283,0.461989041697077,5.397121906280518
0.04235000163316727,0.269319919654313,0.0580499991774559,0.5111850500106812,-0.01347198523581028,-0.5575457215309143,0.20434999465942383,0.06610000133514404,0.269160868407457,2,2879,4.901294737573364,0.43092129309691773,6.721860885620117
0.059300001710653305,0.5101832085092947,0.09504999965429306,0.650823712348938,-0.03724965453147888,-0.571122407913208,0.3481999933719635,0.07365000247955322,0.4467375258359805,2,2687,4.89557868009479,0.2711691343770428,9.385870933532715
0.04515000060200691,0.5347059407657913,0.07750000059604645,0.7099807262420654,-0.010039611719548702,-0.6413282155990601,0.35464999079704285,0.06015000119805336,0.48289242267598564,2,2680,4.8919685385293725,0.24285025947352068,3.3432579040527344
0.0393499992787838,0.40707534043652405,0.0604499988257885,0.6645982265472412,-0.08071723580360413,-0.6245341897010803,0.26155000925064087,0.05270000174641609,0.3847405674244068,2,2689,4.901294737573365,0.23250434421787702,11.187246322631836
0.05640000104904175,0.4004950026053782,0.08370000123977661,0.5683379769325256,-0.022355033084750175,-0.5727411508560181,0.30809998512268066,0.08479999750852585,0.37512598044206286,2,2798,4.890464312877116,0.05496101655959118,23.150712966918945
0.0272000003606081,0.45452730326177976,0.04470000043511391,0.7764906287193298,0.3473889231681824,-0.7072691321372986,0.260699987411499,0.03280000016093254,0.4308128370886021,2,2948,4.893171919051178,0.30835211896859593,7.611594200134277
0.060600001364946365,0.3621523065166232,0.097850002348423,0.48815828561782837,-0.002944895066320896,-0.5837498307228088,0.37229999899864197,0.12804999947547913,0.36624681345888194,2,3014,4.893472764181629,0.16998939662045442,16.770061492919922
0.027799999341368675,0.48081848534485605,0.04749999940395355,0.7851744890213013,-0.004746987484395504,-0.7077372670173645,0.27755001187324524,0.033399999141693115,0.45159999275292206,2,3271,4.89136684826847,0.4411146028036804,31.026817321777344
0.02225000038743019,0.4078046260329039,0.035750001668930054,0.7730820775032043,-0.010908748023211956,-0.7338048815727234,0.23285000026226044,0.02979999966919422,0.3993640607316251,2,2844,4.862786560875591,0.23177952387205025,10.700206756591797
0.0284000001847744,0.6371660505371608,0.04769999906420708,0.8363268375396729,-0.03456677123904228,-0.7800069451332092,0.3859499990940094,0.03440000116825104,0.5729613698466589,2,3193,4.893773609312081,0.5087770737955484,20.91733169555664
0.04439999908208847,0.38786861492088176,0.06700000166893005,0.6173438429832458,0.01674368791282177,-0.5984417200088501,0.26669999957084656,0.06310000270605087,0.36804048500747544,2,3359,4.887455861572603,0.10519006220218419,22.407150268554688
0.03164999932050705,0.45629449986249004,0.047850001603364944,0.7504485249519348,-0.018709441646933556,-0.6972955465316772,0.26829999685287476,0.03824999928474426,0.42784080094808746,2,3098,4.891066003138018,0.07815072744687612,18.468875885009766
0.14980000257492065,0.14177993839479974,0.17139999568462372,0.1602308303117752,-0.018845973536372185,-0.20794828236103058,0.2614000141620636,0.1891999989748001,0.11392806783530163,2,3070,4.8892609323553105,0.07831220110940562,16.245059967041016
0.053449999541044235,0.508221080982027,0.07575000077486038,0.6843490600585938,-0.15285369753837585,-0.6170858144760132,0.3199000060558319,0.059950001537799835,0.44317213549100654,2,2924,4.893472764181629,0.6228756365773004,24.076133728027344
0.039500001817941666,0.40957368635844915,0.061000000685453415,0.6519784331321716,0.012060152366757393,-0.637498140335083,0.2755500078201294,0.0580499991774559,0.3913747723432484,2,3339,4.8555662777447575,0.5559054908620571,0.9274099469184875
0.06939999759197235,0.48997511020915674,0.09560000151395798,0.6139240264892578,-0.03413177281618118,-0.5523296594619751,0.33149999380111694,0.07930000126361847,0.41534913357060343,2,3293,4.885049100528991,0.0938382862781113,21.53547477722168
0.03229999914765358,0.4308631228630223,0.05014999955892563,0.7282042503356934,-0.003018353134393692,-0.6736619472503662,0.2572000026702881,0.040449999272823334,0.4076035909285751,2,3507,4.867299237832361,0.11002519889670082,14.772154808044434
0.043299999088048935,0.429840530970044,0.06379999965429306,0.6642685532569885,0.0003266967833042145,-0.626244843006134,0.2775999903678894,0.0560000017285347,0.3987523825702996,2,2968,4.898286286268851,0.543194500079331,6.5300798416137695
0.031099999323487282,0.33755795424070617,0.046799998730421066,0.6669368147850037,0.014125055633485317,-0.629306972026825,0.20570001006126404,0.041099999099969864,0.33061062320988216,2,3397,4.821910074886169,0.27576673957937003,26.679719924926758
0.0632999986410141,0.33324469645016197,0.09835000336170197,0.4741073548793793,-0.11185398697853088,-0.520302414894104,0.3117000162601471,0.1112000048160553,0.3258749705254425,2,2786,4.908214175573746,0.329369928678792,20.999980926513672
0.10920000076293945,0.1821690543667953,0.16699999570846558,0.23740170896053314,-0.00012176785821793601,-0.3121911287307739,0.31859999895095825,0.19634999334812164,0.18067393447520613,2,2836,4.910921781747808,0.6954698931990186,18.46775245666504
0.03920000046491623,0.3087349471052878,0.05290000140666962,0.6019576191902161,-0.0109972283244133,-0.5756117105484009,0.1964000016450882,0.04879999905824661,0.29710145420196,2,3530,4.846841768961669,0.46729995074451525,26.83906364440918
0.06300000101327896,0.34340953313915257,0.09284999966621399,0.4967808425426483,-0.034548744559288025,-0.5157126188278198,0.2906000018119812,0.09769999980926514,0.3257345519261265,2,2812,4.897985441138401,0.6888632948556224,4.982950687408447
0.08474999666213989,0.10085302218452503,0.09889999777078629,0.17961536347866058,0.0043808333575725555,-0.21585728228092194,0.15334999561309814,0.10665000230073929,0.09217103968529218,2,2482,4.896481215486143,0.6356629928888397,9.768983840942383
0.02810000069439411,0.44914669299390375,0.043299999088048935,0.7769985795021057,-0.0181458480656147,-0.7081226706504822,0.2533999979496002,0.03180000185966492,0.4233316278854395,2,3238,4.8979854411384,0.5124492655728345,21.667055130004883
0.02810000069439411,0.3108504292601557,0.042100001126527786,0.6699774265289307,0.01792016811668873,-0.6291565299034119,0.18494999408721924,0.03655000030994415,0.30852389798270496,2,3430,4.84503669817896,0.4805395194006793,18.87631607055664
0.09364999830722809,0.1610154870635177,0.15440000593662262,0.22457626461982727,0.043276797980070114,-0.3655880391597748,0.3323499858379364,0.21044999361038208,0.17534521667143319,2,2865,4.8979854411384,0.5323997048798856,10.268606185913086
0.05844999849796295,0.460469554200055,0.08179999887943268,0.6054185628890991,-0.03300463780760765,-0.6181584596633911,0.34665000438690186,0.0851999968290329,0.4208563726190584,2,3323,4.903701498616976,0.42618301015847027,15.815956115722656
0.03454999998211861,0.2817072555339733,0.04830000177025795,0.5783132910728455,0.014039488509297371,-0.5945435166358948,0.18995000422000885,0.0507499985396862,0.28189551470573554,2,3611,4.809298105506828,0.6340403295105256,12.678487777709961
0.04399999976158142,0.6306166064719989,0.0726500004529953,0.7750478982925415,-0.038449592888355255,-0.6884648203849792,0.39375001192092896,0.04989999905228615,0.5465744855669844,2,3109,4.900693047312462,0.2985036102291113,5.623778820037842
0.030500000342726707,0.4772338243112746,0.052799999713897705,0.7744020819664001,-0.018316732719540596,-0.6773602366447449,0.2745000123977661,0.0348999984562397,0.4440326366354791,2,3183,4.886252481050797,0.02832672476849052,12.718485832214355
0.04270000010728836,0.5547164817083006,0.06194999814033508,0.7504202723503113,0.02608468197286129,-0.6905208230018616,0.3384000062942505,0.048250000923871994,0.49086449502334367,2,3124,4.903400653486525,0.5191505081837764,6.472630977630615
0.029500000178813934,0.5448491631365942,0.053700000047683716,0.7901268005371094,-0.015590519644320011,-0.721400797367096,0.33180001378059387,0.03889999911189079,0.5045940226226989,2,3054,4.836011344265419,0.33394500045009357,25.214298248291016
0.0328500010073185,0.40158018275038004,0.05225000157952309,0.7067043781280518,-0.010027671232819557,-0.6438916325569153,0.24120000004768372,0.041450001299381256,0.38283395848304025,2,3473,4.847806282204601,0.4295034119268486,27.555551528930664
0.02889999933540821,0.39100339178914373,0.040049999952316284,0.721467137336731,-0.009898155927658081,-0.7046459913253784,0.23115000128746033,0.03739999979734421,0.37814716261135706,2,2983,4.868803463484618,0.5882670600473703,26.305908203125
0.05705000087618828,0.5751224359638111,0.09390000253915787,0.6829017400741577,-0.04972276836633682,-0.626899778842926,0.4094499945640564,0.07715000212192535,0.5052199375000047,2,2754,4.878418744609254,0.47322040161786827,4.631372928619385
0.041200000792741776,0.3869195772427678,0.060100000351667404,0.631422758102417,-0.08567528426647186,-0.6258365511894226,0.2611500024795532,0.05900000035762787,0.36971895645178127,2,3071,4.89347276418163,0.24945543960831884,4.98300313949585
0.03709999844431877,0.4951071955655339,0.05889999866485596,0.7347893714904785,-0.008971014991402626,-0.676994800567627,0.3057999908924103,0.04675000160932541,0.4557797048175286,2,3219,4.8922693836598246,0.2983756248749573,17.075742721557617
0.05040000006556511,0.3939056742938097,0.07970000058412552,0.5820736885070801,-0.007569777779281139,-0.5783068537712097,0.29829999804496765,0.07880000025033951,0.3753847877458191,2,3257,4.888057551833505,0.634270654316405,9.060166358947754
0.034449998289346695,0.4319100394837014,0.05415000021457672,0.7239170670509338,-0.002899129642173648,-0.6504760384559631,0.2556999921798706,0.040950000286102295,0.4043494519387839,2,3372,4.854362897222953,0.02680751716037777,20.46293067932129
0.03370000049471855,0.4305211407923919,0.05209999904036522,0.7233507037162781,-0.00446786405518651,-0.6625101566314697,0.25665000081062317,0.041200000792741776,0.40505734082517686,2,2785,4.906108259660586,0.21969986496016802,26.52361488342285
0.04075000062584877,0.5484358473777178,0.06719999760389328,0.7502261996269226,-0.026730947196483612,-0.6686798930168152,0.33844998478889465,0.04830000177025795,0.4908091131940744,2,3111,4.903400653486524,0.04759889482009061,7.875795364379883
0.061250001192092896,0.40663454896691537,0.08619999885559082,0.5636040568351746,-0.04349222779273987,-0.5622143745422363,0.3076000213623047,0.08585000038146973,0.37229282374637784,2,2976,4.8979854411384,0.2830425523315987,25.915281295776367
0.0364999994635582,0.5604447418418946,0.05144999921321869,0.7927201986312866,0.02039383538067341,-0.7249031066894531,0.32260000705718994,0.037300001829862595,0.49767415213179983,2,2876,4.878430507659061,0.134385568000578,15.487770080566406
0.03804999962449074,0.40806035277441816,0.058400001376867294,0.669211208820343,-0.0850009098649025,-0.6359102129936218,0.2624000012874603,0.052000001072883606,0.38752455722884804,2,3018,4.905506569399684,0.06460101405571539,20.785236358642578
0.042249999940395355,0.3659607630749645,0.059950001537799835,0.6243827939033508,-0.03237107768654823,-0.5982576608657837,0.23849999904632568,0.055149998515844345,0.34653184859888836,2,2795,4.893171919051177,0.021764700339989562,19.111618041992188
0.04984999820590019,0.29144441149510697,0.07485000044107437,0.5042478442192078,-0.027708865702152252,-0.5019959807395935,0.22574999928474426,0.07440000027418137,0.28372804929199463,2,2458,4.900993892442913,0.3277936040709918,18.79895782470703
0.03999999910593033,0.3710001628410817,0.0632999986410141,0.6258148550987244,0.11830853670835495,-0.5951391458511353,0.24940000474452972,0.05739999935030937,0.35696579899555403,2,3113,4.883244029746283,0.31863289646167237,35.25349807739258
0.05510000139474869,0.24186597763699177,0.07784999907016754,0.42221498489379883,-0.028780441731214523,-0.4725610017776489,0.21735000610351562,0.08829999715089798,0.24027184589708,2,2861,4.880235578441769,0.035383611772896284,13.658693313598633
0.047850001603364944,0.357668387728996,0.06689999997615814,0.5859851837158203,-0.052610091865062714,-0.5733418464660645,0.2467000037431717,0.06440000236034393,0.3371347552910053,2,3287,4.878129662528611,0.1844566787967744,12.678194046020508
0.025200000032782555,0.3294384796896777,0.035349998623132706,0.6869712471961975,-0.008058242499828339,-0.6988285183906555,0.19939999282360077,0.03700000047683716,0.33079846650780864,2,2753,4.888960087224859,0.004822479899750931,4.630965232849121
0.03280000016093254,0.31265251268961103,0.046950001269578934,0.6258904933929443,0.02025669999420643,-0.6192985773086548,0.1996999979019165,0.04594999924302101,0.30929390313336913,2,3190,4.898887976529754,0.5764801449917772,26.974639892578125
0.03440000116825104,0.4068159664559218,0.05389999970793724,0.6871710419654846,-0.004992545582354069,-0.6526502370834351,0.25644999742507935,0.04755000025033951,0.38973880182598164,2,3377,4.8793330430504165,0.05804732697463544,17.36382293701172
0.03254999965429306,0.28842063177064814,0.04755000025033951,0.5974816679954529,-0.05032779648900032,-0.6001681685447693,0.19030000269412994,0.04794999957084656,0.289231295671958,2,2515,4.88264233948538,0.5911164905326671,22.121938705444336
0.04639999940991402,0.5246730511929316,0.07045000046491623,0.7052159905433655,-0.11253773421049118,-0.6587551236152649,0.34244999289512634,0.05920000001788139,0.4712194228973502,2,3077,4.898286286268852,0.07343425620327837,9.060436248779297
0.06975000351667404,0.22996218318992284,0.09839999675750732,0.358705997467041,0.016044817864894867,-0.43496987223625183,0.2498999983072281,0.11794999986886978,0.22806360324192332,2,2783,4.89377360931208,0.27318393973775457,11.182340621948242
0.035999998450279236,0.45112091697440543,0.06300000101327896,0.6905766725540161,0.319480836391449,-0.6533700227737427,0.3005000054836273,0.054999999701976776,0.4304500367508268,2,3039,4.866697547571459,0.05556596051740248,7.442166805267334
0.045099999755620956,0.46322397490577716,0.07249999791383743,0.6714791655540466,0.461791068315506,-0.6177168488502502,0.3068000078201294,0.06030000001192093,0.426421414338091,2,3028,4.885049100528992,0.500877736673817,42.84038543701172
0.05299999937415123,0.34402511577604106,0.07079999893903732,0.5493960976600647,-0.049906063824892044,-0.558809757232666,0.25014999508857727,0.07275000214576721,0.32336856277620746,2,2768,4.848947684874828,0.6537445956264007,20.284208297729492
0.04859999939799309,0.5661777690650559,0.0758500024676323,0.70963454246521,-0.13937683403491974,-0.6715028285980225,0.3859499990940094,0.06554999947547913,0.5050972150818106,2,3107,4.8979854411384,0.15672326844114715,11.187132835388184
0.03334999829530716,0.4292164421687461,0.05050000175833702,0.7263157963752747,-0.011421925388276577,-0.6685264110565186,0.2542000114917755,0.040299996733665466,0.40383891606722705,2,2990,4.90009135705156,0.04354437603177064,13.546211242675781
0.047600001096725464,0.3312919568625615,0.07039999961853027,0.5412899255752563,0.3781643807888031,-0.5682305693626404,0.2556999921798706,0.07609999924898148,0.3238759223038256,2,3025,4.882943184615832,0.6241450746344958,42.6328010559082
0.06030000001192093,0.38951406138779704,0.08799999952316284,0.5490946173667908,-0.03109148144721985,-0.5506765246391296,0.3037000000476837,0.08839999884366989,0.36201098778989227,2,2907,4.896180370355693,0.495133892238222,20.129772186279297
0.07744999974966049,0.29738230318178804,0.10575000196695328,0.41589418053627014,-0.018512727692723274,-0.4606655538082123,0.2863999903202057,0.1181500032544136,0.27900611618087295,2,2690,4.906108259660586,0.05640330328239773,9.465081214904785
0.03265000134706497,0.3176912282878857,0.0478999987244606,0.6405242085456848,0.01577693596482277,-0.6090593934059143,0.19714999198913574,0.04320000112056732,0.31191326865945523,2,3434,4.794795561393582,0.05037404965602954,27.51864242553711
0.11729999631643295,0.24535465845175655,0.147599995136261,0.296965628862381,-0.00275940983556211,-0.3264119029045105,0.29065001010894775,0.15755000710487366,0.21055684547734993,2,2545,4.890464312877116,0.4924769634836673,2.0735464096069336
0.05355000123381615,0.31054490254180733,0.06239999830722809,0.5486708879470825,-0.15741309523582458,-0.5287898778915405,0.2024500072002411,0.05900000035762787,0.2825858666073582,2,2882,4.883845720007186,0.428654120329768,5.397073268890381
0.02710000053048134,0.5857875883975538,0.047600001096725464,0.8366349935531616,-0.00038793979911133647,-0.7533679008483887,0.3384000062942505,0.03009999915957451,0.5324697844536752,2,3251,4.890163467746665,0.6215831725781925,12.962631225585938
0.04405000060796738,0.4576597477786893,0.07064999639987946,0.6662622690200806,-0.05068215727806091,-0.6278641223907471,0.3090499937534332,0.061900001019239426,0.42565588303155555,2,3325,4.880235578441771,0.3732524818569788,14.197006225585938
0.04910000041127205,0.44921874299712516,0.06889999657869339,0.6687650084495544,0.0,-0.6031677722930908,0.27834999561309814,0.05525000020861626,0.4014515292515619,2,3454,4.858035016639949,0.0789489110157684,40.09469985961914
0.04309999942779541,0.5944721980928646,0.08205000311136246,0.7511353492736816,-0.0003667118726298213,-0.6490965485572815,0.3856000006198883,0.05480000004172325,0.5276478099937789,2,2585,4.888057551833505,0.5316541692187248,3.704791784286499
0.02930000051856041,0.6901691014031768,0.05025000125169754,0.8743616938591003,0.001961624249815941,-0.7740811705589294,0.3946000039577484,0.02645000070333481,0.5995602867238695,2,3280,4.894676144703435,0.3281043796659404,23.54917335510254
0.04470000043511391,0.5668782809929664,0.07500000298023224,0.729911744594574,-0.07120125740766525,-0.6647670269012451,0.37244999408721924,0.058150000870227814,0.5066086313991919,2,2690,4.894976989833887,0.2116508863215225,16.287059783935547
0.04244999960064888,0.33981532050432034,0.062449999153614044,0.5907309651374817,0.00933560449630022,-0.5778265595436096,0.23339998722076416,0.06004999950528145,0.32771439400502866,2,3441,4.86037979983198,0.13545717169990623,15.99172306060791
0.057750001549720764,0.3586075009646195,0.09155000001192093,0.5290511846542358,-0.00977987702935934,-0.5161204934120178,0.2868500053882599,0.08834999799728394,0.34020796381932694,2,2819,4.901294737573364,0.3609038765718875,18.974416732788086
0.03994999825954437,0.5422172469512305,0.06795000284910202,0.7378725409507751,-0.007276898715645075,-0.6735919117927551,0.3483999967575073,0.052549999207258224,0.49256340342192406,2,3208,4.865783249130297,0.34983211757335486,23.57491111755371
0.04349999874830246,0.3075513501736703,0.049400001764297485,0.6169729828834534,0.0,-0.5658096671104431,0.1781499981880188,0.0421999990940094,0.283091551899006,2,4045,4.90009135705156,0.4988623922818206,33.45692825317383
0.043949998915195465,0.31263981434419136,0.0608999989926815,0.5533746480941772,-0.07387843728065491,-0.5747948884963989,0.22554999589920044,0.06485000252723694,0.30497215402054406,2,2761,4.900993892442914,0.19864021684847333,15.478693008422852
0.03644999861717224,0.29002226530808994,0.05034999921917915,0.5744088888168335,0.01944100297987461,-0.5946870446205139,0.1981000006198883,0.05355000123381615,0.2884653742358527,2,3493,4.851053600787987,0.3159126995571432,12.894843101501465
0.052549999207258224,0.5626495619084795,0.08529999852180481,0.703356921672821,-0.005651054438203573,-0.6277140974998474,0.3729499876499176,0.06494999676942825,0.49258982193795253,2,2970,4.900693047312462,0.23871581603220127,11.0696439743042
0.04569999873638153,0.16759486534267076,0.058150000870227814,0.3776633143424988,0.0,-0.43337392807006836,0.14710000157356262,0.06644999980926514,0.1695396291948737,2,4104,4.8507527556575365,0.12897083063819292,36.66966247558594
0.0694499984383583,0.5339201469749709,0.11140000075101852,0.6264997124671936,-0.05879377946257591,-0.5554225444793701,0.38975000381469727,0.08950000256299973,0.45991830374707865,2,2690,4.89587952522524,0.6700711450444587,2.9308021068573
0.05000000074505806,0.3569791354472184,0.0731000006198883,0.5682578086853027,0.011556788347661495,-0.5583081245422363,0.2578999996185303,0.07100000232458115,0.33821932112887665,2,3247,4.893171919051178,0.30877671872355805,10.700904846191406
0.05274999886751175,0.3138152753684386,0.07989999651908875,0.5075723528862,-0.004608303774148226,-0.5175849199295044,0.2513499855995178,0.08209999650716782,0.3046073418788889,2,2861,4.891968538529373,0.4396181916480446,12.033918380737305
0.02969999983906746,0.5503657214431991,0.05400000140070915,0.8015730381011963,-0.0009976231958717108,-0.7160883545875549,0.3264000117778778,0.03595000132918358,0.5052183093304504,2,2809,4.898887976529755,0.5967729069818452,23.608686447143555
0.03400000184774399,0.3662760316231435,0.05000000074505806,0.6692420840263367,0.0016014621360227466,-0.6387935876846313,0.2268500030040741,0.04495000094175339,0.3535242312756355,2,3513,4.736856406919628,0.26555885188747863,10.468917846679688
0.05855000019073486,0.4616361726227896,0.089649997651577,0.609542965888977,-0.08257944881916046,-0.5833624005317688,0.3407000005245209,0.08264999836683273,0.419207238534992,2,2829,4.892570228790276,0.23667695229699737,2.075096368789673
0.029999999329447746,0.49095380282903395,0.04969999939203262,0.7718897461891174,-0.012707144021987915,-0.7081620693206787,0.29089999198913574,0.037450000643730164,0.4589545366080618,2,2849,4.898286286268851,0.32451513955890976,10.270712852478027
0.05979999899864197,0.463715301251737,0.09440000355243683,0.6016287803649902,-0.07479435205459595,-0.5789473652839661,0.3540000021457672,0.0880500003695488,0.42346478594467374,2,2891,4.908214175573746,0.07927474125613154,15.789233207702637
0.04984999820590019,0.5922680854606793,0.08295000344514847,0.7233579754829407,0.004993274807929993,-0.6537618637084961,0.3962000012397766,0.06360000371932983,0.5197957842289513,2,3217,4.890765158007567,0.040949566633941004,25.199947357177734
0.04554999992251396,0.39696591891206284,0.06584999710321426,0.6133026480674744,-0.0310535691678524,-0.6193641424179077,0.28014999628067017,0.06714999675750732,0.3770801391595766,2,2900,4.888057551833505,0.4089299005858701,7.825883388519287
0.03375000134110451,0.37642900468800206,0.05195000022649765,0.6700052618980408,0.028678379952907562,-0.6411673426628113,0.23759999871253967,0.046950001269578934,0.3645083119889861,2,3371,4.8793330430504165,0.32845816794354554,22.041616439819336
0.07940000295639038,0.3928676478765867,0.11540000140666962,0.5022347569465637,-0.07671260833740234,-0.4690591096878052,0.31929999589920044,0.10580000281333923,0.3461787807528735,2,3005,4.897985441138401,0.1944159202807253,11.007431030273438
0.04854999855160713,0.4122425922049702,0.07774999737739563,0.6102063059806824,0.05009207874536514,-0.5846133828163147,0.29660001397132874,0.07180000096559525,0.38830033821808796,2,2899,4.893472764181629,0.03177360990312583,18.798765182495117
0.08164999634027481,0.4336856508167722,0.1152999997138977,0.5237891674041748,-0.014870651997625828,-0.5110262632369995,0.3562999963760376,0.11134999990463257,0.37970856830400346,2,2621,4.895277834964338,0.6508258057230885,13.925230979919434
0.02694999985396862,0.48640785420023863,0.04334999993443489,0.8048132658004761,-0.007051683496683836,-0.7249365448951721,0.27184998989105225,0.029399998486042023,0.45388454587578486,2,2794,4.879633888180867,0.12450851121583018,16.27094268798828
0.024550000205636024,0.3628386607620955,0.0393499992787838,0.7626205682754517,-0.012780481018126011,-0.6661717891693115,0.1964000016450882,0.02645000070333481,0.3526665291338727,2,3335,4.84924853000528,0.5354765640937803,20.702350616455078
0.0608999989926815,0.3279880504211553,0.0758500024676323,0.5200519561767578,-0.06052509695291519,-0.5104872584342957,0.23405000567436218,0.0738999992609024,0.29732657732880047,2,2769,4.889862622616214,0.492222220905821,12.910004615783691
0.035599999129772186,0.5978831708540545,0.054749999195337296,0.814687192440033,-0.005805290769785643,-0.7241813540458679,0.3422499895095825,0.034949999302625656,0.5254787861256072,2,3313,4.89587952522524,0.3165245931503591,18.060766220092773
0.06340000033378601,0.2720207268781188,0.08900000154972076,0.42956623435020447,-0.037140797823667526,-0.46921128034591675,0.2463500052690506,0.09830000251531601,0.2629195549445802,2,2802,4.89377360931208,0.19266623852877096,8.349576950073242
0.027249999344348907,0.4588784240809127,0.04235000163316727,0.769698977470398,-0.021566307172179222,-0.7279151678085327,0.2689499855041504,0.03500000014901161,0.4365010066485695,2,2886,4.896770297566786,0.3106502027068436,6.472825527191162
0.2605000138282776,0.00996782288191405,0.272599995136261,0.00724448449909687,-0.0047701639123260975,-0.028337223455309868,0.28850001096725464,0.2843500077724457,0.005802306644433008,2,2553,4.885349945659444,0.5518175742707573,9.202661514282227
0.041749998927116394,0.31933091584616036,0.05779999867081642,0.578454315662384,-0.06212073192000389,-0.5824453830718994,0.21905000507831573,0.05849999934434891,0.30972285670522787,2,2636,4.89587952522524,0.5371527729020554,29.881141662597656
0.030400000512599945,0.5473902350950937,0.052549999207258224,0.7937158346176147,0.003494614502415061,-0.7240021228790283,0.328249990940094,0.0377499982714653,0.5031755132002566,2,2994,4.873077273162516,0.07384834547526142,13.277050971984863
0.042399998754262924,0.29115892505598756,0.05730000138282776,0.5558158159255981,0.01545894704759121,-0.5533905029296875,0.19930000603199005,0.05689999833703041,0.2824649699925208,2,2795,4.903400653486524,0.06701312956850647,10.259018898010254
0.05689999833703041,0.5232765355992365,0.08515000343322754,0.6572644114494324,-0.055673617869615555,-0.6259608864784241,0.37014999985694885,0.07654999941587448,0.4651948885601462,2,3176,4.900693047312463,0.49277813689429584,12.719078063964844
0.05559999868273735,0.6477405792392092,0.090549997985363,0.734971284866333,-0.03144283965229988,-0.6525992751121521,0.4307500123977661,0.0658000037074089,0.5493201587362787,2,2714,4.892570228790276,0.4778378085360818,5.92252254486084
0.04230000078678131,0.47754180065576535,0.06350000202655792,0.6933151483535767,0.5519700646400452,-0.6602461338043213,0.31029999256134033,0.05620000138878822,0.4398730403000618,2,2949,4.893472764181629,0.46945175162395136,35.100830078125
0.047449998557567596,0.678316216664696,0.08124999701976776,0.7774616479873657,-0.05261382833123207,-0.6866261959075928,0.4372999966144562,0.054749999195337296,0.5784234650999366,2,3246,4.888057551833505,0.2235219331875805,13.884490966796875
0.02160000056028366,0.0589065770023148,0.02174999937415123,0.3394109308719635,0.0,-0.3741007447242737,0.04774999991059303,0.02355000004172325,0.06353929600268592,2,3806,4.678971863728161,0.3127549138939696,1.8543341159820557
0.0880500003695488,0.250625702813784,0.12160000205039978,0.3453032076358795,0.008558539673686028,-0.3986895680427551,0.2828499972820282,0.1376499980688095,0.2366105376641704,2,2751,4.893171919051178,0.32949227947743376,9.471175193786621
0.10634999722242355,0.1411300136151231,0.15334999561309814,0.1956034153699875,0.009766603820025921,-0.2695010304450989,0.26649999618530273,0.179299995303154,0.1382956253968411,2,2846,4.903400653486525,0.4139983460971519,9.770492553710938
0.3429499864578247,0.09447527869967602,0.3390499949455261,0.0444210059940815,0.0,-0.044862329959869385,0.3709000051021576,0.33934998512268066,0.039103516092921786,2,3908,4.890765158007567,0.2763651563188011,21.715627670288086
0.04024999961256981,0.31567600259768186,0.056049998849630356,0.5953533053398132,0.0011504340218380094,-0.5722190737724304,0.20600000023841858,0.05225000157952309,0.30415429928837256,2,3443,4.866396702441007,0.34127501575177055,20.781877517700195
0.05339999869465828,0.6559781911646096,0.08969999849796295,0.7393503189086914,-0.044115807861089706,-0.6657973527908325,0.4471000134944916,0.06700000166893005,0.5622226695721555,2,3187,4.453201965116686,0.3815836654277005,13.677448272705078
0.046149998903274536,0.41789212835103,0.06870000064373016,0.644004225730896,-0.05263185873627663,-0.5988906621932983,0.2738499939441681,0.05929999798536301,0.3862749769616849,2,3105,4.901294737573364,0.17437188165873285,27.895811080932617
0.05505000054836273,0.31846075315561656,0.06755000352859497,0.5371930003166199,0.06704375892877579,-0.5286113023757935,0.21905000507831573,0.06594999879598618,0.2925477812612432,2,3495,4.885049100528991,0.5576430884625453,34.57802963256836
0.02969999983906746,0.4210684292074953,0.046950001269578934,0.7377738952636719,-0.007918758317828178,-0.6814789772033691,0.24785000085830688,0.03739999979734421,0.4020057323500395,2,3479,4.865795012180104,0.22344227063034716,10.992984771728516
0.03519999980926514,0.5343199208087548,0.06019999831914902,0.7579113841056824,-0.04799129068851471,-0.6940279603004456,0.33329999446868896,0.045899998396635056,0.4903321173867626,2,3235,4.873015295310937,0.4170721218483021,28.311838150024414
0.032349999994039536,0.2613320454965616,0.04820000007748604,0.5580700039863586,-0.0011348294792696834,-0.5820507407188416,0.18244999647140503,0.051750000566244125,0.26702532640801424,2,2636,4.895578680094789,0.12455577338653478,9.38480281829834
0.023099999874830246,0.36117589427494157,0.03725000098347664,0.7385483980178833,-0.02155258134007454,-0.695980429649353,0.2078000009059906,0.03125,0.35833164337235746,2,2858,4.885951635920345,0.30790343296938616,2.930795907974243
0.03739999979734421,0.3393525459163831,0.053050000220537186,0.6199308633804321,-0.004652597010135651,-0.6152311563491821,0.22269999980926514,0.05225000157952309,0.3299245072410063,2,3519,4.827876762693425,0.05064627061324978,22.90359115600586
0.05979999899864197,0.463224672535514,0.09130000323057175,0.6223704814910889,-0.07890746742486954,-0.5519018769264221,0.31620001792907715,0.07359999418258667,0.4089683419492568,2,3069,4.893171919051178,0.2675520768946491,18.79925537109375
0.1618500053882599,0.0857750083739952,0.22939999401569366,0.1001162976026535,0.00553472526371479,-0.21445082128047943,0.35464999079704285,0.29010000824928284,0.08458176361852236,2,2853,4.888057551833505,0.5236451595469606,17.1959171295166
0.059050001204013824,0.5148994765813388,0.09584999829530716,0.6400086879730225,-0.05817234516143799,-0.5957401990890503,0.37834998965263367,0.08304999768733978,0.4607343392769397,2,2595,4.898286286268851,0.1877577973068928,9.199321746826172
0.0406000018119812,0.5928861150782119,0.07095000147819519,0.7650800943374634,0.016482453793287277,-0.6814814805984497,0.3745500147342682,0.04985000193119049,0.5268823133101267,2,3217,4.891066003138018,0.06539131572489476,21.825836181640625
0.02290000021457672,0.3597631622592605,0.03530000150203705,0.776029646396637,-0.009045002050697803,-0.6892605423927307,0.19189999997615814,0.02419999986886978,0.35127775480431617,2,3492,4.871811914789132,0.546614493201144,17.702327728271484
0.035349998623132706,0.41178295633997775,0.05204999819397926,0.6844308376312256,0.00403837114572525,-0.6680485010147095,0.26155000925064087,0.04899999871850014,0.39334404128504963,2,3263,4.877527972267708,0.5013249929915921,5.630046367645264
0.07540000230073929,0.19860191368146307,0.10694999992847443,0.3134370744228363,-0.0030831850599497557,-0.36921262741088867,0.23215000331401825,0.12134999781847,0.19472760166701308,2,2554,4.885951635920346,0.6400085077318552,11.03024959564209
0.035100001841783524,0.3957167682649453,0.052400000393390656,0.6903089880943298,-0.022985020652413368,-0.6424428820610046,0.24070000648498535,0.04410000145435333,0.37576453180762764,2,2935,4.890163467746664,0.11520373464794154,26.5059757232666
0.020600000396370888,0.3762059166842864,0.02850000001490116,0.7934251427650452,-0.0027253504376858473,-0.752550482749939,0.20184999704360962,0.023250000551342964,0.36946627448211816,2,2890,4.885049100528992,0.45985457394737483,10.465231895446777
0.0929500013589859,0.21208886561428714,0.12255000323057175,0.2990058362483978,0.02204105630517006,-0.3504703640937805,0.2547999918460846,0.13750000298023224,0.19718702714217387,2,2626,4.890464312877117,0.39330107345812226,3.9313387870788574
0.037050001323223114,0.30716689065391783,0.05144999921321869,0.5875071287155151,0.01757444441318512,-0.6040022969245911,0.20839999616146088,0.05415000021457672,0.30342271984777225,2,3553,4.850151065396632,0.46656641821748124,7.87583065032959
0.05065000057220459,0.42752778886362863,0.07325000315904617,0.6170949339866638,-0.04205699265003204,-0.6113027334213257,0.30364999175071716,0.07190000265836716,0.39703613255476056,2,2888,4.898587131399302,0.5040143184035274,9.471704483032227
0.05505000054836273,0.4113168547341022,0.0783500000834465,0.5937584638595581,-0.00010284625750500709,-0.5787634253501892,0.2936500012874603,0.07485000044107437,0.3778929195352653,2,2956,4.885650790789894,0.32932473623502234,42.43320083618164
0.06539999693632126,0.2899752233068759,0.08110000193119049,0.45984476804733276,0.0009518649894744158,-0.47929373383522034,0.2303999960422516,0.08524999767541885,0.2669343458925012,2,3323,4.890163467746664,0.09558360189258996,26.911746978759766
0.030400000512599945,0.5101958191203222,0.043299999088048935,0.8077663779258728,0.005823399871587753,-0.7334975004196167,0.28165000677108765,0.02995000034570694,0.46519222070896205,2,2887,4.870307689136875,0.182511339743895,25.047985076904297
0.04610000178217888,0.5033752366909288,0.06669999659061432,0.6959170699119568,0.048743586987257004,-0.6612493991851807,0.32710000872612,0.058649998158216476,0.4546147476400049,2,3116,4.890464312877117,0.03909922865965498,15.42225456237793
0.06350000202655792,0.37291575240115094,0.09364999830722809,0.5239176750183105,0.0021995618008077145,-0.5264222621917725,0.30184999108314514,0.09430000185966492,0.3474027632504688,2,2618,4.879333043050416,0.6815927147891345,4.633275508880615
0.057500001043081284,0.33775006654689355,0.08335000276565552,0.5164585709571838,-0.007404766511172056,-0.524461567401886,0.2671999931335449,0.0851999968290329,0.3202721699571504,2,2824,4.905506569399684,0.5226364548765737,5.920571804046631
0.06689999997615814,0.20906470887546397,0.08720000088214874,0.34810030460357666,0.026725105941295624,-0.4306235611438751,0.2190999984741211,0.1059499979019165,0.20571480710721726,2,2435,4.885349945659443,0.2822502418513536,23.623136520385742
0.03909999877214432,0.35867385246006334,0.06109999865293503,0.6255143880844116,-0.039193492382764816,-0.5900704860687256,0.2370000034570694,0.05460000038146973,0.34562910976084976,2,2916,4.852557826440243,0.2601553060744427,30.702957153320312
0.04050000011920929,0.529360921119174,0.06750000268220901,0.7365394830703735,-0.025263385847210884,-0.6622466444969177,0.33219999074935913,0.05040000006556511,0.4789258898987782,2,3323,4.861884025484236,0.06655212776167396,20.00533103942871
0.027650000527501106,0.38533085139143747,0.04470000043511391,0.7317546606063843,-0.005248395260423422,-0.6661064624786377,0.22304999828338623,0.03454999998211861,0.37321805451326073,2,3448,4.832702047830454,0.02084327229308447,16.339941024780273
0.038100000470876694,0.4598321448530943,0.04904999956488609,0.733311653137207,-0.015308796428143978,-0.6894094944000244,0.2667999863624573,0.04104999825358391,0.41916814830943316,2,3051,4.888659242094408,0.30561009570017816,32.028587341308594
0.05525000020861626,0.4186786566607207,0.08184999972581863,0.5949001312255859,0.0065887500531971455,-0.5750259757041931,0.3033500015735626,0.07705000042915344,0.3855633813544296,2,3127,4.888358396963956,0.2592352367399925,18.95176887512207
0.04205000028014183,0.39383129156325164,0.06224999949336052,0.6389369368553162,-0.01614990644156933,-0.6143122315406799,0.26054999232292175,0.05739999935030937,0.37254721261817114,2,2810,4.890464312877116,0.44112755308843576,15.487793922424316
0.04569999873638153,0.4803795233943632,0.0714000016450882,0.6845229864120483,-0.04093824699521065,-0.6276401281356812,0.31209999322891235,0.05844999849796295,0.43705128448935027,2,3220,4.901294737573365,0.20498596367783606,24.146770477294922
0.06319999694824219,0.34909511410851923,0.09560000151395798,0.49937042593955994,-0.030302084982395172,-0.5138570666313171,0.2976999878883362,0.09939999878406525,0.3315683737324898,2,2887,4.898286286268851,0.3726159829090022,10.137450218200684
0.029349999502301216,0.38938128969695407,0.04010000079870224,0.7505120635032654,0.010769017972052097,-0.6839408874511719,0.21365000307559967,0.03044999949634075,0.3693052068526507,2,3419,4.885951635920346,0.6909278885694102,15.386483192443848
0.03519999980926514,0.23230181681287987,0.049300000071525574,0.5346341133117676,-0.015995584428310394,-0.5227492451667786,0.15729999542236328,0.04769999906420708,0.23319148343676474,2,2583,4.90009135705156,0.11388672122718602,2.0735559463500977
0.03359999880194664,0.48082641688023464,0.058400001376867294,0.7277840375900269,0.3959307372570038,-0.6805251836776733,0.30720001459121704,0.04839999973773956,0.4537167084840219,2,3031,4.885951635920346,0.2976863572761199,19.570270538330078
0.03500000014901161,0.4109711779194209,0.05525000020861626,0.6975215077400208,-0.007763058412820101,-0.6400065422058105,0.2517000138759613,0.044849999248981476,0.3895235915234384,2,3394,4.878129662528609,0.5661362506419786,21.581453323364258
0.05844999849796295,0.5082715140479412,0.08115000277757645,0.6603162884712219,-0.03674871474504471,-0.6084439158439636,0.3333500027656555,0.0681999996304512,0.4411569004999695,2,2995,4.896180370355691,0.2571495823810649,3.343151092529297
0.02449999935925007,0.38835442286085475,0.03709999844431877,0.7463585138320923,-0.011593399569392204,-0.7166857719421387,0.2248000055551529,0.03265000134706497,0.38052017121354376,2,2841,4.849850220266182,0.04008314571408178,9.940183639526367
0.03435000032186508,0.3812445172447571,0.052949998527765274,0.6878102421760559,-0.027175741270184517,-0.6250663995742798,0.22949999570846558,0.04244999960064888,0.36346265414429274,2,2697,4.828791061134587,0.4747060599356977,18.69696617126465
0.04520000144839287,0.5348919256758393,0.07100000232458115,0.7173452973365784,-0.008954405784606934,-0.6584896445274353,0.3447999954223633,0.05674999952316284,0.4792579405148881,2,2629,4.877828817398159,0.2741114899914764,8.339527130126953
0.05355000123381615,0.5694849358323395,0.08995000272989273,0.7019091248512268,0.00324787525460124,-0.6180872321128845,0.38109999895095825,0.06675000488758087,0.4974679423806677,2,3231,4.887756706703053,0.423734715952805,11.585721969604492
0.09574999660253525,0.17726001200313818,0.11860000342130661,0.2611144185066223,-0.022354770451784134,-0.28414061665534973,0.21275000274181366,0.1246500015258789,0.1578098891215883,2,2516,4.906108259660587,0.22319425351500188,8.2466459274292
0.03290000185370445,0.3373414149798557,0.04859999939799309,0.6447343230247498,0.003927485551685095,-0.6303479671478271,0.21435000002384186,0.046300001442432404,0.3313941988906848,2,3507,4.752488590653291,0.16618602502287827,7.035246849060059
0.03265000134706497,0.4759842019697252,0.05400000140070915,0.7562578320503235,-0.015641042962670326,-0.677274763584137,0.2806500196456909,0.03894999995827675,0.44234995224415213,2,2739,4.900693047312462,0.06243800823542045,21.66975212097168
0.03180000185966492,0.27603758860538885,0.0494999997317791,0.5685483813285828,0.12154211848974228,-0.5942623019218445,0.19449999928474426,0.05350000038743019,0.28275400860784106,2,3881,4.799886402511641,0.32657658052737604,11.141185760498047
0.03334999829530716,0.3567548622960237,0.056049998849630356,0.6731773018836975,0.025251775979995728,-0.5883972644805908,0.21629999577999115,0.042249999940395355,0.3441763828783015,2,3438,4.880235578441769,0.3932736513849977,12.418529510498047
0.057750001549720764,0.36525009009624654,0.07289999723434448,0.5734426379203796,0.027988087385892868,-0.5339619517326355,0.2399500012397766,0.06504999846220016,0.3259006264142741,2,3459,4.862485715745139,0.4992542255501705,27.133150100708008
0.03265000134706497,0.4742618161700589,0.05335000157356262,0.7656984925270081,-0.07785169035196304,-0.6720958948135376,0.27204999327659607,0.03610000014305115,0.43794467930724235,2,3022,4.894976989833886,0.25830901291801645,27.78415298461914
0.04895000159740448,0.40184791751358,0.07124999910593033,0.6124526858329773,-0.006649380549788475,-0.5909286737442017,0.27709999680519104,0.066600002348423,0.37424439018834565,2,3310,4.906108259660587,0.15805778983340246,14.88083267211914
0.16654999554157257,0.5724314718262905,0.18324999511241913,0.43591830134391785,0.0,-0.3168049454689026,0.3532000184059143,0.13875000178813934,0.3242855167881681,2,3351,4.88023557844177,0.3805218628604219,25.289775848388672
0.04594999924302101,0.7213156901491781,0.06915000081062317,0.8150072693824768,-0.024943359196186066,-0.7265447378158569,0.436599999666214,0.04450000077486038,0.5994801733489095,2,3062,4.895578680094789,0.5660087107806856,9.901022911071777
0.04390000179409981,0.4679762553239344,0.07249999791383743,0.6713590621948242,-0.052108414471149445,-0.6283004283905029,0.3176000118255615,0.062449999153614044,0.43489007923775547,2,3077,4.879633888180868,0.05637656615650877,32.01457214355469
0.029650000855326653,0.3955577182478962,0.04569999873638153,0.7253586649894714,-0.01971174217760563,-0.6702741980552673,0.23149999976158142,0.03685000166296959,0.3800025985639157,2,3409,4.881438958963576,0.32292729426787337,12.707917213439941
0.1476999968290329,0.08081495827131754,0.16699999570846558,0.0971294492483139,-0.009469537064433098,-0.16728995740413666,0.23409999907016754,0.19265000522136688,0.06708928026467227,2,2471,4.8892609323553105,0.47210040667673037,1.8567121028900146
0.07850000262260437,0.48345009440165143,0.11180000007152557,0.563538134098053,-0.13322298228740692,-0.5549805760383606,0.3906500041484833,0.10904999822378159,0.42252676591448146,2,2805,4.619953992114463,0.5232853657922978,22.820911407470703
0.030500000342726707,0.42628722834521426,0.044349998235702515,0.7282042503356934,-0.027257079258561134,-0.7058531045913696,0.2572000026702881,0.040449999272823334,0.4076035909285751,2,2988,4.905506569399684,0.29394862272836564,16.00693130493164
0.03610000014305115,0.41182454242861755,0.05550000071525574,0.6854444742202759,0.04630162566900253,-0.6468342542648315,0.2587999999523163,0.04830000177025795,0.3912154585543177,2,3041,4.867900928093263,0.3141346549371141,30.050931930541992
0.04089999943971634,0.5124259920349081,0.06255000084638596,0.7378014326095581,-0.020084770396351814,-0.6640709042549133,0.3098500072956085,0.04675000160932541,0.4607167924664628,2,3069,4.900993892442914,0.6587090096744163,31.81760597229004
0.04645000025629997,0.49213762081710805,0.07490000128746033,0.671630859375,-0.005126930773258209,-0.6409826278686523,0.3423500061035156,0.06724999845027924,0.4536609602176513,2,2903,4.87812966252861,0.6136167127691958,7.8757195472717285
0.03660000115633011,0.5692209522231267,0.06129999831318855,0.7554092407226562,-0.04267919808626175,-0.7178366184234619,0.373199999332428,0.052000001072883606,0.5207522667296256,2,3229,4.884447410268089,0.18881739340816384,9.464747428894043
0.04774999991059303,0.5883291028588109,0.07599999755620956,0.7443323135375977,-0.00037786451866850257,-0.6571944355964661,0.36739999055862427,0.053849998861551285,0.5105291646642263,2,3188,4.887455861572603,0.51953734095461,14.658151626586914
0.03485000133514404,0.4221145721706142,0.04969999939203262,0.7245023846626282,-0.06207004562020302,-0.662421464920044,0.2447499930858612,0.03909999877214432,0.3935382977288537,2,3098,4.898587131399303,0.22780280014692256,7.82619047164917
0.05115000158548355,0.2534370849726747,0.06334999948740005,0.47906431555747986,0.08519288897514343,-0.4961225092411041,0.18810001015663147,0.06624999642372131,0.242294715987248,2,3651,4.8044226055680275,0.3645151887631235,49.62744140625
0.056449998170137405,0.542540890589043,0.08534999936819077,0.6791345477104187,-0.07899840921163559,-0.6207509636878967,0.3647500276565552,0.06970000267028809,0.4736208712247576,2,2908,4.901294737573365,0.6287429638028673,38.34404754638672
0.028599999845027924,0.47656595122071205,0.04439999908208847,0.7930686473846436,0.012116259895265102,-0.7143316864967346,0.2664499878883362,0.030750000849366188,0.44348969587702947,2,3081,4.86699839270191,0.15815901243878938,10.261079788208008
0.05990000069141388,0.5012092840040997,0.08219999819993973,0.6429594159126282,-0.0033491398207843304,-0.6144465208053589,0.3441999852657318,0.07479999959468842,0.4397170676427603,2,2764,4.903099808356073,0.4434954265068478,6.203304290771484
0.11020000278949738,0.14381578622647534,0.14534999430179596,0.1946280300617218,0.001734615070745349,-0.3168840706348419,0.2802000045776367,0.18889999389648438,0.14131670233965604,2,2493,4.89587952522524,0.011157375587797502,1.3122634887695312
0.05065000057220459,0.16626473879187442,0.06825000047683716,0.3423496186733246,-0.0026891580782830715,-0.41791045665740967,0.16625000536441803,0.08145000040531158,0.17012171520275962,2,2865,4.898286286268852,0.1155330472019428,15.091179847717285
0.07225000113248825,0.26759829082436093,0.1014999970793724,0.3995697796344757,-0.00550036272034049,-0.43883898854255676,0.2602500021457672,0.1116499975323677,0.2556485915843372,2,2614,4.891066003138018,0.4889114065141349,17.45528793334961
0.06300000101327896,0.3575501624168958,0.08985000103712082,0.5099758505821228,-0.04062623530626297,-0.535538911819458,0.29704999923706055,0.09640000015497208,0.33686831812405577,2,2809,4.905807414530135,0.40642115781216626,26.571630477905273
0.041600000113248825,0.3027273405316035,0.05874999985098839,0.5632440447807312,-0.025849655270576477,-0.5629532933235168,0.210099995136261,0.05869999900460243,0.29539541613976317,2,2654,4.859778109571077,0.3326079285467701,26.253833770751953
0.040150001645088196,0.6843067375754537,0.05480000004172325,0.8357226848602295,0.003440209198743105,-0.7539014220237732,0.39054998755455017,0.034949999302625656,0.5763371042167305,2,2882,4.898286286268851,0.472878489036494,12.894814491271973
0.06174999848008156,0.313539457590566,0.08370000123977661,0.47546857595443726,0.0009674833854660392,-0.5235520005226135,0.2676500082015991,0.09515000134706497,0.29989569705400787,2,3006,4.894976989833887,0.4080014330903887,24.030858993530273
0.0523499995470047,0.3716935658926223,0.07145000249147415,0.5695507526397705,0.049044281244277954,-0.5835033059120178,0.2716499865055084,0.07450000196695328,0.34949474778307255,2,2681,4.896481215486142,0.10881989088603916,34.66971969604492
0.187950000166893,0.046016310503428075,0.3285999894142151,0.05339169129729271,-0.008213045075535774,-0.1699400097131729,0.4631499946117401,0.41620001196861267,0.05105663800247977,2,2853,4.887455861572603,0.04187557583362189,3.3431994915008545
0.021800000220537186,0.3144913146307849,0.03215000033378601,0.7471678853034973,0.002528489800170064,-0.6813676953315735,0.16965000331401825,0.024550000205636024,0.31352636640603415,2,3397,4.88053642357222,0.16617590152350215,11.649353981018066
0.05920000001788139,0.5161890197026224,0.08614999800920486,0.6417357325553894,-0.022730940952897072,-0.6275399923324585,0.3764500021934509,0.08214999735355377,0.460515342654347,2,3340,4.906108259660586,0.10045359463777892,20.300703048706055
0.034699998795986176,0.5333099120167653,0.05530000105500221,0.7810803055763245,-0.00876685045659542,-0.6985554695129395,0.311599999666214,0.03830000013113022,0.4823508641021025,2,3198,4.8979854411384,0.4801124909202745,19.262903213500977
0.03610000014305115,0.44707157798375696,0.06154999881982803,0.7022294998168945,-0.0006930296076461673,-0.6441681981086731,0.28439998626708984,0.04975000023841858,0.4219564643494514,2,2915,4.893171919051178,0.10399077044951921,24.508243560791016
0.02410000003874302,0.331440605854472,0.0348999984562397,0.7405093312263489,0.006696409545838833,-0.6768518686294556,0.181099995970726,0.027000000700354576,0.3264369354501333,2,3213,4.870006844006423,0.5791836060961834,13.06519603729248
0.07029999792575836,0.3423894193056942,0.10010000318288803,0.4731648862361908,-0.03813818097114563,-0.5070786476135254,0.30605000257492065,0.10944999754428864,0.32211906882310043,2,2802,4.880837268702672,0.31981120809008845,7.875729560852051
0.03920000046491623,0.3161822477706061,0.05844999849796295,0.5812274217605591,-0.016383610665798187,-0.5786628127098083,0.21899999678134918,0.057999998331069946,0.31081080977417225,2,2657,4.867600082962813,0.650369015236625,21.498451232910156
0.17409999668598175,0.448456831088509,0.18709999322891235,0.3651852607727051,0.0,-0.3385186791419983,0.37860000133514404,0.17604999244213104,0.2880813683517476,2,3455,4.891066003138018,0.0865998989641289,23.554370880126953
0.17319999635219574,0.0439853315896578,0.21979999542236328,0.05013609677553177,0.006170386914163828,-0.15265998244285583,0.29899999499320984,0.27044999599456787,0.0400439467566019,2,2617,4.898286286268851,0.6464141733904748,3.8230385780334473
0.065700002014637,0.21622450637431398,0.07944999635219574,0.3773820400238037,0.006438066251575947,-0.41752201318740845,0.19335000216960907,0.08739999681711197,0.20355428528338512,2,3673,4.826985990351879,0.09689078150740138,35.52378845214844
0.044449999928474426,0.3595389357852418,0.06605000048875809,0.5754401683807373,-0.09371930360794067,-0.6077208518981934,0.27070000767707825,0.07294999808073044,0.351597241000524,2,2865,4.893171919051178,0.0036600541659970176,14.642083168029785
0.0357000008225441,0.7254819807562201,0.07150000333786011,0.8372703194618225,-0.013826842419803143,-0.7283950448036194,0.45500001311302185,0.040300000458955765,0.6249874515209317,2,2915,4.893171919051178,0.38363630285222106,9.250594139099121
0.03680000081658363,0.41565241773101774,0.05595000088214874,0.6796714663505554,0.0018794044153764844,-0.6522684693336487,0.2658500075340271,0.050700001418590546,0.3952299377071977,2,2952,4.900993892442914,0.5994836632826648,11.717226028442383
0.034449998289346695,0.3815277100180817,0.048900000751018524,0.6768822073936462,0.0017767179524526,-0.657503068447113,0.2366500049829483,0.04560000076889992,0.3663470811299454,2,2864,4.883244029746283,0.4151093503065473,6.199039936065674
0.11810000240802765,0.2196445354102632,0.14139999449253082,0.27113163471221924,0.0,-0.32117143273353577,0.2752000093460083,0.15780000388622284,0.188745986808304,2,3812,4.885349945659442,0.6694359032862799,35.8006706237793
0.02800000086426735,0.40053920089921446,0.03384999930858612,0.7576596140861511,-0.028685765340924263,-0.7357017397880554,0.2222999930381775,0.030649999156594276,0.38179825194554395,2,3073,4.884736492348732,0.6419125872339905,24.871227264404297
0.06655000150203705,0.6106117942102931,0.1034500002861023,0.6848189830780029,-0.031455691903829575,-0.6011950373649597,0.4153499901294708,0.07769999653100967,0.5100196336550109,2,2810,4.4426122165247985,0.3388718854413427,23.17665672302246
0.1172500029206276,0.32642215327893465,0.12014999985694885,0.37525877356529236,0.0,-0.3772191107273102,0.26569998264312744,0.12070000171661377,0.24537452078913755,2,3274,4.898587131399302,0.45919122690536185,28.80165672302246
0.01940000057220459,0.09014216253248378,0.021199999377131462,0.5058661103248596,0.0,-0.4402640461921692,0.05454999953508377,0.017899999395012856,0.09603458872015741,2,4030,4.776845283170044,0.07326487291615025,11.64912223815918
0.06610000133514404,0.40563371987333363,0.09290000051259995,0.5485473275184631,-0.007821639068424702,-0.5408945083618164,0.3118000030517578,0.0908999964594841,0.36706548140890305,2,2935,4.612103366805542,0.39132046873844684,15.199994087219238
0.029999999329447746,0.477687410163159,0.04919999837875366,0.7750603556632996,-0.012897779233753681,-0.6972307562828064,0.2757999897003174,0.034949999302625656,0.44560590872265327,2,3292,4.8663849393911995,0.2502358350669629,22.556367874145508
0.03999999910593033,0.3875379777630361,0.05584999918937683,0.6498427987098694,-0.07392159104347229,-0.6338905096054077,0.24924999475479126,0.05290000140666962,0.36716947133525757,2,3181,4.873316140441389,0.5783958041875391,24.85340118408203
0.11784999817609787,0.16751670514356942,0.1444000005722046,0.21560394763946533,-0.007451352663338184,-0.3113972544670105,0.2750000059604645,0.1774500012397766,0.1536301180900393,2,2639,4.90009135705156,0.4649014997399714,4.724325180053711
0.07559999823570251,0.38475205214382546,0.1181500032544136,0.4934346079826355,-0.027650389820337296,-0.4887494444847107,0.34404999017715454,0.11670000106096268,0.3549570510376059,2,2539,4.873917830702291,0.07747097851471263,6.199065685272217
0.047200001776218414,0.38370720552391074,0.07289999723434448,0.5922551155090332,0.03918251395225525,-0.5863829851150513,0.27959999442100525,0.07159999758005142,0.36654135126101295,2,3200,4.89587952522524,0.23877658518092681,15.464411735534668
0.054099999368190765,0.46042165733504065,0.07280000299215317,0.6314520835876465,-0.007037533447146416,-0.6308315992355347,0.3215999901294708,0.0726500004529953,0.41758455515496784,2,2944,4.890163467746664,0.1592184213004375,31.396608352661133
0.04365000128746033,0.528630265447637,0.07304999977350235,0.7204164266586304,-0.01958354189991951,-0.6452161073684692,0.3387500047683716,0.05505000054836273,0.47611322868499184,2,3097,4.890163467746665,0.1547159254331898,13.78160572052002
0.06069999933242798,0.22690090087893858,0.08950000256299973,0.3865399658679962,-0.02031358703970909,-0.4195849299430847,0.21889999508857727,0.09685000032186508,0.22442536706108668,2,2854,4.905807414530135,0.5691602773232688,9.24032974243164
0.07654999941587448,0.2769973142192692,0.1034500002861023,0.40954017639160156,-0.00627904012799263,-0.4079267382621765,0.2460000067949295,0.10305000096559525,0.25254697224439593,2,2563,4.906108259660586,0.10147007063722502,4.144947052001953
0.025350000709295273,0.3858449832696815,0.04089999943971634,0.766771137714386,-0.020636852830648422,-0.6757185459136963,0.2113499939441681,0.027899999171495438,0.3722353665493439,2,3487,4.852619804291822,0.1063197603249334,22.407514572143555
0.065700002014637,0.33737642539187807,0.10100000351667404,0.47580260038375854,0.2956307828426361,-0.5061124563217163,0.30799999833106995,0.10939999669790268,0.3247220449792382,2,3997,4.870608534267326,0.4285192469827239,44.235023498535156
0.08015000075101852,0.21745866928453625,0.1177000030875206,0.3180624842643738,-0.034056972712278366,-0.4023863673210144,0.27619999647140503,0.1429000049829483,0.2175497627203687,2,2813,4.892570228790276,0.3257035307660776,17.364126205444336
0.04650000110268593,0.361503138399431,0.06019999831914902,0.615357518196106,0.022375036031007767,-0.5841105580329895,0.22930000722408295,0.05460000038146973,0.3342900978714873,2,3408,4.885049100528991,0.4397069558764083,38.14481735229492
0.06544999778270721,0.26535428719234067,0.08784999698400497,0.4247543215751648,-0.014634804800152779,-0.45059412717819214,0.23194999992847443,0.09364999830722809,0.2512718058081247,2,2510,4.908214175573746,0.1708513145888647,2.7802884578704834
0.03620000183582306,0.25488562001548076,0.05640000104904175,0.5075414776802063,0.12553443014621735,-0.5598907470703125,0.19990000128746033,0.06530000269412994,0.26385258342844053,2,4019,4.883544874876735,0.4594997911658266,22.97238540649414
0.09525000303983688,0.06808985459176245,0.12304999679327011,0.10563617199659348,-0.014984476380050182,-0.33261018991470337,0.24570000171661377,0.19875000417232513,0.07456720406301154,2,2509,4.892871073920727,0.5689991350253714,4.6273674964904785
0.04320000112056732,0.5553539263775542,0.07639999687671661,0.7303102612495422,-0.013550616800785065,-0.6518569588661194,0.36250001192092896,0.05649999901652336,0.49945594547751115,2,3190,4.898286286268851,0.1695136197459035,20.580135345458984
0.22939999401569366,0.20795500234345257,0.22945000231266022,0.15046994388103485,0.0,-0.15744055807590485,0.31520000100135803,0.23274999856948853,0.11801613025282817,2,3531,4.859778109571078,0.6042057310490375,28.975830078125
0.026249999180436134,0.4557382809676633,0.041999999433755875,0.7855662703514099,0.017121344804763794,-0.7205123901367188,0.2585499882698059,0.031049998477101326,0.43218083892703857,2,3076,4.893171919051178,0.3269867919491458,16.26884651184082
0.03644999861717224,0.39391717569650897,0.05620000138878822,0.6617527604103088,-0.02866966463625431,-0.6404925584793091,0.25644999742507935,0.05220000073313713,0.3788721891247312,2,3105,4.875121211224096,0.032866645887179136,13.546124458312988
0.05685000121593475,0.35963296868116507,0.08015000075101852,0.5450619459152222,-0.028670135885477066,-0.5399627089500427,0.26829999685287476,0.07899999618530273,0.3351233368752829,2,3247,4.873616985571839,0.0015748545013793969,31.999914169311523
0.04729999974370003,0.44905946586125434,0.07240000367164612,0.6406411528587341,0.4355831742286682,-0.6284320950508118,0.3172999918460846,0.06949999928474426,0.4191474882267719,2,3111,4.874820366093646,0.6059521801429769,39.33247375488281
0.04405000060796738,0.5010415430070867,0.06970000267028809,0.6963874101638794,-0.09752610325813293,-0.6521522402763367,0.33105000853538513,0.05925000086426735,0.457935535440011,2,3112,4.89587952522524,0.6435466681124846,9.37451171875
0.06949999928474426,0.3232855965860137,0.09749999642372131,0.4566389322280884,-0.01699318364262581,-0.5060790777206421,0.2973000109195709,0.11089999973773956,0.30786171932588535,2,2673,4.898286286268851,0.5305141432523107,9.471789360046387
0.041999999433755875,0.2973958980474572,0.05649999901652336,0.5543578863143921,0.0019156421767547727,-0.5745481848716736,0.20909999310970306,0.059950001537799835,0.29091084963910585,2,3439,4.83811726017858,0.6622378794876096,13.263592720031738
0.17970000207424164,0.08349891998185187,0.20190000534057617,0.08663757890462875,-0.0071722231805324554,-0.15159153938293457,0.2740499973297119,0.23035000264644623,0.06526283555003437,2,2588,4.900392202182011,0.269153199001398,4.633246898651123
0.044599998742341995,0.45696370631442,0.0625,0.6875464916229248,-0.01600501872599125,-0.6387805342674255,0.2835499942302704,0.05250000208616257,0.41453859188223485,2,3122,4.890765158007567,0.24805467526142166,5.394072532653809
0.03720000013709068,0.4102543046206517,0.04324999824166298,0.7031029462814331,-0.04599057883024216,-0.6962247490882874,0.24150000512599945,0.042100001126527786,0.38169985147092744,2,2875,4.900392202182011,0.5891811385545155,25.215171813964844
0.04349999874830246,0.6288760356629929,0.05784999951720238,0.7910196185112,0.012280707247555256,-0.7308050394058228,0.3719500005245209,0.04340000078082085,0.5384006106000473,2,2877,4.87361698557184,0.6258582512697081,2.075084686279297
0.04075000062584877,0.39248321684110904,0.06265000253915787,0.6272848844528198,-0.0017281979089602828,-0.6275267601013184,0.2737500071525574,0.06270000338554382,0.3784745073371005,2,2696,4.888057551833506,0.32178893535856523,4.718820571899414
0.03700000047683716,0.3770242873440443,0.0572500005364418,0.6480427980422974,-0.005526816006749868,-0.622796893119812,0.24629999697208405,0.05260000005364418,0.3636875659774258,2,3374,4.884146565137638,0.28905144004573313,20.9237003326416
0.05249999836087227,0.5472016912049328,0.08640000224113464,0.6811625361442566,-0.03763542324304581,-0.6354045867919922,0.3875499963760376,0.07349999994039536,0.4901670011539737,2,2898,4.895879525225241,0.03796862185298322,21.579944610595703
0.03449999913573265,0.4075437076951064,0.05375000089406967,0.682426929473877,-0.048878513276576996,-0.6580788493156433,0.26064997911453247,0.04920000210404396,0.3916465677241623,2,3102,4.842391069856477,0.006299347909865083,14.880741119384766
0.05939999967813492,0.45867185499371266,0.08685000240802765,0.6018540263175964,-0.0016842351760715246,-0.5983350872993469,0.3456000089645386,0.08590000122785568,0.4181964652094483,2,2928,4.890464312877117,0.6098333844466602,24.993091583251953
0.04820000007748604,0.4833065353426269,0.0763000026345253,0.6586374640464783,0.02609541080892086,-0.6341843605041504,0.34084999561309814,0.07015000283718109,0.44571897898421026,2,2820,4.885049100528991,0.37074619588589963,10.469216346740723
0.027049999684095383,0.48211087451743195,0.042100001126527786,0.8033887147903442,-0.009046887047588825,-0.7291297912597656,0.26875001192092896,0.02930000051856041,0.45006579976814,2,3402,4.892871073920726,0.10345599475200284,26.01520347595215
0.0507499985396862,0.6228121967626501,0.09624999761581421,0.7242870926856995,-0.024891866371035576,-0.6399513483047485,0.438400000333786,0.07010000199079514,0.547793749371438,2,2575,4.903701498616976,0.35254076217047836,11.079085350036621
0.10180000215768814,0.2759409575918125,0.12530000507831573,0.35309311747550964,-0.03874050825834274,-0.37404772639274597,0.27505001425743103,0.1315000057220459,0.23752138112351745,2,2825,4.882943184615832,0.41550959847943447,7.612846374511719
0.055399999022483826,0.38525501860386535,0.08510000258684158,0.5502226948738098,-0.07248000800609589,-0.5727911591529846,0.3133000135421753,0.0908999964594841,0.36894494794732924,2,2974,4.903400653486525,0.007120298964522487,25.205806732177734
0.06894999742507935,0.46947384286125704,0.10694999992847443,0.5781548023223877,-0.017974216490983963,-0.5534446835517883,0.3720499873161316,0.0994499996304512,0.4208955090300003,2,2974,4.891366848268469,0.17558266156975244,11.91817569732666
0.037450000643730164,0.4352402311175493,0.05494999885559082,0.6967238783836365,-0.004954175092279911,-0.6637601256370544,0.2718999981880188,0.04859999939799309,0.40822669003107004,2,2979,4.895578680094789,0.35062879705195726,25.31525230407715
0.05530000105500221,0.4726359240839434,0.08669999986886978,0.6286396384239197,-0.006379473954439163,-0.5947651267051697,0.34119999408721924,0.07779999822378159,0.42992382709558263,2,2882,4.885650790789894,0.21606967457846527,19.22675132751465
0.03905000165104866,0.5450435777111046,0.053849998861551285,0.7588633298873901,-0.0014548939652740955,-0.7202597260475159,0.33114999532699585,0.04540000110864639,0.4889909224464808,2,2880,4.895277834964338,0.3371049000284049,13.891520500183105
0.02135000005364418,0.3425440690091385,0.03175000101327896,0.7761485576629639,-0.010799585841596127,-0.702506422996521,0.18170000612735748,0.02290000021457672,0.33806415941696066,2,3393,4.873316140441387,0.3900661140782403,13.781084060668945
0.03180000185966492,0.3742659330699556,0.0357000008225441,0.7413194179534912,-0.05011444911360741,-0.6978417038917542,0.20059999823570251,0.02979999966919422,0.3507667012385746,2,2948,4.885049100528992,0.14876227244026452,4.987863540649414
0.031099999323487282,0.39597475135179355,0.0471000000834465,0.7042005062103271,-0.012196413241326809,-0.6734835505485535,0.24140000343322754,0.04190000146627426,0.3820375348891055,2,2831,4.848646839744377,0.12342803930462976,22.961477279663086
0.11789999902248383,0.10038760544701689,0.1437000036239624,0.13729040324687958,0.0,-0.2718520164489746,0.25099998712539673,0.19040000438690186,0.09655829076619955,2,2594,4.898587131399302,0.17351091455605772,7.035325527191162
0.04399999976158142,0.3089898809981499,0.05909999832510948,0.5579931735992432,-0.04945562034845352,-0.571273148059845,0.21660000085830688,0.06145000085234642,0.2991131668880686,2,3200,4.901294737573365,0.6608323170459145,20.456005096435547
0.06369999796152115,0.30492399560929895,0.07100000232458115,0.507000744342804,0.1741742193698883,-0.48457351326942444,0.2045000046491623,0.06689999997615814,0.2675654728700158,2,3316,4.901294737573365,0.46991602829116186,38.64081573486328
0.06504999846220016,0.40187846949047523,0.09019999951124191,0.5357674360275269,-0.14681191742420197,-0.5761775970458984,0.3354499936103821,0.1013999953866005,0.37473982116554533,2,2848,4.898286286268851,0.33700401056917406,5.920608997344971
0.029500000178813934,0.3183713942256847,0.04039999842643738,0.6601027250289917,0.001544950995594263,-0.6551430225372314,0.193900004029274,0.03970000147819519,0.31529444123520145,2,3255,4.89587952522524,0.10124938477857526,17.363771438598633
0.030500000342726707,0.3491809443251887,0.047600001096725464,0.6828582882881165,-0.003145756898447871,-0.6298600435256958,0.20960000157356262,0.03949999809265137,0.340608737598528,2,3431,4.857973038788368,0.29985540829361135,17.20561408996582
0.11509999632835388,0.3659282360500824,0.12049999833106995,0.41405004262924194,0.22756052017211914,-0.3759710192680359,0.26570001244544983,0.11010000109672546,0.2664992160471654,2,3239,4.878731352789512,0.22339647336729052,48.39964294433594
0.08635000139474869,0.10024667520544468,0.11620000004768372,0.16731156408786774,0.04980558529496193,-0.23740769922733307,0.18854999542236328,0.13449999690055847,0.09850555681786294,2,2618,4.874820366093646,0.5379469122596944,5.2354254722595215
0.04270000010728836,0.24810955565112103,0.05490000173449516,0.5016528964042664,-0.002203145297244191,-0.5359256267547607,0.18170000612735748,0.06030000001192093,0.24541780008957767,2,3823,4.848045149483474,0.6000043867825209,20.636520385742188
0.03674999997019768,0.36292123314045294,0.05590000003576279,0.6350042223930359,-0.06928618252277374,-0.6228706240653992,0.2405499964952469,0.053700000047683716,0.35288007036987806,2,2949,4.900693047312462,0.27137217282011983,10.700840950012207
0.044849999248981476,0.48444347772398466,0.07374999672174454,0.6825107336044312,-0.019732266664505005,-0.6282293796539307,0.3230000138282776,0.06094999983906746,0.4446801458297621,2,2789,4.888358396963956,0.12781432327560205,8.28909969329834
0.05290000140666962,0.20361899307287123,0.06639999896287918,0.40104585886001587,-0.01762290485203266,-0.44793182611465454,0.1741500049829483,0.07445000112056732,0.19977291554134968,2,3639,4.823075003656012,0.5400978039940088,21.847034454345703
0.02085000090301037,0.27639651809916166,0.03020000085234642,0.7035616636276245,0.006319105625152588,-0.6746566295623779,0.1554500013589859,0.027049999684095383,0.28219780544759054,2,2678,4.900392202182011,0.441402207776035,21.065580368041992
0.06185000017285347,0.4113805621348514,0.0885000005364418,0.559264600276947,-0.02639274299144745,-0.5691334009170532,0.322299987077713,0.09109999984502792,0.37968029977469375,2,2779,4.908515020704197,0.4972718572392455,7.437918663024902
0.02889999933540821,0.4141023479666009,0.04619999974966049,0.7434126734733582,-0.019407832995057106,-0.6769795417785645,0.2398499995470047,0.03530000150203705,0.3958266098848131,2,3411,4.876324591745902,0.6515207849253516,13.764713287353516
0.0828000009059906,0.3041182490740668,0.11219999939203262,0.4190002679824829,-0.009458827786147594,-0.4145578145980835,0.2711000144481659,0.11100000143051147,0.27224806167502835,2,2880,4.900693047312462,0.3677299428122677,2.0749452114105225
0.19740000367164612,0.007669989786279413,0.20819999277591705,0.007636744994670153,-0.0009409199119545519,-0.07937212288379669,0.24410000443458557,0.24040000140666962,0.005637383960329643,2,2544,4.8979854411384,0.6491101025226277,1.8566532135009766
0.13950000703334808,0.1315416770505792,0.17479999363422394,0.15817463397979736,-0.0019616386853158474,-0.21789708733558655,0.27219998836517334,0.19785000383853912,0.11496827760040934,2,2754,4.875722901485,0.02425509048579577,5.851974010467529
0.04475000128149986,0.5656551773414457,0.05855000019073486,0.7577745914459229,0.03146408125758171,-0.7023764252662659,0.33489999175071716,0.046149998903274536,0.4916009237451566,2,2874,4.883244029746283,0.6484196910596615,14.779776573181152
0.028449999168515205,0.3651957450339761,0.04410000145435333,0.6877558827400208,-0.001515758689492941,-0.6743584871292114,0.22675000131130219,0.04194999858736992,0.3606088254487292,2,2456,4.885650790789894,0.08211458361280632,4.982953071594238
0.14675000309944153,0.26348780794742827,0.15379999577999115,0.2721921503543854,0.0,-0.27444276213645935,0.27015000581741333,0.1545500010251999,0.18752028323260667,2,3655,4.855265432614306,0.5490204182848768,12.033488273620605
0.03384999930858612,0.3948282328092415,0.050599999725818634,0.6887657642364502,0.014315696433186531,-0.6563667058944702,0.24390000104904175,0.04495000094175339,0.378303859298735,2,2794,4.885349945659443,0.2336942119889851,16.26453399658203
0.08495000004768372,0.17066264768248718,0.09224999696016312,0.2829204797744751,0.0,-0.302325576543808,0.17219999432563782,0.09624999761581421,0.14825297190375314,2,3967,4.878129662528611,0.6980263073646031,29.70384407043457
0.0575999990105629,0.7068478589613176,0.09144999831914902,0.7578051090240479,-0.009439442306756973,-0.671013593673706,0.4645000100135803,0.06400000303983688,0.5841030654701742,2,2995,4.8979854411384,0.11144288198953411,18.127731323242188
0.06134999915957451,0.2715917689905417,0.08709999918937683,0.4254007339477539,0.09109670668840408,-0.4982719123363495,0.26010000705718994,0.10485000163316727,0.26923522260972743,2,2734,4.90009135705156,0.5677226755068778,9.900839805603027
0.021549999713897705,0.38132664448013964,0.030400000512599945,0.7868108153343201,0.0037287503946572542,-0.743459939956665,0.20660001039505005,0.024650000035762787,0.37323078515669117,2,2963,4.843833317657155,0.11345526904973002,40.8711051940918
0.03359999880194664,0.3281114373762588,0.04610000178217888,0.622613251209259,-0.10602792352437973,-0.6491628289222717,0.2167000025510788,0.05040000006556511,0.32518576831883084,2,3300,4.894664381653627,0.688634142937886,18.04253387451172
0.09144999831914902,0.25366236507405515,0.12290000170469284,0.34704625606536865,-0.01695982553064823,-0.3719979524612427,0.2685000002384186,0.13015000522136688,0.23092971820480815,2,2775,4.908214175573746,0.23969076878349882,6.537807941436768
0.025800000876188278,0.35945141743858955,0.03319999948143959,0.747182309627533,0.010205376893281937,-0.7123673558235168,0.1976500004529953,0.028599999845027924,0.34915662761844307,2,2967,4.8841465651376375,0.1461837153972907,8.240493774414062
0.033399999141693115,0.3931555832732835,0.05079999938607216,0.6909090876579285,0.10116551071405411,-0.6527682542800903,0.241799995303154,0.044199999421834946,0.37709923131193535,2,3403,4.882642339485381,0.05261226796004759,18.165809631347656
0.03375000134110451,0.3448985115711187,0.048900000751018524,0.6610169410705566,0.005491974297910929,-0.6232665777206421,0.21070000529289246,0.0430000014603138,0.3337534874551703,2,3502,4.826071691910717,0.6290817332857244,10.108449935913086
0.028599999845027924,0.38649038011230763,0.045049998909235,0.7337254881858826,0.0017335263546556234,-0.6614055037498474,0.22104999423027039,0.03395000100135803,0.3717218431998363,2,3394,4.8612823352233345,0.3000377282763246,14.879799842834473
0.04414999857544899,0.5632179767510757,0.06759999692440033,0.7370008826255798,-0.012300168164074421,-0.6837797164916992,0.3599500060081482,0.054499998688697815,0.5010388852598535,2,2910,4.890765158007567,0.4354536888585422,22.286481857299805
0.05900000035762787,0.5464600693223,0.08295000344514847,0.6722234487533569,-0.006755727343261242,-0.6346619725227356,0.3711499869823456,0.07275000214576721,0.47420275708268506,2,3069,4.896180370355692,0.4410568016245845,24.73871612548828
0.06080000102519989,0.29713902719198615,0.08030000329017639,0.45430177450180054,0.03575275093317032,-0.5432308912277222,0.27129998803138733,0.10180000215768814,0.2912037357319055,2,3204,4.903701498616975,0.6551156147383899,27.54215431213379
0.0812000036239624,0.4640963068577487,0.12139999866485596,0.5399689674377441,-0.013251015916466713,-0.5315002202987671,0.39684998989105225,0.11855000257492065,0.4111187552408679,2,3003,4.900693047312463,0.43213898814635465,33.23774719238281
0.04259999841451645,0.3853328907982134,0.06345000118017197,0.6299237608909607,-0.00873169582337141,-0.6034374833106995,0.25655001401901245,0.05824999883770943,0.36505893234964826,2,3319,4.888960087224858,0.3872779877467415,12.815616607666016
0.08810000121593475,0.20624396329269512,0.1156499981880188,0.30003926157951355,0.0029990961775183678,-0.3649965822696686,0.24860000610351562,0.13384999334812164,0.19505356591314077,2,2759,4.897684596007949,0.6030181033224127,11.584920883178711
0.04495000094175339,0.302282183183793,0.06939999759197235,0.5272846817970276,-0.022969797253608704,-0.539940357208252,0.23229999840259552,0.07190000265836716,0.29917930029709583,2,2472,4.90009135705156,0.040659069711748375,9.251585006713867
0.0357000008225441,0.5098001131406735,0.058800000697374344,0.758152961730957,-0.013031073845922947,-0.6763896346092224,0.3046000003814697,0.04190000146627426,0.4655050177349783,2,3064,4.898286286268851,0.1033119166404537,29.901294708251953
0.16494999825954437,0.12876892774931312,0.16820000112056732,0.13263264298439026,0.0,-0.14727503061294556,0.22630000114440918,0.17329999804496765,0.08837261529657534,2,3959,4.906108259660587,0.29965151105225774,1.3122179508209229
0.053599998354911804,0.49591978065996645,0.08914999663829803,0.6513220071792603,-0.022059276700019836,-0.593757152557373,0.34975001215934753,0.07384999841451645,0.4480836031607531,2,2717,4.890765158007568,0.5501850880265836,24.03327751159668
0.0406000018119812,0.5430564875267656,0.07029999792575836,0.7424126267433167,0.5931588411331177,-0.658655047416687,0.3416000008583069,0.05050000175833702,0.48946306172985565,2,2920,4.900693047312462,0.5231376739704127,42.238311767578125
0.02995000034570694,0.3147940373219846,0.041999999433755875,0.6256600618362427,-0.014077078551054,-0.6637309789657593,0.2078000009059906,0.047850001603364944,0.3175081031657484,2,2756,4.888960087224859,0.2890955250958892,4.724106311798096
0.0364999994635582,0.32758131169709875,0.051350001245737076,0.6209878921508789,0.004645480774343014,-0.6083142757415771,0.21085000038146973,0.049300000071525574,0.31878576638888084,2,3436,4.848045149483475,0.20280022341210535,12.25619888305664
0.04149999842047691,0.23760879564278797,0.053300000727176666,0.49300551414489746,-0.04214514046907425,-0.5353094935417175,0.1761000007390976,0.05979999899864197,0.23705666893987504,2,3058,4.8736169855718385,0.3627658113125909,11.079045295715332
0.054099999368190765,0.19799189886585997,0.06975000351667404,0.3556962013244629,-0.016501126810908318,-0.5087162852287292,0.2142000049352646,0.10180000215768814,0.2066176503686709,2,2741,4.86699839270191,0.207430052749628,18.061250686645508
0.048250000923871994,0.4552673849660992,0.0640999972820282,0.6633272171020508,0.01955990493297577,-0.6426978707313538,0.2946999967098236,0.0596500001847744,0.4126821514240274,2,3005,4.895578680094789,0.08872034660723815,18.859867095947266
0.03929999843239784,0.3423554558910755,0.054499998688697815,0.5979243516921997,-0.034954171627759933,-0.6281766891479492,0.23864999413490295,0.06004999950528145,0.3354200501785926,2,2679,4.89587952522524,0.510282277398699,17.096202850341797
0.031550001353025436,0.42569485588990386,0.047200001776218414,0.7430047988891602,0.008766993880271912,-0.6763797998428345,0.24449999630451202,0.03604999929666519,0.4005829188057953,2,3432,4.8645916316583,0.4210875446544803,17.780858993530273
0.05874999985098839,0.2715427847737724,0.07039999961853027,0.4581182301044464,-0.013783242553472519,-0.5133079886436462,0.21889999508857727,0.08134999871253967,0.25782567467952217,2,3638,4.841727401743997,0.37642554875268097,31.23098373413086
0.05014999955892563,0.42749931376375616,0.07824999839067459,0.6201612949371338,-0.029954442754387856,-0.5877239108085632,0.3013499975204468,0.07064999639987946,0.39684633496966426,2,2662,4.887756706703054,0.48231232959030146,14.362578392028809
0.05719999969005585,0.39821739554331737,0.07810000330209732,0.5793419480323792,-0.008697940967977047,-0.5691034197807312,0.28439998626708984,0.07575000077486038,0.36386093466636316,2,3067,4.888358396963957,0.26900468573077463,16.564809799194336
0.046300001442432404,0.22711932050490552,0.06305000185966492,0.44862744212150574,0.0224910918623209,-0.4910191595554352,0.18469999730587006,0.07029999792575836,0.22728476841582224,2,3760,4.7145083633150335,0.1065896588521632,16.26884651184082
0.062449999153614044,0.5077180159497321,0.09960000216960907,0.6247992515563965,-0.06474108248949051,-0.5840901732444763,0.3793500065803528,0.08760000020265579,0.4525828703621408,2,2737,4.895578680094789,0.16922103231154662,11.899567604064941
0.04910000041127205,0.5755813517356899,0.07514999806880951,0.7264996767044067,-0.046249013394117355,-0.6627776622772217,0.3705499768257141,0.05870000272989273,0.5033897997688792,2,3032,4.8922693836598246,0.34816370153585074,42.64167404174805
0.05615000054240227,0.3534148779932508,0.07509999722242355,0.5427901744842529,0.0037120117340236902,-0.5560153722763062,0.26319998502731323,0.07799999415874481,0.3302425025873763,2,3077,4.888358396963957,0.5827060146263091,7.442983627319336
0.024450000375509262,0.3757891588328217,0.04075000062584877,0.7295719981193542,-0.002761217998340726,-0.6901140809059143,0.22224999964237213,0.03474999964237213,0.37153236494813824,2,2764,4.882943184615832,0.12133840936953966,0.9285696744918823
0.030700000002980232,0.4991771179734191,0.05184999853372574,0.7679964900016785,0.009728977456688881,-0.7054814100265503,0.30024999380111694,0.039400000125169754,0.46599772922557897,2,3028,4.225703008118696,0.4988131360765963,12.81745433807373
0.07150000333786011,0.4433658333909063,0.10809999704360962,0.5516431927680969,-0.0797591507434845,-0.5416092872619629,0.36355000734329224,0.1050499975681305,0.4003200626642593,2,3015,4.898286286268851,0.510599698886639,18.15073585510254
0.06925000250339508,0.16922928023416525,0.09234999865293503,0.2971137464046478,0.01986173912882805,-0.34815600514411926,0.19099999964237213,0.10350000113248825,0.16519823491103872,2,2617,4.898286286268851,0.14373605019702496,13.694092750549316
0.03359999880194664,0.35593455522568573,0.04984999820590019,0.65524822473526,-0.0004372418625280261,-0.6384406089782715,0.22589999437332153,0.04704999923706055,0.34707936467054273,2,3457,4.870608534267326,0.21207011206709214,15.78704833984375
0.03864999860525131,0.7308169753037714,0.07124999910593033,0.8386297821998596,-0.007802362088114023,-0.7242380380630493,0.4455000162124634,0.03909999877214432,0.6191346911263337,2,3039,4.8979854411384,0.6941815428012027,12.256486892700195
0.029500000178813934,0.43604183898444643,0.03994999825954437,0.754086971282959,0.2620695233345032,-0.7264635562896729,0.2521499991416931,0.035349998623132706,0.41295238311220456,2,3910,4.873616985571839,0.23845904266316498,28.237106323242188
0.05400000140070915,0.5454111304772766,0.08780000358819962,0.689022958278656,-0.036769282072782516,-0.6112464070320129,0.36390000581741333,0.06700000166893005,0.47840799510280196,2,2648,4.87330437739158,0.1601768677148494,11.182352066040039
0.03590000048279762,0.5608915375385752,0.049800001084804535,0.8138777613639832,0.11739309132099152,-0.7204602956771851,0.30649998784065247,0.031449999660253525,0.4923622989733052,2,3341,4.888057551833505,0.1537270056194563,32.16445541381836
0.04149999842047691,0.289905558571808,0.06129999831318855,0.5363408327102661,-0.02670186385512352,-0.5555555820465088,0.21455000340938568,0.06475000083446503,0.2883356892579589,2,2571,4.885951635920345,0.2398861392862689,22.59782600402832
0.04235000163316727,0.8779594494125976,0.07395000010728836,0.873839795589447,-0.016915075480937958,-0.7610855102539062,0.5450999736785889,0.03670000284910202,0.704936192263552,2,3140,4.906108259660587,0.32373886297957166,9.374512672424316
0.03920000046491623,0.45491701669945656,0.0544000007212162,0.7255541086196899,-0.0320216603577137,-0.6590410470962524,0.2646999955177307,0.042100001126527786,0.4138572049771966,2,2939,4.898286286268851,0.11674045153027524,17.822914123535156
0.033399999141693115,0.41373946761363967,0.051100000739097595,0.690976083278656,-0.04919927194714546,-0.675400972366333,0.26374998688697815,0.04820000007748604,0.39820799975995175,2,2748,4.898587131399303,0.5258593786028172,16.360183715820312
0.045899998396635056,0.5954266568913089,0.059849999845027924,0.7843766808509827,0.01180141232907772,-0.6956908702850342,0.3334999978542328,0.040300000458955765,0.5033188337627827,2,3323,4.900693047312462,0.1319348405186731,58.973976135253906
0.1441500037908554,0.2908179015694252,0.16349999606609344,0.2996770441532135,-0.05696312338113785,-0.29730311036109924,0.30184999108314514,0.162650004029274,0.21648520646852842,2,2566,4.910921781747808,0.37410278707073763,2.930807590484619
0.025550000369548798,0.39815294021852643,0.040300000458955765,0.7666333317756653,-0.02196521870791912,-0.6916012763977051,0.22104999423027039,0.029200000688433647,0.38357213230496323,2,3497,4.867060370553489,0.5031937867429661,11.720222473144531
0.03759999945759773,0.46326724709383255,0.06404999643564224,0.6907581090927124,-0.056368302553892136,-0.6580352783203125,0.3105500042438507,0.0568000003695488,0.4388366908248388,2,2828,4.8919685385293725,0.3330133278184354,4.9829487800598145
0.022099999710917473,0.4236252990512803,0.037300001829862595,0.7851178050041199,-0.011757168918848038,-0.7314614653587341,0.24050000309944153,0.028950000181794167,0.4124049685142285,2,2831,4.865193321919202,0.24503822369038242,24.89272689819336
0.05065000057220459,0.288080326519402,0.07580000162124634,0.4739130139350891,-0.03247249126434326,-0.5406756401062012,0.2542499899864197,0.09075000137090683,0.29023666914992907,2,2801,4.893472764181629,0.6636033231960888,10.469268798828125
0.02459999918937683,0.37747160588311,0.03784999996423721,0.7644302248954773,-0.0046684630215168,-0.6909573674201965,0.2071000039577484,0.027650000527501106,0.3663491030992907,2,3438,4.855265432614306,0.45727816487127515,11.336006164550781
0.08560000360012054,0.20948992017393478,0.11469999700784683,0.3111080229282379,-0.012277839705348015,-0.3476468026638031,0.23694999516010284,0.12449999898672104,0.19580358164274836,2,2776,4.900693047312462,0.6060449578070002,2.623056650161743
0.057349998503923416,0.31986061674473687,0.07985000312328339,0.4989881217479706,0.004950667265802622,-0.529047429561615,0.2592499852180481,0.08664999902248383,0.3060645278599841,2,2869,4.902798963225622,0.043610631568370306,11.918168067932129
0.031099999323487282,0.3743277921065499,0.04194999858736992,0.6905422806739807,-0.003725212998688221,-0.6896041631698608,0.22834999859333038,0.04179999977350235,0.36333830919059185,2,3012,4.895578680094789,0.09201938000735677,38.008056640625
0.04455000162124634,0.39525278346768217,0.07204999774694443,0.6212594509124756,0.00799286738038063,-0.5814696550369263,0.2722499966621399,0.06360000371932983,0.37443918079963856,2,2757,4.857070503397014,0.2548961948472588,9.940692901611328
0.060600001364946365,0.29758658286943895,0.09160000085830688,0.4623746871948242,-0.018691228702664375,-0.47739264369010925,0.25894999504089355,0.09520000219345093,0.28756657503538496,2,2844,4.890765158007568,0.32564045684319276,9.251429557800293
0.05079999938607216,0.40036888131824483,0.0737999975681305,0.606166422367096,0.14844606816768646,-0.5781652331352234,0.2761000096797943,0.06769999861717224,0.37046695131569235,2,3016,4.880235578441769,0.05534960362303076,42.73740768432617
0.027650000527501106,0.3136034388114923,0.04179999977350235,0.6587352752685547,-0.021435288712382317,-0.6446333527565002,0.19345000386238098,0.039799999445676804,0.3143198166863527,2,2469,4.887756706703053,0.5687032655555176,14.770986557006836
0.07304999977350235,0.24242965108382783,0.09794999659061432,0.3684210777282715,0.052406247705221176,-0.4425950050354004,0.2535000145435333,0.11699999868869781,0.2352096733715158,2,2800,4.903701498616976,0.17254010440905376,10.700257301330566
0.039400000125169754,0.5208501723474339,0.05795000120997429,0.7663495540618896,0.006083883345127106,-0.6735671162605286,0.2971000075340271,0.03930000215768814,0.462338598258793,2,3032,4.220408133822752,0.006512483469196195,35.0858268737793
0.07010000199079514,0.3383244308246077,0.09380000084638596,0.49079492688179016,0.03650360926985741,-0.47147485613822937,0.2611500024795532,0.08919999748468399,0.30331629035473784,2,3516,4.86699839270191,0.19665790643959413,31.819175720214844
0.048650000244379044,0.39859613405527583,0.0783500000834465,0.6045421957969666,-0.07409228384494781,-0.5658678412437439,0.2825999855995178,0.06965000182390213,0.3748019716951018,2,2982,4.898887976529753,0.10004395306938363,14.143611907958984
0.03500000014901161,0.47864333115961755,0.052400000393390656,0.7493796944618225,0.17918901145458221,-0.6866028904914856,0.28200000524520874,0.04039999842643738,0.44066148906882785,2,3424,4.8531595167011465,0.41747330274779004,41.80322265625
0.04740000143647194,0.3950297922152373,0.07349999994039536,0.5933117270469666,0.2964975833892822,-0.6015180349349976,0.2953999936580658,0.07540000230073929,0.3789618610099317,2,3025,4.900993892442914,0.3833554143224772,42.158084869384766
0.05894999951124191,0.23347546366792368,0.06809999793767929,0.42239612340927124,0.004727130755782127,-0.4740297496318817,0.19085000455379486,0.07750000059604645,0.22128587856710547,2,3659,4.86699839270191,0.06688215428425526,26.213253021240234
0.030150000005960464,0.3490556890395544,0.04365000128746033,0.6575115323066711,-0.01196216233074665,-0.6747997999191284,0.2248000055551529,0.04645000025629997,0.34687196879409954,2,2851,4.890765158007566,0.35030629244132416,3.9312777519226074
0.04320000112056732,0.4198098693906074,0.06459999829530716,0.6614051461219788,0.04581693187355995,-0.6120120286941528,0.26840001344680786,0.05469999834895134,0.3894423740165427,2,3070,4.864290786527848,0.3506577593901825,39.34171676635742
0.04560000076889992,0.35056293391729576,0.0628499984741211,0.604589581489563,-0.0132663669064641,-0.5667011141777039,0.22724999487400055,0.0560000017285347,0.3279604096168946,2,2920,4.8979854411384,0.184966819806879,9.593668937683105
0.05635000020265579,0.2522623052192973,0.07609999924898148,0.43679308891296387,-0.03211553022265434,-0.4788563847541809,0.21595001220703125,0.08465000241994858,0.24600301159423296,2,3168,4.882642339485381,0.08801477253729484,19.111570358276367
0.04399999976158142,0.5343596291452067,0.06700000166893005,0.7203791737556458,-0.06037481501698494,-0.6746388077735901,0.34485000371932983,0.056049998849630356,0.48085248758936433,2,3261,4.891066003138018,0.4200483500783535,16.285293579101562
0.02954999916255474,0.4425435351044942,0.044449999928474426,0.7736936807632446,0.003970888443291187,-0.6940285563468933,0.24609999358654022,0.03139999881386757,0.41421221261331564,2,3418,4.888358396963956,0.23280211387607674,15.183558464050293
0.0430000014603138,0.47763994305584834,0.06239999830722809,0.6938971877098083,-0.07058155536651611,-0.6625202894210815,0.3073999881744385,0.05555000156164169,0.43777157936432887,2,3077,4.892871073920727,0.511361015027076,9.060436248779297
0.03500000014901161,0.4280626220839825,0.05795000120997429,0.6918577551841736,-0.011374044232070446,-0.6516904830932617,0.27480000257492065,0.050050001591444016,0.40871067439216496,2,3457,4.870909379397779,0.5223170318990512,3.3415379524230957
0.026900000870227814,0.4034564180433011,0.04089999943971634,0.7614392042160034,0.0032062488608062267,-0.6925967931747437,0.22519999742507935,0.030500000342726707,0.3864628774463267,2,3489,4.868201773223714,0.09761916632127965,20.650955200195312
0.039799999445676804,0.24703399477349014,0.05999999865889549,0.4983104467391968,-0.031290825456380844,-0.517005443572998,0.18844999372959137,0.06310000270605087,0.2501829384965102,2,2467,4.391348206295886,0.6025032089020322,12.294445037841797
0.02215000055730343,0.3542234347917965,0.03689999878406525,0.7392047643661499,-0.021569183096289635,-0.6928839087486267,0.20340000092983246,0.030500000342726707,0.35338602048092926,2,2718,4.893171919051178,0.5182864327779012,16.84369659423828
0.3730500042438507,0.13671391629255053,0.37095001339912415,0.06073431670665741,0.0,-0.06925100833177567,0.42614999413490295,0.37734997272491455,0.056156527791346514,2,3633,4.861583180353785,0.23114215182158093,26.963964462280273
0.10215000063180923,0.18003704440940776,0.13455000519752502,0.24547690153121948,-0.13470971584320068,-0.34897786378860474,0.27880001068115234,0.1688999980688095,0.17394747008175637,2,2574,4.900993892442913,0.004031605784190595,11.186943054199219
0.03424999862909317,0.4162769603814465,0.05180000141263008,0.6864966750144958,-0.006559769622981548,-0.6759461760520935,0.2678999900817871,0.049800001084804535,0.4000855901058985,2,2906,4.886252481050796,0.041779072709764664,7.4446306228637695
0.04455000162124634,0.4289578965761085,0.07289999723434448,0.6396816968917847,-0.08335693180561066,-0.607695460319519,0.29875001311302185,0.06565000116825104,0.4045002454192247,2,2883,4.896180370355691,0.47326018644761536,27.808128356933594
0.03334999829530716,0.4647861627781107,0.04600000008940697,0.7596950531005859,-0.009509194642305374,-0.7046074867248535,0.26545000076293945,0.036249998956918716,0.4288387212537942,2,3039,4.879633888180866,0.12101922570558143,23.031801223754883
0.049300000071525574,0.6963071791242101,0.08229999989271164,0.7873214483261108,-0.014249414205551147,-0.6817478537559509,0.4348999857902527,0.051750000566244125,0.5825013791956339,2,3029,4.893773609312081,0.3535650352525591,36.77643585205078
0.02914999984204769,0.43060689417840425,0.04450000077486038,0.7605913281440735,-0.003909019287675619,-0.6916680932044983,0.24415001273155212,0.03319999948143959,0.4070560428427308,2,3031,4.906108259660586,0.4973468770832872,16.275218963623047
0.0442500002682209,0.3487504897766893,0.0575999990105629,0.5924628973007202,-0.13547062873840332,-0.6112704873085022,0.23875001072883606,0.06109999865293503,0.3331562355294818,2,3009,4.900693047312462,0.6956774678116806,21.130420684814453
0.3124000132083893,0.2737397263294654,0.3122999966144562,0.14309139549732208,0.0,-0.14496919512748718,0.41819998621940613,0.3135000169277191,0.12750666033632466,2,3278,4.903099808356073,0.5248095765276849,9.068344116210938
0.032499998807907104,0.4588308128534682,0.0551999993622303,0.7346118092536926,-0.00010417435260023922,-0.671036958694458,0.28040000796318054,0.042899999767541885,0.432709837177576,2,2955,4.881438958963575,0.6504334775566807,2.0735018253326416
0.04349999874830246,0.3411735038987158,0.05739999935030937,0.5834853053092957,0.09504996240139008,-0.6123586297035217,0.23874999582767487,0.06279999762773514,0.32926829200278906,2,2905,4.887756706703054,0.3181140280357333,13.677454948425293
0.05485000088810921,0.29784123682449387,0.08025000244379044,0.47751912474632263,-0.03782539814710617,-0.521965742111206,0.2554999887943268,0.09035000205039978,0.29287105609411257,2,2825,4.888057551833505,0.44691291123274135,11.92835521697998
0.07460000365972519,0.4465198035320584,0.10379999876022339,0.5502714514732361,0.017104962840676308,-0.549430251121521,0.35694998502731323,0.1035500019788742,0.39573136878159054,2,3030,4.908214175573746,0.6795621079288747,20.49419593811035
0.049949999898672104,0.758614636911903,0.08685000240802765,0.8059925436973572,-0.013901985250413418,-0.694754421710968,0.482200026512146,0.05180000141263008,0.6243713928567143,2,3035,4.898587131399302,0.09775834480481216,46.80561828613281
0.03530000150203705,0.38606185571726565,0.05364999920129776,0.657731294631958,-0.020670244470238686,-0.6507161259651184,0.2535499930381775,0.0523499995470047,0.3744881412253636,2,2848,4.887756706703053,0.19431201690402378,7.9308881759643555
0.06955000013113022,0.3014987718288389,0.10260000079870224,0.43656623363494873,0.03484421595931053,-0.4687378704547882,0.2836500108242035,0.11124999821186066,0.288970852952682,2,2845,4.890464312877116,0.5702716726251025,13.064244270324707
0.050200000405311584,0.4859259469347238,0.08285000175237656,0.6643038392066956,-0.09389998763799667,-0.597375750541687,0.3287000060081482,0.06629999727010727,0.4397765493467727,2,3075,4.8979854411384,0.18531348425883643,12.418512344360352
0.1546500027179718,0.11247061022783605,0.17430000007152557,0.12641796469688416,-0.0270462017506361,-0.16020235419273376,0.24079999327659607,0.18674999475479126,0.08740768565452639,2,2706,4.885349945659443,0.3780413831630045,1.8566817045211792
0.03929999843239784,0.5976834958404776,0.06759999692440033,0.7827687859535217,-0.009333980269730091,-0.6861288547515869,0.3631500005722046,0.0442499965429306,0.52716553621855,2,3039,4.8979854411384,0.2821049589636495,12.256486892700195
0.0471000000834465,0.45268996298234726,0.07150000333786011,0.6639367341995239,0.01938772015273571,-0.6093963384628296,0.2946000099182129,0.05950000137090683,0.41289077175949623,2,3017,4.862786560875591,0.018501445525515026,36.39877700805664
0.10805000364780426,0.2102455272391093,0.13600000739097595,0.27326643466949463,-0.012317913584411144,-0.3447361886501312,0.2791000008583069,0.15929999947547913,0.19149616582515228,2,2707,4.89587952522524,0.46795678841706545,8.488886833190918
0.6563000082969666,0.7489173303423611,0.5975499749183655,0.03491741418838501,0.0,-0.01500044483691454,0.6157500147819519,0.5742000341415405,0.0368797710916476,2,3943,4.853749443912242,0.4113166438161181,20.858671188354492
0.028300000354647636,0.3661960269344899,0.04470000043511391,0.7069913148880005,0.005275894422084093,-0.6587786078453064,0.21729999780654907,0.037300001829862595,0.35780545202110203,2,3251,4.895578680094789,0.13518198575647022,11.042881965637207
0.03435000032186508,0.2856549028192199,0.04904999956488609,0.5729311108589172,-0.0566692054271698,-0.6031553149223328,0.19814999401569366,0.05380000174045563,0.287951312766646,2,2653,4.8585629659994645,0.39418366817333905,13.277718544006348
0.040699999779462814,0.405668885570436,0.05180000141263008,0.7009069323539734,0.0,-0.6320369243621826,0.22975000739097595,0.04039999842643738,0.3687918084806771,2,3379,4.885951635920346,0.516112359376681,27.804887771606445
0.028300000354647636,0.34914588278016423,0.036400001496076584,0.7245668768882751,0.06999210268259048,-0.6841648817062378,0.1941000074148178,0.03099999949336052,0.3374017508638181,2,3733,4.870909379397777,0.019449962926173625,24.889341354370117
0.05590000003576279,0.41100038548901235,0.0786999985575676,0.5925723314285278,0.04096899554133415,-0.5749392509460449,0.29159998893737793,0.07460000365972519,0.37577924347533376,2,3066,4.867600082962813,0.6491303168633913,40.7160758972168
0.05090000107884407,0.3492404477788088,0.07020000368356705,0.5536301136016846,-0.021889934316277504,-0.5748031139373779,0.25999999046325684,0.0746999979019165,0.3329938812942813,2,2682,4.908515020704198,0.6168156282928546,7.0293989181518555
0.024700000882148743,0.39866482197250913,0.034299999475479126,0.7811599969863892,-0.002733150962740183,-0.7264752984046936,0.21649999916553497,0.026599999517202377,0.38332660473346886,2,2884,4.89587952522524,0.012907664269566355,5.3939385414123535
0.05954999849200249,0.47253977765889965,0.08365000039339066,0.6291792988777161,-0.0748995840549469,-0.5871683955192566,0.3215999901294708,0.07320000231266022,0.4164058838537741,2,3114,4.888960087224858,0.08264717744239258,22.597875595092773
0.04320000112056732,0.2661199629869432,0.06419999897480011,0.5155763626098633,0.07106035947799683,-0.5038639903068542,0.19460000097751617,0.062199998646974564,0.26242072356547813,2,3840,4.853761206962051,0.011893107383276091,49.15372085571289
0.07415000349283218,0.35143290408121486,0.10464999824762344,0.48299843072891235,-0.09818515181541443,-0.4667515754699707,0.2878499925136566,0.10034999996423721,0.31665164513174554,2,2694,4.875121211224096,0.5154885596270123,26.664268493652344
0.03680000081658363,0.44535246252185023,0.05220000073313713,0.7355146408081055,0.21491537988185883,-0.6597131490707397,0.25459998846054077,0.03880000114440918,0.4079909064977102,2,3183,4.898286286268851,0.6920204295509518,24.143239974975586
0.024049999192357063,0.3917045947360702,0.03689999878406525,0.7719082832336426,-0.005687797907739878,-0.7085883617401123,0.2163500040769577,0.02785000018775463,0.37993819432071685,2,3142,4.885049100528992,0.2614043266243057,13.693428039550781
0.04019999876618385,0.5022968487591899,0.06129999831318855,0.7203023433685303,0.025586146861314774,-0.677283525466919,0.31859999895095825,0.05180000141263008,0.45978859850679976,2,3201,4.897684596007949,0.6635493061186902,32.476844787597656
0.044849999248981476,0.5039333666876143,0.07840000092983246,0.6846824884414673,-0.03134134039282799,-0.6318816542625427,0.34755000472068787,0.06504999846220016,0.46433268453847537,2,3143,4.872714450180487,0.38547864578634317,27.978639602661133
0.04179999977350235,0.4467735604839931,0.0596500001847744,0.6826568245887756,0.0048209913074970245,-0.6538517475128174,0.2849999964237213,0.05375000089406967,0.41356184131593055,2,2917,4.8979854411384,0.06914323983852344,27.271907806396484
0.047600001096725464,0.5947515715856198,0.0823500007390976,0.751404345035553,-0.019371939823031425,-0.6329395771026611,0.366349995136261,0.052000001072883606,0.5134480242189506,2,3113,4.910921781747808,0.549393545613631,4.141724586486816
0.03344999998807907,0.4757074946847822,0.04899999871850014,0.7472426295280457,-0.012855293229222298,-0.7067185640335083,0.2851499915122986,0.04125000163912773,0.4427032766718808,2,3006,4.905807414530135,0.37117273686743846,10.261102676391602
0.049300000071525574,0.49206493974970356,0.08025000244379044,0.6744721531867981,-0.029104536399245262,-0.6060382723808289,0.32714998722076416,0.06360000371932983,0.4438113716228356,2,3026,4.905807414530135,0.5371778819593171,22.048870086669922
0.04650000110268593,0.23300213802051423,0.06430000066757202,0.44962406158447266,-0.013349602930247784,-0.4998055100440979,0.19280000030994415,0.07320000231266022,0.2342036506288543,2,3563,4.8375155699176755,0.06348677983660678,13.648222923278809
0.03514999896287918,0.38296411601007185,0.0523499995470047,0.6531077027320862,-0.01963180862367153,-0.6582340598106384,0.2540000081062317,0.053300000727176666,0.3729097086269278,2,2874,4.88926093235531,0.5443440126240614,8.488882064819336
0.03884999826550484,0.3183598720638331,0.052549999207258224,0.5905569791793823,-0.005358402151614428,-0.6080551743507385,0.21559999883174896,0.05550000071525574,0.31143820168048225,2,3128,4.890464312877116,0.05987876481848253,7.21127986907959
0.04805000126361847,0.4635363607648891,0.0763000026345253,0.6551273465156555,-0.036078665405511856,-0.6117542386054993,0.3167499899864197,0.06599999964237213,0.4260832511300702,2,3304,4.877527972267708,0.3512859158219058,11.030243873596191
0.0572500005364418,0.5423664296285358,0.0921500027179718,0.6845508813858032,0.004446844104677439,-0.5847228169441223,0.3516499996185303,0.06585000455379486,0.46724794620991034,2,3120,4.893472764181629,0.5658430805719322,37.51934814453125
0.011049999855458736,-0.009586734018978875,0.00860000029206276,-0.33636364340782166,0.0,0.40408164262771606,0.003650000086054206,0.007350000087171793,-0.010861056751066463,2,3932,4.718720195141353,0.3110379812787124,8.246052742004395
0.09685000032186508,0.3066539130036914,0.12555000185966492,0.39132559299468994,-0.02694360911846161,-0.3879341781139374,0.2847000062465668,0.124549999833107,0.2642012735924466,2,2702,4.89347276418163,0.15829805613046732,5.393974781036377
0.028999999165534973,0.4455537498538776,0.045049998909235,0.7811197638511658,-0.018452271819114685,-0.6901650428771973,0.24574999511241913,0.03020000085234642,0.4166827670230321,2,3322,4.884748255398541,0.47938744226704877,18.452213287353516
0.03530000150203705,0.317207109214488,0.051100000739097595,0.6139116883277893,0.03508240357041359,-0.60326087474823,0.20649999380111694,0.049400001764297485,0.31174757168633477,2,3496,4.788766895734748,0.2296068743116053,36.73114776611328
0.07694999873638153,0.40983457723053485,0.10904999822378159,0.518754243850708,0.013735895976424217,-0.5077860355377197,0.3340499997138977,0.10585000365972519,0.3641876719359793,2,2800,4.905506569399684,0.3246863774233808,11.717344284057617
0.027249999344348907,0.4864854226210241,0.04259999841451645,0.8023793697357178,-0.008771100081503391,-0.7297811508178711,0.2727000117301941,0.029899999499320984,0.453775247010508,2,2849,4.8868541713116995,0.5589907261138933,27.353715896606445
0.041600000113248825,0.45210523992792995,0.07010000199079514,0.684669017791748,0.10357065498828888,-0.6107717752456665,0.29010000824928284,0.05429999902844429,0.4188773221018273,2,3143,4.900392202182011,0.01855928224061576,13.263541221618652
0.048650000244379044,0.3177046146483747,0.06499999761581421,0.5561106204986572,0.06936817616224289,-0.5407171845436096,0.2180500030517578,0.06220000237226486,0.29961550707352536,2,3048,4.906108259660586,0.2910397790563286,11.187403678894043
0.03959999978542328,0.4050739547978184,0.057999998331069946,0.6645742654800415,-0.08299244195222855,-0.6335492134094238,0.2585499882698059,0.05209999904036522,0.38200825102298197,2,3038,4.905807414530135,0.11267435347885213,11.573507308959961
0.024150000885128975,0.3376055044470506,0.03384999930858612,0.7216035723686218,-0.012630662880837917,-0.7018934488296509,0.19325000047683716,0.03125,0.3354037274745656,2,2934,4.888358396963957,0.42246163165851225,16.358348846435547
0.025499999523162842,0.5519569201135712,0.042899999767541885,0.8392168283462524,-0.002810860751196742,-0.7568716406822205,0.3100000023841858,0.02710000053048134,0.5069286839123501,2,3141,4.892570228790276,0.6958302510327675,20.78070068359375
0.034299999475479126,0.26085217065829,0.050200000405311584,0.5478991270065308,0.07027875632047653,-0.5716723799705505,0.1842000037431717,0.05380000174045563,0.2650406525077099,2,3879,4.800800700952802,0.32035434798961515,7.4357733726501465
0.05990000069141388,0.374376712793712,0.0723000019788742,0.5766351819038391,0.0,-0.5402956604957581,0.242249995470047,0.06505000591278076,0.32924561362642063,2,3380,4.4089175619142456,0.11890046777962959,36.60424041748047
0.029650000855326653,0.39727220700411153,0.04114999994635582,0.7381272912025452,0.06042696163058281,-0.6919333934783936,0.22600001096725464,0.034049998968839645,0.37882378032181263,2,3434,4.895879525225241,0.3128025691592671,20.69068717956543
0.05844999849796295,0.29247674684111763,0.0869000032544136,0.47039273381233215,-0.06231203302741051,-0.47373199462890625,0.24334999918937683,0.08765000104904175,0.2810469279705124,2,2726,4.870608534267327,0.5224978515499842,9.900940895080566
0.03970000147819519,0.4987523973225911,0.05764999985694885,0.7480006217956543,-0.035124752670526505,-0.6679625511169434,0.2896000146865845,0.041749998927116394,0.4471943435992447,2,2910,4.888057551833505,0.4336846189949145,22.974355697631836
0.20059999823570251,0.2580336113615602,0.20100000500679016,0.20443646609783173,0.0,-0.19976110756397247,0.3013499975204468,0.19904999434947968,0.15338865054329437,2,3312,4.883845720007186,0.455613276918858,12.202262878417969
0.22550000250339508,0.0975490213720869,0.23499999940395355,0.07964280992746353,0.008047662675380707,-0.11521085351705551,0.2962000072002411,0.2524999976158142,0.06250597318166119,2,2697,4.24411473010232,0.6722071173081655,4.631393909454346
0.034949999302625656,0.6368713916060107,0.06544999778270721,0.8172540664672852,-0.009172073565423489,-0.7080080509185791,0.3828499913215637,0.03849999979138374,0.5606175636593127,2,2910,4.881427195913767,0.6170996611471151,10.46524429321289
0.06094999983906746,0.38260566772238014,0.09239999949932098,0.5448709726333618,0.03282276168465614,-0.5227273106575012,0.2948000133037567,0.08685000240802765,0.3537968703962042,2,2854,4.896180370355691,0.6925178284861035,12.42230224609375
0.04244999960064888,0.3619085760006485,0.05900000035762787,0.620583176612854,0.04591334983706474,-0.6002709865570068,0.2362000048160553,0.05530000105500221,0.3428300740730317,2,3345,4.889260932355311,0.25575929322738034,18.859874725341797
0.03200000151991844,0.36401487779595165,0.04490000009536743,0.6798791885375977,0.022091563791036606,-0.6641735434532166,0.2224999964237213,0.042399998754262924,0.35318342032585126,2,3537,4.826985990351878,0.3813346467590424,20.29535675048828
0.01940000057220459,0.37561836674145166,0.03229999914765358,0.8130625486373901,0.010195152834057808,-0.7175338864326477,0.196399986743927,0.020250000059604645,0.36869459972364493,2,3444,4.852858671570695,0.48528201412190997,18.473581314086914
0.05350000038743019,0.38248795916181333,0.07729999721050262,0.574618399143219,0.0013593622716143727,-0.5655472874641418,0.27854999899864197,0.07524999976158142,0.35716795420285696,2,3348,4.878731352789513,0.5079493437875408,12.678054809570312
0.07124999910593033,0.29139524121658983,0.10135000199079514,0.4270227253437042,0.011678117327392101,-0.45393314957618713,0.2698499858379364,0.1083500012755394,0.2758483038013224,2,2536,4.880536423572222,0.13304925292358827,9.195145606994629
0.07665000110864639,0.2558113319370508,0.09984999895095825,0.38230758905410767,0.008176839910447598,-0.4234156310558319,0.24650000035762787,0.11015000194311142,0.238749777706734,2,3014,4.888659242094407,0.0951997632665722,20.92414665222168
0.05979999899864197,0.32361380005183543,0.09220000356435776,0.47409579157829285,0.05041339993476868,-0.5317419767379761,0.30160000920295715,0.10760000348091125,0.32006159758408453,2,2843,4.895277834964338,0.3768007564733544,14.372123718261719
0.07039999961853027,0.47503565836118966,0.10719999670982361,0.5842105150222778,-0.08530645817518234,-0.5422715544700623,0.3612000048160553,0.09480000287294388,0.41799163148611906,2,2885,4.886252481050796,0.46068715748866007,22.048871994018555
0.029650000855326653,0.4856408049183607,0.051100000739097595,0.790093183517456,-0.006628116127103567,-0.6853932738304138,0.2737500071525574,0.032099999487400055,0.4498045647590157,2,3145,4.893171919051178,0.23481209279726134,24.198549270629883
0.06644999980926514,0.3846224564793903,0.0940999984741211,0.530322253704071,-0.023814629763364792,-0.5243270397186279,0.3015500009059906,0.09255000203847885,0.35063191731220517,2,2765,4.888358396963956,0.4883663115024942,14.362751960754395
0.043150000274181366,0.2768970422407308,0.06340000033378601,0.5120823979377747,0.0,-0.5408292412757874,0.21274998784065247,0.06864999979734421,0.2766188705970384,2,3648,4.879032197919964,0.4770086796374654,12.911154747009277
0.05350000038743019,0.39385726427458934,0.08709999918937683,0.5736842155456543,-0.012839516624808311,-0.5488215684890747,0.29899999499320984,0.08100000023841858,0.3715909021637163,2,2850,4.895578680094789,0.0600233236687302,10.38524341583252
0.029850000515580177,0.3094233615170097,0.04349999874830246,0.6402361989021301,0.027813827618956566,-0.6343770027160645,0.1944500058889389,0.042649999260902405,0.30891332024311513,2,3555,4.839621485830836,0.05469778081504462,9.891790390014648
0.042899999767541885,0.4161947844482184,0.057999998331069946,0.6877490878105164,-0.05870049446821213,-0.6152570247650146,0.2434999942779541,0.045049998909235,0.3774966655568982,2,3344,4.854062052092502,0.503808727630957,17.19620704650879
0.04839999973773956,0.6237088241029418,0.08389999717473984,0.7414923310279846,0.015425221994519234,-0.6659034490585327,0.4183500111103058,0.06210000067949295,0.5450303526140252,2,2624,4.900993892442914,0.6074959061336986,30.274667739868164
0.03869999945163727,0.5167609007881199,0.05959999933838844,0.7570580840110779,-0.0399487167596817,-0.6716253757476807,0.3034000098705292,0.04194999858736992,0.4639202850901377,2,2888,4.895879525225242,0.6479521981049751,30.731903076171875
0.04255000129342079,0.4941023738225081,0.0674000009894371,0.699999988079071,-0.04752076417207718,-0.6547130942344666,0.3230000138282776,0.05700000002980232,0.45340910728901507,2,3117,4.886553326181248,0.004928169402473537,15.014652252197266
0.04190000146627426,0.27022594280832585,0.06589999794960022,0.5344687700271606,0.09608814120292664,-0.4833398759365082,0.1891999989748001,0.05739999935030937,0.26480042844930063,2,3226,4.882040649224479,0.034413927397049404,37.96223068237305
0.06255000084638596,0.23907882028473504,0.08449999988079071,0.39745181798934937,0.01542595587670803,-0.4536932408809662,0.22484999895095825,0.096950002014637,0.23345095543813915,2,2815,4.903400653486525,0.6009422669461965,8.349533081054688
0.022600000724196434,0.33178175708317803,0.03545000031590462,0.7276264429092407,0.0037390966899693012,-0.6836939454078674,0.18870000541210175,0.029750000685453415,0.3318602617669097,2,3510,4.846240078700766,0.6908627975976773,14.358379364013672
0.04639999940991402,0.4352952399277527,0.06665000319480896,0.6573951244354248,-0.07118947803974152,-0.6171740293502808,0.28154999017715454,0.05820000171661377,0.39895800646008595,2,2947,4.898286286268851,0.4724416029862508,19.001672744750977
0.03610000014305115,0.4694344664557653,0.0572500005364418,0.7396078109741211,-0.00455651618540287,-0.6576980352401733,0.2772499918937683,0.04150000214576721,0.4319083813085511,2,3030,4.885951635920346,0.40187335903099375,4.9830121994018555
0.04010000079870224,0.6397018353715298,0.07784999907016754,0.7916760444641113,-0.03442933410406113,-0.6729335188865662,0.39819997549057007,0.046300001442432404,0.5588670978968686,2,2985,4.900993892442914,0.4011813959375269,22.042461395263672
0.030400000512599945,0.368333056391997,0.04755000025033951,0.705475389957428,0.016994716599583626,-0.638746440410614,0.21570000052452087,0.03725000098347664,0.3555016917132222,2,3181,4.844196140639185,0.41561998657403576,14.643086433410645
0.03880000114440918,0.5067964999306656,0.062449999153614044,0.7326745986938477,0.0031508090905845165,-0.6696640849113464,0.31564998626708984,0.048700001090765,0.46326717605273116,2,3408,4.870608534267326,0.4589285133643871,18.468915939331055
0.04414999857544899,0.4944719146897445,0.0729999989271164,0.6929665207862854,-0.01552918553352356,-0.6342227458953857,0.32615000009536743,0.05914999917149544,0.4523890226109468,2,2993,4.906108259660587,0.4578810842208074,31.34347152709961
0.03020000085234642,0.24692627667673536,0.04365000128746033,0.5659754872322083,-0.009901918470859528,-0.5838894248008728,0.16615000367164612,0.04605000093579292,0.2529486140667432,2,2575,4.900993892442914,0.6988734396813766,26.557859420776367
0.02355000004172325,0.32719206116745,0.03660000115633011,0.7039328217506409,0.0034119957126677036,-0.6809067130088806,0.19280000030994415,0.03350000083446503,0.32899628092621824,2,2961,4.900993892442914,0.02499075271745088,18.86031723022461
0.3515999913215637,0.271749759493636,0.3411499857902527,0.11172138154506683,0.0,-0.09760617464780807,0.41495001316070557,0.3315500020980835,0.10036102291419607,2,3879,4.8841465651376375,0.5788203448620726,0.0
0.06509999930858612,0.4077253479762304,0.09664999693632126,0.5640546083450317,-0.04344746470451355,-0.5031487345695496,0.2924000024795532,0.08149999380111694,0.36199795670447904,2,2827,4.89106600313802,0.12777551831446832,40.52841567993164
0.1225999966263771,0.10053125906483239,0.14810000360012054,0.13450296223163605,0.04498773440718651,-0.26005497574806213,0.25220000743865967,0.1923999935388565,0.09496085195519688,2,2837,4.885650790789895,0.19700616441384122,4.633122444152832
0.04399999976158142,0.31760812339472594,0.07159999758005142,0.5197517275810242,0.0,-0.5799354910850525,0.26930001378059387,0.08510000258684158,0.323384844917659,2,3039,4.892871073920727,0.5533584341115723,11.044599533081055
0.03245000168681145,0.5144041180516331,0.05685000121593475,0.7603546380996704,-0.042658738791942596,-0.6964357495307922,0.31770002841949463,0.04324999824166298,0.4781636941963527,2,3076,4.900993892442914,0.6074405805449353,16.933788299560547
0.038350000977516174,0.6430299028798508,0.057999998331069946,0.818071722984314,0.017826013267040253,-0.7322562336921692,0.3752500116825104,0.03754999861121178,0.5549408565891114,2,3186,4.894976989833887,0.04609284314835338,32.70560836791992
0.04794999957084656,0.596587252834211,0.07670000195503235,0.743719756603241,-0.019075078889727592,-0.6628571152687073,0.3783000111579895,0.05559999868273735,0.5183103261723181,2,3008,4.903701498616976,0.6870238571838629,14.645628929138184
0.050999999046325684,0.2636711035293957,0.06705000251531601,0.4720670282840729,-0.0041562821716070175,-0.5173654556274414,0.21079999208450317,0.07559999823570251,0.2578840199255662,2,3550,4.8534603618315995,0.46664524660089923,20.69137191772461
0.04309999942779541,0.46248832719147154,0.06939999759197235,0.6772602796554565,-0.01570521853864193,-0.6303595304489136,0.3061000108718872,0.05889999866485596,0.4286705366733249,2,3292,4.892871073920727,0.16052984189174346,16.7640323638916
0.06714999675750732,0.5932160059432159,0.10040000081062317,0.6614217758178711,-0.023278607055544853,-0.6271815896034241,0.4381999969482422,0.0892999991774559,0.5093430643596382,2,2787,4.893171919051179,0.40735830739762213,9.385884284973145
0.06265000253915787,0.4326486943724855,0.09515000134706497,0.5738207697868347,-0.04808889701962471,-0.5562033653259277,0.33364999294281006,0.09035000205039978,0.3949675198226569,2,2820,4.88264233948538,0.0693025917036535,16.920547485351562
0.037050001323223114,0.40111605457225036,0.05465000122785568,0.6570100784301758,0.0033304342068731785,-0.6606116890907288,0.26739999651908875,0.05534999817609787,0.3865998171562761,2,2918,4.885349945659443,0.18361557109287774,10.458216667175293
0.03959999978542328,0.4222945974173491,0.060100000351667404,0.6844816207885742,0.29002702236175537,-0.6263599395751953,0.26159998774528503,0.04899999871850014,0.39341227345853735,2,3211,4.892871073920727,0.4825916197841853,31.80349349975586
0.032249998301267624,0.5135760958129744,0.05559999868273735,0.7703788876533508,-0.021333223208785057,-0.694505512714386,0.3084000051021576,0.03999999910593033,0.4745403194217745,2,2796,4.903701498616976,0.6799214500984606,22.09669303894043
0.07850000262260437,0.278874962445453,0.10814999788999557,0.3872700333595276,0.0014105179579928517,-0.4745536148548126,0.3034999966621399,0.13404999673366547,0.2711055428330707,2,2878,4.893472764181629,0.6323766131068077,8.497926712036133
0.05220000073313713,0.571879230872178,0.08190000057220459,0.7019795775413513,-0.10915955156087875,-0.6537730097770691,0.3912000060081482,0.06849999725818634,0.5043763795743261,2,2661,4.893171919051179,0.2101579454071415,23.29800033569336
0.0544000007212162,0.5598276441758518,0.08510000258684158,0.6997910737991333,-0.0308353453874588,-0.6227418780326843,0.36605000495910645,0.06464999914169312,0.4857634111250688,2,3068,4.886252481050797,0.08235158573502266,24.07744789123535
0.05525000020861626,0.19293259296407517,0.07275000214576721,0.3782050907611847,0.060946229845285416,-0.40551578998565674,0.171999990940094,0.07760000228881836,0.18890072606186875,2,3242,4.908515020704197,0.541523416454056,26.17825698852539
0.024150000885128975,0.3363346868073056,0.036249998956918716,0.7293095588684082,0.008831877261400223,-0.6782782673835754,0.1890999972820282,0.029600000008940697,0.3328927185354779,2,3372,4.868201773223716,0.11901307099279146,20.275835037231445
0.051100000739097595,0.29713890006329896,0.061900001019239426,0.534075915813446,0.0,-0.5329183340072632,0.20315000414848328,0.0617000013589859,0.2774073382446672,2,4093,4.867299237832361,0.37425871065421223,40.38808059692383
0.03620000183582306,0.5021434226104927,0.05869999900460243,0.7524087429046631,-0.013914261944591999,-0.672798216342926,0.3000999987125397,0.042399998754262924,0.45881305768507913,2,3069,4.887455861572603,0.5175442931821893,13.692280769348145
0.08664999902248383,0.46980760245359715,0.10719999670982361,0.5566117763519287,0.0,-0.49730363488197327,0.31929999589920044,0.09095000475645065,0.3762977055395822,2,3663,4.908515020704197,0.20214061153952656,14.780739784240723
0.05009999871253967,0.49100518292020884,0.08299999684095383,0.661545991897583,0.010508676059544086,-0.6082133650779724,0.3407000005245209,0.06939999759197235,0.4471486707406113,2,3027,4.872413605050035,0.4735709941941517,35.193721771240234
0.053599998354911804,0.37480567165312784,0.07500000298023224,0.5629691481590271,-0.07562018185853958,-0.5787699818611145,0.28110000491142273,0.07859999686479568,0.35332093921410423,2,2947,4.870909379397778,0.13058392608932923,24.382770538330078
0.05530000105500221,0.420782744591694,0.08100000023841858,0.6024929285049438,-0.06417375802993774,-0.5699495673179626,0.2957000136375427,0.07334999740123749,0.3837811634750382,2,2823,4.883244029746283,0.3641411168665526,21.369609832763672
0.12460000067949295,0.07529227953614459,0.15584999322891235,0.10189872980117798,0.010132013820111752,-0.2525179982185364,0.2611500024795532,0.21285000443458557,0.07438398003403524,2,2843,4.873316140441389,0.23540446196510378,6.537855625152588
0.4855000078678131,0.24335609536042221,0.45794999599456787,0.052405934780836105,0.0,-0.03482796996831894,0.4909999966621399,0.44210001826286316,0.051182727538212784,2,3974,4.883845720007185,0.034105412444287,29.08800506591797
0.028300000354647636,0.5772213451981267,0.05570000037550926,0.8235294222831726,-0.0024374208878725767,-0.7169715762138367,0.3379000127315521,0.03269999846816063,0.5258442631584913,2,2268,4.908515020704197,0.2100099047081767,54.51674270629883
0.03579999879002571,0.4424258507832895,0.06159999966621399,0.6978761553764343,0.006686838809400797,-0.6433120965957642,0.28380000591278076,0.05050000175833702,0.4194534376291369,2,3000,4.582076157594777,0.3277237371281846,56.25008773803711
0.04610000178217888,0.48963266422728857,0.07209999859333038,0.6867755651473999,-0.07299782335758209,-0.6323773264884949,0.3201500177383423,0.059450000524520874,0.4445771006155995,2,3212,4.893171919051178,0.6185212216867338,9.891606330871582
0.05979999899864197,0.14901067137174986,0.0783500000834465,0.2980456054210663,-0.0010578803485259414,-0.3409043252468109,0.15940000116825104,0.08619999885559082,0.14726395314576085,2,2492,4.903701498616976,0.04963540015991519,7.437923431396484
0.02329999953508377,0.3471242226079022,0.035750001668930054,0.7577596306800842,0.022697102278470993,-0.680874764919281,0.1882999986410141,0.025949999690055847,0.3409520461959573,2,3552,4.826372537041168,0.6922991520826827,12.187901496887207
0.09130000323057175,0.0430986255418761,0.12449999898672104,0.0745980367064476,0.006795675028115511,-0.1460905373096466,0.1670999974012375,0.14390000700950623,0.04290996966502098,2,2484,4.885951635920345,0.05533899758635097,11.069517135620117
0.02914999984204769,0.43108758936715225,0.045099999755620956,0.7453170418739319,-0.019696004688739777,-0.6983277797698975,0.2538999915122986,0.037050001323223114,0.4112459551551627,2,2962,4.8979854411384,0.026015934378738725,27.722383499145508
0.06494999676942825,0.3677973911859215,0.09354999661445618,0.5166454911231995,-0.010472717694938183,-0.5226432085037231,0.29840001463890076,0.09510000050067902,0.3412982832011416,2,3033,4.89587952522524,0.2183892802663292,17.78093147277832
0.026499999687075615,0.41295223558383254,0.04064999893307686,0.7485507130622864,-0.025833172723650932,-0.7116510272026062,0.24130000174045563,0.034699998795986176,0.39935567551865087,2,2971,4.891366848268469,0.46004023059607535,30.406728744506836
0.11079999804496765,0.20727146415040393,0.1334500014781952,0.2678592801094055,-0.03511105850338936,-0.33441394567489624,0.267549991607666,0.15449999272823334,0.18391085212292946,2,2775,4.898286286268852,0.046232602833762404,24.424381256103516
0.06925000250339508,0.32331154078433155,0.10090000182390213,0.45802468061447144,0.03827160224318504,-0.4905969798564911,0.2952499985694885,0.10975000262260437,0.3074585564130465,2,2409,4.885951635920346,0.28153790894265307,3.3416106700897217
0.05460000038146973,0.4830934575848581,0.09115000069141388,0.6283027529716492,-0.06830137968063354,-0.5991203784942627,0.3636000156402588,0.08300000429153442,0.4446439976342007,2,2933,4.893171919051178,0.6604974239577994,29.215091705322266
0.046799998730421066,0.2269459672180792,0.06279999762773514,0.4484119117259979,0.05653568357229233,-0.49015629291534424,0.18355000019073486,0.06989999860525131,0.22625921116284364,2,3787,4.84961135298731,0.11626299990093059,33.660789489746094
0.07045000046491623,0.32643404666426296,0.10785000026226044,0.45352110266685486,0.008472645655274391,-0.4832914173603058,0.30959999561309814,0.11640000343322754,0.31295895093765314,2,2860,4.885650790789894,0.5360723872209542,12.187832832336426
0.04749999940395355,0.25917750134451273,0.06310000270605087,0.4951190948486328,0.02256632223725319,-0.504223108291626,0.19144999980926514,0.06464999914169312,0.25155402891846146,2,2570,4.89377360931208,0.290414476559798,20.166780471801758
0.05119999870657921,0.35640475412652883,0.07720000296831131,0.575670063495636,-0.16712534427642822,-0.5214628577232361,0.2454500049352646,0.06610000133514404,0.3314952908897417,2,2966,4.895277834964338,0.48896673783210653,19.55799102783203
0.03720000013709068,0.4558615009618662,0.05869999900460243,0.7068529725074768,-0.012486619874835014,-0.6604483127593994,0.2870500087738037,0.049300000071525574,0.42640641989802364,2,2799,4.900392202182011,0.360044417396011,8.246609687805176
0.054749999195337296,0.5918748937133561,0.09255000203847885,0.7173327207565308,-0.02581363543868065,-0.61031574010849,0.3824499845504761,0.062950000166893,0.5069282677412441,2,3093,4.903701498616976,0.31357610654156876,16.271066665649414
0.04755000025033951,0.32077979596614625,0.06650000065565109,0.5193687081336975,0.09528177976608276,-0.5984905958175659,0.26475000381469727,0.08375000208616257,0.3199764298228238,2,2995,4.895277834964338,0.6831771389281046,14.142837524414062
0.04884999990463257,0.4224961126189569,0.07339999824762344,0.6309847235679626,-0.0351390615105629,-0.5907443761825562,0.28529998660087585,0.0645499974489212,0.38962756950352506,2,2974,4.900392202182011,0.4324963255153401,10.70093822479248
0.02384999953210354,0.32251286658880984,0.03709999844431877,0.7139534950256348,-0.007554660551249981,-0.66478431224823,0.18424999713897705,0.03074999898672104,0.32202796989652815,2,3386,4.854062052092501,0.08544456680427404,25.690364837646484
0.03044999949634075,0.3966574250740198,0.04560000076889992,0.7116245627403259,-0.003902031807228923,-0.6794376373291016,0.23890000581741333,0.04024999961256981,0.38243599721574056,2,2798,4.902798963225622,0.21653639607018416,5.397106647491455
0.05389999970793724,0.5509040396409387,0.08269999921321869,0.6880775094032288,-0.07312704622745514,-0.6382327079772949,0.37450000643730164,0.06920000165700912,0.48527074625676225,2,3143,4.888659242094407,0.22093548103653438,12.264082908630371
0.3528999984264374,0.9065640624547034,0.3138499855995178,0.2025728076696396,0.0,-0.1287994682788849,0.40665000677108765,0.26965001225471497,0.17470032172978422,2,3293,4.901294737573365,0.36254862828859047,23.85943031311035
0.02484999969601631,0.4008153432012593,0.037950001657009125,0.7644070982933044,-0.012347782030701637,-0.712227463722229,0.22579999268054962,0.030150000005960464,0.38822010959868725,2,2801,4.910921781747808,0.2468040379454366,1.3122605085372925
0.04450000077486038,0.4340399217715586,0.0714000016450882,0.6433433294296265,0.48386403918266296,-0.6173633337020874,0.301800012588501,0.06549999862909317,0.40868213577156853,2,2967,4.900392202182011,0.5615756961555906,45.82357406616211
0.05144999921321869,0.3419876424011785,0.0729999989271164,0.5473363995552063,0.009552991949021816,-0.55372154712677,0.25415000319480896,0.07434999942779541,0.3255280685537586,2,3063,4.900693047312462,0.3342963565128978,17.19574546813965
0.059300001710653305,0.49419315486372173,0.09269999712705612,0.6250551342964172,-0.06047945097088814,-0.5979180335998535,0.3684000074863434,0.08500000089406967,0.44587791708807367,2,3097,4.893472764181629,0.5227192692144991,25.915279388427734
0.04735000059008598,0.3052334372082668,0.06549999862909317,0.539462149143219,-0.027637435123324394,-0.539462149143219,0.21895000338554382,0.06549999862909317,0.29342215124423077,2,3086,4.903701498616975,0.5302790027400314,27.324630737304688
0.05090000107884407,0.5076198390395822,0.07890000194311142,0.6773874163627625,0.22318224608898163,-0.6223976612091064,0.33899998664855957,0.06520000100135803,0.4542136519358309,2,3072,4.878731352789513,0.2705414946204274,26.709272384643555
0.03514999896287918,0.44808700057007317,0.05649999901652336,0.7177646160125732,-0.024170879274606705,-0.6592279672622681,0.2750999927520752,0.04519999772310257,0.42039497323862773,2,2845,4.895879525225241,0.17037263003199288,17.093353271484375
0.037700001150369644,0.4255777511991762,0.057100001722574234,0.6898412704467773,-2.2085121599957347e-05,-0.6467130780220032,0.26614999771118164,0.04884999990463257,0.39993864743969526,2,3421,4.872714450180485,0.15332368584589706,9.37447452545166
0.09155000001192093,0.21177912570232982,0.1282999962568283,0.2987654507160187,0.053172606974840164,-0.34423717856407166,0.2630000114440918,0.1420000046491623,0.2005524938838144,2,2850,4.890464312877116,0.2245751141071154,3.3416008949279785
0.040300000458955765,0.4503326503166426,0.0632999986410141,0.6900412440299988,0.02110186032950878,-0.6383890509605408,0.28679999709129333,0.05260000005364418,0.41851321986103784,2,3228,4.883845720007186,0.5311085472087538,37.74467468261719
0.041749998927116394,0.43777128573669444,0.0628499984741211,0.6717031002044678,-0.033679328858852386,-0.6385334730148315,0.2849000096321106,0.05595000088214874,0.40842600800457374,2,3244,4.882642339485381,0.02345023755648501,23.844104766845703
0.045099999755620956,0.6215245204831786,0.07590000331401825,0.7608575820922852,-0.017440317198634148,-0.6799156665802002,0.3983500003814697,0.054099999368190765,0.5421544455411215,2,2856,4.876023746615451,0.6341486410127526,11.58462905883789
0.054249998182058334,0.26320567336419637,0.07175000011920929,0.4695934057235718,-0.007386323064565659,-0.4799782633781433,0.20419999957084656,0.07369999587535858,0.25163903675169624,2,3348,4.8715110696586805,0.1304190731188588,17.663423538208008
0.051100000739097595,0.3647199251538997,0.07074999809265137,0.5837838053703308,0.04413843899965286,-0.5575360059738159,0.24905000627040863,0.06544999778270721,0.33812156090989104,2,3475,4.836913879656774,0.5846912328844625,24.382770538330078
0.050850000232458115,0.14646866858862978,0.06795000284910202,0.30755141377449036,-0.015563790686428547,-0.4053817689418793,0.16060000658035278,0.08505000174045563,0.15198150069769567,2,2862,4.903400653486525,0.22450512449241333,11.335616111755371
0.027149999514222145,0.3687346571676619,0.03894999995827675,0.737051784992218,0.006846521981060505,-0.6833977103233337,0.2071000039577484,0.03135000169277191,0.3569977674591937,2,3446,4.842028246874447,0.538711739315491,13.853362083435059
0.04834999889135361,0.5810504365719564,0.07689999788999557,0.7319563627243042,-0.035091690719127655,-0.65826016664505,0.3731499910354614,0.057750001549720764,0.5082178407959541,2,3115,4.898286286268851,0.12142763607482343,18.952621459960938
0.047850001603364944,0.5798867787815367,0.0775500014424324,0.7314226627349854,-0.013833624310791492,-0.6569343209266663,0.3745500147342682,0.05810000002384186,0.5089529990397845,2,3250,4.893171919051178,0.5916180865652126,22.846359252929688
0.033799998462200165,0.4433223188902457,0.05525000020861626,0.7304290533065796,-0.013177675195038319,-0.6540387868881226,0.2641499936580658,0.04114999994635582,0.4153731444481764,2,3291,4.843821554607347,0.396741869333726,26.22562599182129
0.03959999978542328,0.3862185270675005,0.06719999760389328,0.6300153136253357,-0.06958945095539093,-0.5967596769332886,0.2660999894142151,0.06040000170469284,0.37332121582550937,2,2991,4.891066003138018,0.5774967110659585,22.558780670166016
0.04280000180006027,0.5867616275323073,0.06830000132322311,0.7640421986579895,0.025570262223482132,-0.6807665228843689,0.3596000075340271,0.04809999838471413,0.5147625985206818,2,3222,4.908214175573746,0.6061882272476644,5.547544956207275
0.029650000855326653,0.39881407723219975,0.04104999825358391,0.736221969127655,-0.015176900662481785,-0.6953052878379822,0.22840000689029694,0.034699998795986176,0.38074958717915897,2,3517,4.841426556613545,0.05115953165401965,22.45015525817871
0.03815000131726265,0.324377658216303,0.055149998515844345,0.5882146954536438,-0.024328887462615967,-0.6082401275634766,0.2264000028371811,0.05869999900460243,0.32040505051426726,2,2782,4.893171919051178,0.5328036848548375,18.458053588867188
0.03310000151395798,0.4635002769191929,0.05065000057220459,0.7603594660758972,-0.009763077832758427,-0.6785147786140442,0.2644500136375427,0.035999998450279236,0.4281029640902778,2,3449,4.900993892442913,0.5492011732841693,19.77020263671875
0.04560000076889992,0.5118568946649215,0.07415000349283218,0.7044220566749573,-0.045197825878858566,-0.6326479911804199,0.32954999804496765,0.05714999884366989,0.4608097442603956,2,2846,4.892871073920727,0.68304164262391,15.431344032287598
0.03584999963641167,0.38428249550800775,0.05065000057220459,0.6650213003158569,0.014102653600275517,-0.656842827796936,0.24455000460147858,0.04919999837875366,0.36916536470411193,2,3067,4.898286286268851,0.5371071769434905,15.82405948638916
0.04594999924302101,0.4166426950730102,0.06755000352859497,0.6381791234016418,0.030430976301431656,-0.6100447177886963,0.27889999747276306,0.06159999966621399,0.3878048754543037,2,3056,4.905506569399684,0.12428761227877827,16.281841278076172
0.03994999825954437,0.5770491758600207,0.07150000333786011,0.7476463913917542,-0.02255944348871708,-0.6836633086204529,0.38054999709129333,0.05494999885559082,0.5220737567820195,2,3490,4.894074454442533,0.007852438932947847,14.948935508728027
0.05874999985098839,0.3984370479784819,0.0848499983549118,0.5645957589149475,-0.03734859824180603,-0.560134768486023,0.30094999074935913,0.08375000208616257,0.36826041102428914,2,2709,4.885951635920346,0.5737694239468949,17.45541763305664
0.05745000019669533,0.45481287055166464,0.09605000168085098,0.6001826524734497,-0.01160976942628622,-0.5697166323661804,0.35040000081062317,0.08754999935626984,0.42035823030158875,2,3025,4.895879525225241,0.38949333692733557,47.98051834106445
0.0820000022649765,0.11001730069396863,0.10445000231266022,0.19253124296665192,0.0028819353319704533,-0.23675554990768433,0.1692499965429306,0.11460000276565552,0.1045799460843537,2,2795,4.876023746615451,0.031125889546575802,8.740405082702637
0.030799999833106995,0.5083353186108595,0.050450000911951065,0.7913392186164856,-0.004372537136077881,-0.7041489481925964,0.2906000018119812,0.03384999930858612,0.4671296054723057,2,3168,4.882943184615833,0.28018097474032966,34.52506637573242
0.041600000113248825,0.3399699389782471,0.06539999693632126,0.5782747268676758,-0.05412999913096428,-0.5813060402870178,0.24699999392032623,0.06599999964237213,0.3339483315703042,2,2959,4.878731352789512,0.4510101622713354,18.16802978515625
0.044199999421834946,0.4463410050494546,0.06689999997615814,0.6633496880531311,-0.013672423548996449,-0.632013201713562,0.29670000076293945,0.06004999950528145,0.4143274021305582,2,3007,4.89587952522524,0.5046442926845992,22.239871978759766
0.06594999879598618,0.29820804520347705,0.09539999812841415,0.4483417570590973,-0.01411985233426094,-0.47102856636047363,0.2653000056743622,0.1010499969124794,0.2843827695586899,2,2963,4.891066003138018,0.3848417562298526,2.7802884578704834
0.0551999993622303,0.3784491993799017,0.07644999772310257,0.5583186745643616,-0.05015266686677933,-0.5807512998580933,0.28824999928474426,0.08169999718666077,0.3561411625999232,2,3101,4.883244029746282,0.5217718143947239,11.187150001525879
0.04610000178217888,0.4890991925883415,0.07235000282526016,0.6718884706497192,-0.053146228194236755,-0.6481031179428101,0.3388499915599823,0.06650000065565109,0.45123431807485526,2,3505,4.893773609312081,0.3283654310443809,9.770172119140625
0.03539999946951866,0.3946211634886284,0.04899999871850014,0.6841011643409729,-0.04470054805278778,-0.6644984483718872,0.24310000240802765,0.04560000076889992,0.3756181073480158,2,2792,4.896481215486142,0.45775808614595137,8.299323081970215
0.06194999814033508,0.526077890677294,0.08590000122785568,0.6466666460037231,-0.016042232513427734,-0.6235758066177368,0.37049999833106995,0.07950000464916229,0.4594736727931823,2,3295,4.903400653486525,0.010036631218796721,33.59797668457031
0.03590000048279762,0.38699510597484804,0.05609999969601631,0.6621171832084656,0.0052771964110434055,-0.6330335140228271,0.2496500015258789,0.0507499985396862,0.3727511300035602,2,2696,4.891066003138018,0.39419186489125,5.393943786621094
0.03310000151395798,0.3826163755277552,0.050050001591444016,0.7003195881843567,-0.013857793062925339,-0.6375158429145813,0.22609999775886536,0.03985000029206276,0.36474312541434095,2,3054,4.86218487061469,0.1294193845660827,34.8813362121582
0.043699998408555984,0.49076897976067485,0.07590000331401825,0.6810945272445679,-0.008343436755239964,-0.6331561207771301,0.3379000127315521,0.0640999972820282,0.45532152839787937,2,2599,4.890765158007567,0.5588150788030195,15.50546932220459
0.06424999982118607,0.22272090419559934,0.09085000306367874,0.3733542263507843,-0.0446682907640934,-0.41368183493614197,0.21905000507831573,0.09995000064373016,0.21813187472981413,2,2542,4.890765158007567,0.4407642321030457,5.920500755310059
0.02810000069439411,0.4250653861324418,0.04809999838471413,0.7532976865768433,0.0,-0.6727891564369202,0.2459000051021576,0.03460000082850456,0.40608584753635046,2,2923,4.890464312877116,0.578277708463437,21.49848747253418
0.06485000252723694,0.4866927900647678,0.09830000251531601,0.6067999005317688,-0.05018981918692589,-0.5746430158615112,0.36390000581741333,0.08904999494552612,0.4326302701902095,2,3026,4.908214175573746,0.5720851021991777,9.199454307556152
0.05400000140070915,0.36160116613761384,0.07644999772310257,0.5669084787368774,0.00045762810623273253,-0.5370174050331116,0.25380000472068787,0.07015000283718109,0.3343346080446666,2,2940,4.888960087224858,0.6566944860099011,16.771188735961914
0.06885000318288803,0.5119557628340253,0.10499999672174454,0.60920250415802,-0.13302575051784515,-0.5757147073745728,0.3899500072002411,0.09470000118017197,0.4497791146709683,2,2949,4.910921781747808,0.44757784062220174,19.71668815612793
0.03505000099539757,0.5058212593844731,0.05660000070929527,0.7430459856987,-0.010621314868330956,-0.6965554356575012,0.31644999980926514,0.0466499999165535,0.46889120607997764,2,2864,4.903701498616975,0.5566287730640614,7.934046268463135
0.049550000578165054,0.5096376150874913,0.07289999723434448,0.6781303286552429,-0.019773809239268303,-0.652319073677063,0.34645000100135803,0.06644999980926514,0.4600722986254727,2,3341,4.896481215486142,0.09094959231314514,26.21332550048828
0.05050000175833702,0.3176913398175127,0.07370000332593918,0.5190064907073975,-0.08050362765789032,-0.5456926822662354,0.25075000524520874,0.07940000295639038,0.30961272166946713,2,3074,4.903400653486524,0.5332062304524636,2.0752151012420654
0.04365000128746033,0.42641142640898716,0.06334999948740005,0.6404525637626648,0.04344654828310013,-0.6486411690711975,0.29725000262260437,0.06515000015497208,0.4036989825836545,2,2860,4.892570228790276,0.6891265840256401,8.49278736114502
0.05270000174641609,0.6870281519107606,0.08540000021457672,0.7561851143836975,-0.096690833568573,-0.6896520256996155,0.46494999527931213,0.0645499974489212,0.5833899961028288,2,2966,4.89377360931208,0.3190062738411965,29.881921768188477
0.051600001752376556,0.45666086423078855,0.07930000126361847,0.6324269771575928,-0.060081496834754944,-0.6069392561912537,0.32420000433921814,0.0729999989271164,0.4199732576308287,2,2884,4.896481215486143,0.08211588086981769,17.712682723999023
0.019999999552965164,0.38581669810899455,0.03240000084042549,0.8024852871894836,-0.003011538414284587,-0.7289837002754211,0.20669999718666077,0.02264999970793724,0.37852196804490046,2,3126,4.877527972267709,0.34674874231302466,20.71425437927246
0.04839999973773956,0.49634591446339826,0.07500000298023224,0.6870389580726624,0.4185723066329956,-0.6204453110694885,0.32019999623298645,0.05939999967813492,0.4447476087435156,2,3057,4.873015295310936,0.3123969568655772,29.171981811523438
0.0617000013589859,0.2450634092310629,0.08735000342130661,0.4057881832122803,-0.010151693597435951,-0.44653889536857605,0.22830000519752502,0.09650000184774399,0.23969447543157069,2,2532,4.86489247678875,0.013279974028093555,11.469107627868652
0.07055000215768814,0.24438677293944014,0.11060000211000443,0.36435040831565857,0.05618325248360634,-0.4369351863861084,0.28224998712539673,0.1315000057220459,0.2474691916553366,2,2848,4.903400653486525,0.12915824578640245,6.533961296081543
0.07615000009536743,0.3203495346854754,0.09435000270605087,0.46470409631729126,-0.03632679954171181,-0.4419636130332947,0.24379999935626984,0.08910000324249268,0.2786048666666321,2,2588,4.892871073920727,0.3602042040146449,7.87579345703125
0.03660000115633011,0.37639126931527067,0.058150000870227814,0.6607142686843872,-0.0066368477419018745,-0.6061632037162781,0.23714999854564667,0.04845000058412552,0.36029785801403125,2,3121,4.880536423572221,0.2468224229050513,30.130821228027344
0.03139999881386757,0.5334263546089849,0.048650000244379044,0.8008555769920349,-0.0048212758265435696,-0.7250247597694397,0.3052000105381012,0.03375000134110451,0.485338825949169,2,2780,4.900693047312462,0.6625455219126103,22.096694946289062
0.034049998968839645,0.3791574331114684,0.04964999854564667,0.7075862288475037,-0.062120139598846436,-0.6271123290061951,0.21665000915527344,0.03710000216960907,0.3573134413691062,2,3096,4.896481215486142,0.17685430498977517,2.9308133125305176
0.05525000020861626,0.4082656149925691,0.0758500024676323,0.6032553315162659,0.0,-0.5686051249504089,0.2757999897003174,0.06825000047683716,0.3688466174496104,2,4137,4.865193321919202,0.47693283825551924,4.71882438659668
0.027799999341368675,0.3230546228947184,0.03815000131726265,0.6772234439849854,0.008031481876969337,-0.6703391671180725,0.19329999387264252,0.03720000013709068,0.3205338706685984,2,2768,4.893171919051179,0.13194831971726662,2.0735692977905273
0.07460000365972519,0.2373429869868417,0.10679999738931656,0.36838996410369873,-0.003988122567534447,-0.36879435181617737,0.23160000145435333,0.10689999908208847,0.223076927177972,2,2759,4.887756706703053,0.4922048102756029,21.27810287475586
0.043299999088048935,0.44978728204610235,0.07074999809265137,0.6657920479774475,0.027943523600697517,-0.6199301481246948,0.3015500009059906,0.060499999672174454,0.4194362294625843,2,3152,4.8922693836598246,0.4369405465845426,22.042020797729492
0.07015000283718109,0.2238020427977422,0.09155000001192093,0.3585798740386963,0.09009503573179245,-0.4298614263534546,0.2295999974012375,0.10840000212192535,0.21694509907209508,2,2851,4.876324591745902,0.05721129725901719,19.315378189086914
0.10525000095367432,0.2675288915059971,0.13279999792575836,0.3373337984085083,-0.010243820957839489,-0.36299318075180054,0.28415000438690186,0.14079999923706055,0.2324720329556106,2,2790,4.896481215486143,0.18801624485883217,17.185348510742188
0.042500000447034836,0.45852616846313654,0.06430000066757202,0.684751570224762,-0.0798211321234703,-0.6420818567276001,0.29500001668930054,0.0551999993622303,0.4230769456593422,2,3032,4.905807414530135,0.13081772278288684,11.469351768493652
0.05909999832510948,0.6710980616254978,0.09350000321865082,0.7395182847976685,-0.0017317157471552491,-0.6486613154411316,0.4387499988079071,0.065700002014637,0.5570959178970274,2,2646,4.89557868009479,0.568021740818032,28.740869522094727
0.10074999928474426,0.13998847669588202,0.12594999372959137,0.20716486871242523,0.03547253832221031,-0.24012069404125214,0.20555000007152557,0.13500000536441803,0.12589969826456207,2,2497,4.881138113833123,0.6812719791183763,13.908761024475098
0.05389999970793724,0.4152788239493238,0.08320000022649765,0.5881308317184448,0.1399664729833603,-0.5801160931587219,0.31310001015663147,0.0812000036239624,0.38896344005239447,2,3072,4.89587952522524,0.08145945159165091,18.16191864013672
0.03229999914765358,0.300949565285484,0.041749998927116394,0.6426460146903992,0.0,-0.6245503425598145,0.180649995803833,0.03930000215768814,0.2944996056247635,2,3937,4.827888525743232,0.3375519353537473,13.06218147277832
0.04089999943971634,0.48286755782938956,0.05795000120997429,0.7255487442016602,-0.021957682445645332,-0.6658497452735901,0.2888999879360199,0.04595000296831131,0.43651551946093725,2,2983,4.898587131399302,0.1299947008418355,24.871225357055664
0.06615000218153,0.4660330629016969,0.10540000349283218,0.5741636157035828,-0.02445928007364273,-0.5749571323394775,0.39054998755455017,0.10565000027418137,0.42898011056192065,2,2672,4.891366848268469,0.05621361266436098,13.063002586364746
0.043049998581409454,0.36988060665679723,0.061000000685453415,0.6086407899856567,-0.1716964989900589,-0.6139851212501526,0.25505000352859497,0.062049999833106995,0.354301804371772,2,2989,4.895578680094789,0.315355864748307,11.896081924438477
0.057999998331069946,0.42990078272159393,0.08164999634027481,0.6144098043441772,0.0,-0.5527253150939941,0.28345000743865967,0.06769999861717224,0.38022089047721,2,3304,4.88234149435493,0.3231223136687106,43.88432312011719
0.03610000014305115,0.35631864905689203,0.0531499981880188,0.6428571343421936,-0.0019081978825852275,-0.6230496764183044,0.22885000705718994,0.04975000023841858,0.34504239366923045,2,3510,4.787637256114329,0.4453258449178882,15.42222785949707
0.04520000144839287,0.2312161559347528,0.0608999989926815,0.4544753432273865,-0.004343613516539335,-0.5116279125213623,0.18850000202655792,0.07069999724626541,0.23274500439895351,2,3819,4.821269932873303,0.226538672224312,25.19993782043457
0.06880000233650208,0.2986749245145615,0.10284999758005142,0.43710407614707947,-0.010370939038693905,-0.4597505033016205,0.27790001034736633,0.10885000228881836,0.28595997572526516,2,2865,4.901294737573364,0.31288672054735767,18.79900550842285
0.04749999940395355,0.4410285083065715,0.07450000196695328,0.6423338055610657,-0.10752343386411667,-0.6048793196678162,0.3025999963283539,0.06589999794960022,0.40880829004876257,2,3007,4.905506569399684,0.3873611196132959,21.521358489990234
0.06909999996423721,0.28388100452232434,0.08865000307559967,0.4371257424354553,0.03183285519480705,-0.46052029728889465,0.23999999463558197,0.09399999678134918,0.2625899269006914,2,2640,4.895578680094789,0.28409331178069486,6.729317665100098
0.05485000088810921,0.20357386255604087,0.06554999947547913,0.39615845680236816,-0.10470959544181824,-0.45375001430511475,0.17445001006126404,0.07545000314712524,0.19802641386264602,2,3370,4.877828817398159,0.26006924740397575,30.575410842895508
0.03590000048279762,0.570247298846904,0.05779999867081642,0.787838876247406,0.6193316578865051,-0.7091091871261597,0.33959999680519104,0.040300000458955765,0.5102284304071634,2,2951,4.88023557844177,0.18335198217243065,33.64577865600586
0.05270000174641609,0.3818365067709383,0.07970000058412552,0.5600466728210449,0.009821769781410694,-0.5813525915145874,0.30105000734329224,0.08489999920129776,0.36596310154965095,2,2922,4.886854171311699,0.20625692818445818,10.096575736999512
0.07850000262260437,0.10243922928985896,0.10760000348091125,0.17752952873706818,0.038255032151937485,-0.2761520445346832,0.18970000743865967,0.13249999284744263,0.10435419831789053,2,3124,4.426005565323883,0.6718417857721252,13.922623634338379
0.05660000070929527,0.5411009040235336,0.08579999953508377,0.677152693271637,-0.05900589004158974,-0.6195122003555298,0.3651999831199646,0.07029999792575836,0.472848729827702,2,3089,4.89557868009479,0.37405044543680355,3.343468427658081
0.0677499994635582,0.3885200592009979,0.10445000231266022,0.5150022506713867,-0.07086580991744995,-0.5281761288642883,0.3382999897003174,0.10830000042915344,0.3644622728757463,2,2690,4.875722901485,0.5594317264142226,24.629375457763672
0.040950000286102295,0.3653942554952843,0.05694999918341637,0.6315151453018188,-0.03362082317471504,-0.6105983257293701,0.23555000126361847,0.053199999034404755,0.3467828884189809,2,2925,4.903701498616975,0.373828567213603,7.02952766418457
0.031449999660253525,0.43197667817188806,0.04794999957084656,0.7363760471343994,-0.015712181106209755,-0.6833416223526001,0.2549000084400177,0.03869999945163727,0.4086441661513255,2,3059,4.87602374661545,0.0850714739446703,4.724579811096191
0.08550000190734863,0.34290224519246787,0.11230000108480453,0.4460422694683075,-0.09850724786520004,-0.45412564277648926,0.2991499900817871,0.11460000276565552,0.3029548379109157,2,2770,4.895578680094789,0.4962975837525795,18.27239227294922
0.052650000900030136,0.5426418565108155,0.08744999766349792,0.6828804612159729,-0.09063468873500824,-0.6228165030479431,0.3762499988079071,0.07090000063180923,0.48358232332269446,2,3008,4.900993892442913,0.5396852898638554,10.46247673034668
0.06279999762773514,0.39230306173681395,0.0917000025510788,0.5402102470397949,-0.04421175271272659,-0.5491088032722473,0.31505000591278076,0.09404999762773514,0.36464636578652754,2,3010,4.908214175573746,0.13741787868212862,12.963349342346191
0.038600001484155655,0.40484124798542237,0.055649999529123306,0.7035544514656067,0.0229185838252306,-0.6136758327484131,0.23245000839233398,0.040449999272823334,0.37262260424771004,2,3212,4.874820366093645,0.19715367060454292,38.0636100769043
0.04755000025033951,0.3552408356965113,0.0681999996304512,0.5829065442085266,-0.029291018843650818,-0.5676018595695496,0.2472500056028366,0.06515000015497208,0.3362260047216541,2,3278,4.869405153745522,0.07181560760918992,20.879709243774414
0.032600000500679016,0.3856688236208116,0.05115000158548355,0.694847583770752,-0.022566748782992363,-0.640674352645874,0.23354999721050262,0.04205000028014183,0.3703584274431436,2,2804,4.866697547571458,0.2862112248402383,23.571413040161133
0.07805000245571136,0.17020503923058633,0.1043500006198883,0.2700730264186859,-0.01822543889284134,-0.3768289089202881,0.23055000603199005,0.13249999284744263,0.17041309306271998,2,2515,4.887455861572603,0.3598526682315706,1.8566689491271973
0.04659999907016754,0.4583300414989865,0.06750000268220901,0.6790412068367004,0.10728653520345688,-0.6193966865539551,0.287200003862381,0.05490000173449516,0.41378696220866207,2,3434,4.888057551833505,0.48070989237279693,25.28764533996582
0.04975000023841858,0.34138015693150603,0.07280000299215317,0.5486885905265808,0.00615777587518096,-0.5583194494247437,0.256850004196167,0.07485000044107437,0.32824336192196135,2,3463,4.864279023478039,0.15292205376173307,12.71971321105957
0.04735000059008598,0.4421856858990781,0.0746999979019165,0.641486644744873,-0.054581642150878906,-0.6074103116989136,0.30584999918937683,0.06679999828338623,0.4109035723341965,2,3318,4.897985441138401,0.08338951877801881,18.127716064453125
0.07734999805688858,0.21172458574580832,0.1059499979019165,0.3273213803768158,-0.01777665875852108,-0.37941133975982666,0.23549999296665192,0.11935000121593475,0.2038076724708536,2,2504,4.882642339485381,0.5226234264971459,22.048742294311523
0.02775000035762787,0.431163360357145,0.040950000286102295,0.7713866829872131,0.03439454361796379,-0.7102935910224915,0.24175000190734863,0.031199999153614044,0.40859693860805457,2,2959,4.857371348527467,0.5532950486288344,7.029437065124512
0.05950000137090683,0.40268458955291714,0.07859999686479568,0.5596626400947571,0.02751554548740387,-0.5999491214752197,0.3143500089645386,0.08874999731779099,0.37470935125243465,2,3146,4.89557868009479,0.08864309062835296,24.22370147705078
0.0478999987244606,0.6932168845113522,0.08500000089406967,0.7803000211715698,-0.03837781026959419,-0.6828062534332275,0.4509499967098236,0.055649999529123306,0.5890621875487231,2,3169,4.898587131399302,0.07431083798403748,33.72597122192383
0.06785000115633011,0.2680597692972274,0.11065000295639038,0.3961399495601654,0.0601113885641098,-0.4467499852180481,0.2893500030040741,0.12514999508857727,0.2693275149119155,2,2843,4.906108259660586,0.6735001196347282,5.8521037101745605
0.04704999923706055,0.3622331146320209,0.06015000119805336,0.6013311147689819,0.004380496684461832,-0.5999999642372131,0.24059998989105225,0.05990000069141388,0.33860085819892893,2,3415,4.875121211224097,0.6988216959689344,36.20452880859375
0.035750001668930054,0.4328616635238344,0.05389999970793724,0.7073484063148499,-0.004854410886764526,-0.6624393463134766,0.26545000076293945,0.045500002801418304,0.40683765397640637,2,2769,4.900993892442914,0.31957105427117427,28.34537696838379
0.3405500054359436,0.23390137797035834,0.33454999327659607,0.10533106327056885,0.0,-0.09757906198501587,0.40689998865127563,0.32934999465942383,0.09409503948081546,2,3480,4.847732541303215,0.48943617637869263,22.408634185791016
0.038600001484155655,0.42366873853702935,0.052799999713897705,0.6992480754852295,-0.02978414110839367,-0.656082034111023,0.2542499899864197,0.04500000178813934,0.39271189931516925,2,3081,4.898286286268851,0.5001175661164499,35.69905471801758
0.04390000179409981,0.5180089278491857,0.07779999822378159,0.707893431186676,0.5490313172340393,-0.6273053884506226,0.33970001339912415,0.05810000002384186,0.4704834191887286,2,2950,4.885650790789894,0.2569607012155788,36.495094299316406
0.04605000093579292,0.6082211091227054,0.08060000091791153,0.7422126531600952,0.006330838892608881,-0.6683809757232666,0.40549999475479126,0.05999999865889549,0.5367685113196988,2,2675,4.897684596007949,0.6844679691786395,9.891674995422363
0.031599998474121094,0.3953556568418182,0.04450000077486038,0.7335410714149475,0.0033162650652229786,-0.6666666865348816,0.2224999964237213,0.03420000150799751,0.3732654858538439,2,2790,4.906108259660587,0.2806361250571887,20.649803161621094
0.07225000113248825,0.4296212863045704,0.10589999705553055,0.5490561723709106,-0.07484623789787292,-0.5167142152786255,0.3323500156402588,0.09674999862909317,0.3803681197816617,2,3068,4.905506569399684,0.5961192459998781,11.477567672729492
0.026149999350309372,0.38756888443726667,0.04075000062584877,0.7496505975723267,-0.004317642655223608,-0.6863574981689453,0.2190999984741211,0.03135000169277191,0.3752748285820415,2,3429,4.8330028929609075,0.2512374814822198,9.06753921508789
0.09139999747276306,0.1861214086638165,0.11540000140666962,0.27148669958114624,-0.008870000950992107,-0.35467633605003357,0.242249995470047,0.1387999951839447,0.1761250803872878,2,2576,4.897684596007949,0.46675090695548227,1.3122576475143433
0.06655000150203705,0.47983529176637807,0.07819999754428864,0.6396113038063049,0.0,-0.5715655088424683,0.2868499755859375,0.06305000185966492,0.3949876097165743,2,3387,4.860680644962431,0.6437383251509321,42.50929641723633
0.030899999663233757,0.40374550352322597,0.05079999938607216,0.7033509016036987,-0.016935985535383224,-0.6626266241073608,0.2503499984741211,0.04360000044107437,0.39061023675710793,2,3273,4.879633888180867,0.5796709116619602,16.58938217163086
0.04114999994635582,0.5653526452039381,0.06949999928474426,0.7535368800163269,-0.03580758348107338,-0.6712005138397217,0.35325002670288086,0.04964999854564667,0.5043748250095577,2,3111,4.862848538727169,0.08318089875803414,4.141732692718506
0.05745000019669533,0.5703272033650587,0.08995000272989273,0.6870410442352295,-0.029223468154668808,-0.6255983114242554,0.39054998755455017,0.07244999706745148,0.4954828591382997,2,3181,4.898286286268851,0.30134478470411385,28.56100845336914
0.04365000128746033,0.45492304582281395,0.06639999896287918,0.6810294985771179,-0.015957018360495567,-0.6280633211135864,0.29065001010894775,0.055149998515844345,0.41765194347067147,2,3408,4.898286286268851,0.07251540674041201,24.724653244018555
0.03685000166296959,0.29524502358694465,0.048500001430511475,0.5810998678207397,-0.004168331157416105,-0.6082391142845154,0.19910000264644623,0.05274999886751175,0.2919797901527653,2,3266,4.898587131399302,0.36832426186193445,6.660518169403076
0.06270000338554382,0.6578994638875604,0.09380000084638596,0.7208570837974548,-0.0046780905686318874,-0.6470366716384888,0.4377000033855438,0.07100000232458115,0.5453058376897785,2,3185,4.875121211224096,0.27066314674824243,32.00204086303711
0.044599998742341995,0.5500324308375986,0.07490000128746033,0.7192652225494385,-0.05251393839716911,-0.6594680547714233,0.36500000953674316,0.05959999933838844,0.4954575069222167,2,3103,4.895879525225241,0.6207555061162564,17.702394485473633
0.047449998557567596,0.3380287019608261,0.06424999982118607,0.5614426732063293,-0.0157724991440773,-0.5839404463768005,0.24459999799728394,0.06870000064373016,0.3244190292280973,2,3164,4.885349945659443,0.1875801890263803,16.08565902709961
0.028449999168515205,0.3883077845904378,0.041349999606609344,0.7304581999778748,-0.06215202808380127,-0.689156174659729,0.22470000386238098,0.03500000014901161,0.37455575104325906,2,3060,4.828540430805907,0.3963522446207677,36.1806526184082
0.025849999859929085,0.2568662661116503,0.04230000078678131,0.6219108700752258,0.0,-0.580044686794281,0.15915000438690186,0.03709999844431877,0.2629443564372297,2,4060,4.875422056354548,0.07890377696107853,7.882933616638184
0.381850004196167,0.22090829271530987,0.37220001220703125,0.08613207191228867,0.0,-0.0814412459731102,0.4381999969482422,0.3687000274658203,0.07976888229868416,2,3614,4.811318517468793,0.019128745199048836,26.320051193237305
0.08100000023841858,0.4550008468208874,0.09709999710321426,0.5650596022605896,-0.02230510674417019,-0.5132831931114197,0.3018999993801117,0.08389999717473984,0.36915782860675245,2,2768,4.908515020704198,0.6479322836393356,1.8543341159820557
0.04259999841451645,0.5190438552475156,0.07095000147819519,0.704858124256134,-0.07213298976421356,-0.6629453897476196,0.3500500023365021,0.060600001364946365,0.4767748308269655,2,3319,4.881138113833123,0.2724649135523747,8.690330505371094
0.03994999825954437,0.6487401772571723,0.06989999860525131,0.7958004474639893,-0.003266003215685487,-0.7050632834434509,0.4041000008583069,0.04595000296831131,0.5654702327994892,2,3032,4.885951635920346,0.30293586826136587,5.394078254699707
0.021400000900030136,0.40834484792965786,0.02995000034570694,0.8105131983757019,-0.0018806944135576487,-0.7582728266716003,0.217849999666214,0.02280000038444996,0.39502463903683593,2,2905,4.903099808356073,0.3369989147793875,11.07825756072998
0.03824999928474426,0.21247862570173848,0.04845000058412552,0.4871794879436493,0.08853081613779068,-0.5206529498100281,0.15369999408721924,0.05299999937415123,0.21373990868426218,2,3774,4.835170786725644,0.5500496859663965,32.238529205322266
0.06589999794960022,0.28654837405439915,0.08889999985694885,0.4406633973121643,-0.013523238711059093,-0.47828635573387146,0.25189998745918274,0.09780000150203705,0.27203716834021074,2,2816,4.900693047312462,0.22177221498099242,10.137451171875
0.024450000375509262,0.4728243115995279,0.04365000128746033,0.7911372184753418,-0.02336699515581131,-0.7259026765823364,0.2748500108718872,0.0320499986410141,0.4513570628982457,2,3033,4.89347276418163,0.5529105470046046,41.60575866699219
0.030400000512599945,0.4199071897408334,0.042399998754262924,0.7592137455940247,-0.00994922500103712,-0.6917484402656555,0.23270000517368317,0.031849998980760574,0.39405533667164105,2,3430,4.877828817398158,0.14001760169963506,23.633230209350586
0.03824999928474426,0.5264675851789892,0.06199999898672104,0.7536471486091614,-0.021949676796793938,-0.6741558313369751,0.3185499906539917,0.044749997556209564,0.4757326482746037,2,3142,4.889862622616214,0.2984041682603802,28.88813018798828
0.022749999538064003,0.43770453464967135,0.03305000066757202,0.8117961287498474,0.00979305524379015,-0.7555021047592163,0.23729999363422394,0.024650000035762787,0.4186298222293117,2,2966,4.876926282006805,0.5089863793555554,6.47280216217041
0.05869999900460243,0.3772503607142363,0.08335000276565552,0.5482137799263,-0.009969504550099373,-0.5513389706611633,0.2881999909877777,0.08410000056028366,0.350968690367542,2,3308,4.877828817398161,0.35058213751866985,14.67053508758545
0.031449999660253525,0.38536969438620344,0.047850001603364944,0.703061580657959,-0.00559118390083313,-0.6566200256347656,0.2308499962091446,0.04024999961256981,0.3707690266425121,2,2917,4.89587952522524,0.26071581463486193,10.46212100982666
0.050200000405311584,0.6928040865264475,0.08980000019073486,0.7747899293899536,-0.010334053076803684,-0.6665428876876831,0.4487999975681305,0.056950002908706665,0.5844146077160975,2,3061,4.897684596007948,0.5827567715439289,35.25392532348633
0.040800001472234726,0.417134118605273,0.066600002348423,0.6502477526664734,0.39822158217430115,-0.6191020607948303,0.2831000089645386,0.05999999865889549,0.39692801854170323,2,3140,4.881138113833125,0.3024084740051064,40.98836898803711
0.10350000113248825,0.29293548058688856,0.11819999665021896,0.36905375123023987,0.0,-0.387326717376709,0.2676500082015991,0.12334999442100525,0.24292931541389823,2,3351,4.867299237832362,0.41835368542707696,28.433263778686523
0.07095000147819519,0.4242165215808136,0.10085000097751617,0.5409762859344482,-0.12756681442260742,-0.5490722060203552,0.34645000100135803,0.10320000350475311,0.3842204965129965,2,3052,4.900392202182011,0.6434321428766985,32.63938903808594
0.06594999879598618,0.311667944759216,0.09290000051259995,0.4545685052871704,-0.045555587857961655,-0.5103439092636108,0.28654998540878296,0.10745000094175339,0.30050333423070885,2,2886,4.874820366093645,0.2458836961071188,5.922169208526611
0.035349998623132706,0.3412812527404725,0.04975000023841858,0.6562374234199524,-0.0031476577278226614,-0.6116315126419067,0.20645000040531158,0.04285000264644623,0.3275056661401709,2,3337,4.863689096266945,0.039614856064566495,15.631998062133789
0.033149998635053635,0.3600264495088254,0.04360000044107437,0.6650629043579102,0.0005419240333139896,-0.6752932667732239,0.22495000064373016,0.045249998569488525,0.349974037115964,2,2866,4.89557868009479,0.23751762968486612,20.858623504638672
0.05754999816417694,0.5667877557547295,0.0729999989271164,0.7247511744499207,0.0,-0.633073627948761,0.3249000012874603,0.05184999853372574,0.46715141626933,2,3662,4.906108259660586,0.4893104403941162,14.372962951660156
0.04190000146627426,0.3349873580662648,0.059300001710653305,0.6052389144897461,-0.010488105937838554,-0.5716091990470886,0.21755000948905945,0.05350000038743019,0.31914274106793844,2,3343,4.879333043050416,0.4515457433147131,13.455507278442383
0.06904999911785126,0.34384701087718006,0.09525000303983688,0.48851335048675537,-0.002788708545267582,-0.4948289692401886,0.28185001015663147,0.09685000032186508,0.315807455835851,2,2805,4.900392202182011,0.2296890662583556,9.202383995056152
